{
    "0x7eb8388043351494eee5e94e5af3ea8b24adde43a20d3917f7c2c37da2379312": [
        [
            [
                "0x4591dbff62656e7859afe5e45f6f47d3669fbb28",
                "0x70a08231",
                "complete",
                24517,
                24651,
                "staticcall",
                {
                    "0x4591dbff62656e7859afe5e45f6f47d3669fbb28": [
                        [
                            "sload",
                            "0x5f7a27efc2562b90cf56b8ee3e4df7b6f368bc3d298be64dea91f166b3d28429",
                            "0x129e258d3bb984f8dabe1d",
                            2165,
                            24631
                        ]
                    ]
                }
            ],
            [
                "0x4591dbff62656e7859afe5e45f6f47d3669fbb28",
                "0xa9059cbb",
                "complete",
                24708,
                25081,
                "call",
                {
                    "0x4591dbff62656e7859afe5e45f6f47d3669fbb28": [
                        [
                            "sload",
                            "0xff8ff17c7ecb01008f8ff5b05abe2a5b1c529fb4a007e5e5d80a3c77c0d87180",
                            "0x0",
                            11318,
                            24888
                        ],
                        [
                            "sload",
                            "0x5f7a27efc2562b90cf56b8ee3e4df7b6f368bc3d298be64dea91f166b3d28429",
                            "0x129e258d3bb984f8dabe1d",
                            10850,
                            24973
                        ],
                        [
                            "sstore",
                            "0x5f7a27efc2562b90cf56b8ee3e4df7b6f368bc3d298be64dea91f166b3d28429",
                            "0x127e17627fccd18c0cceba",
                            10976,
                            25004
                        ],
                        [
                            "sload",
                            "0x1682a52fd14049e3305cd6a00101da53e1a6ccd517535b9b86765d8849a7a6c0",
                            "0x1",
                            10988,
                            25016
                        ],
                        [
                            "sstore",
                            "0x1682a52fd14049e3305cd6a00101da53e1a6ccd517535b9b86765d8849a7a6c0",
                            "0x200e2abbecb36ccdef64",
                            10992,
                            25020
                        ]
                    ]
                }
            ],
            [
                "0x4591dbff62656e7859afe5e45f6f47d3669fbb28",
                "0xa9059cbb",
                "complete",
                26207,
                26580,
                "call",
                {
                    "0x4591dbff62656e7859afe5e45f6f47d3669fbb28": [
                        [
                            "sload",
                            "0xf625a9718e9ec073d7385bd4cce79e6e58662ba96d4f5d47295ada768125aa8d",
                            "0x0",
                            11318,
                            26387
                        ],
                        [
                            "sload",
                            "0x1682a52fd14049e3305cd6a00101da53e1a6ccd517535b9b86765d8849a7a6c0",
                            "0x200e2abbecb36ccdef64",
                            10850,
                            26472
                        ],
                        [
                            "sstore",
                            "0x1682a52fd14049e3305cd6a00101da53e1a6ccd517535b9b86765d8849a7a6c0",
                            "0x1",
                            10976,
                            26503
                        ],
                        [
                            "sload",
                            "0x30e32e143cebc583e7e4dedea1816bef714451710f0fae1ee493b0100a2b6f95",
                            "0x1",
                            10988,
                            26515
                        ],
                        [
                            "sstore",
                            "0x30e32e143cebc583e7e4dedea1816bef714451710f0fae1ee493b0100a2b6f95",
                            "0x200e2abbecb36ccdef64",
                            10992,
                            26519
                        ]
                    ]
                }
            ],
            [
                "0x4591dbff62656e7859afe5e45f6f47d3669fbb28",
                "0x70a08231",
                "complete",
                26825,
                26959,
                "staticcall",
                {
                    "0x4591dbff62656e7859afe5e45f6f47d3669fbb28": [
                        [
                            "sload",
                            "0x30e32e143cebc583e7e4dedea1816bef714451710f0fae1ee493b0100a2b6f95",
                            "0x200e2abbecb36ccdef64",
                            2165,
                            26939
                        ]
                    ]
                }
            ],
            [
                "0x4591dbff62656e7859afe5e45f6f47d3669fbb28",
                "0xa9059cbb",
                "complete",
                27270,
                27643,
                "call",
                {
                    "0x4591dbff62656e7859afe5e45f6f47d3669fbb28": [
                        [
                            "sload",
                            "0xad828cd62b842ad7c4f3da43cb99c15817ad05600a4162348aac7ab0c2f2ea92",
                            "0x0",
                            11318,
                            27450
                        ],
                        [
                            "sload",
                            "0x30e32e143cebc583e7e4dedea1816bef714451710f0fae1ee493b0100a2b6f95",
                            "0x200e2abbecb36ccdef64",
                            10850,
                            27535
                        ],
                        [
                            "sstore",
                            "0x30e32e143cebc583e7e4dedea1816bef714451710f0fae1ee493b0100a2b6f95",
                            "0x1",
                            10976,
                            27566
                        ],
                        [
                            "sload",
                            "0x83486d1ca1452be85798ac265bb4ceb4e1ea3e7dad22a864a6b73df25347c034",
                            "0x292500b8bcef647baf",
                            10988,
                            27578
                        ],
                        [
                            "sstore",
                            "0x83486d1ca1452be85798ac265bb4ceb4e1ea3e7dad22a864a6b73df25347c034",
                            "0x20374fbca5705c326b12",
                            10992,
                            27582
                        ]
                    ]
                }
            ],
            [
                "0x4591dbff62656e7859afe5e45f6f47d3669fbb28",
                "0xa9059cbb",
                "complete",
                28128,
                28501,
                "call",
                {
                    "0x4591dbff62656e7859afe5e45f6f47d3669fbb28": [
                        [
                            "sload",
                            "0x2417a9e930d6eb32255ff2b6b7f52c906fe83640a8b7c3f494d51072a427edd7",
                            "0x0",
                            11318,
                            28308
                        ],
                        [
                            "sload",
                            "0x83486d1ca1452be85798ac265bb4ceb4e1ea3e7dad22a864a6b73df25347c034",
                            "0x20374fbca5705c326b12",
                            10850,
                            28393
                        ],
                        [
                            "sstore",
                            "0x83486d1ca1452be85798ac265bb4ceb4e1ea3e7dad22a864a6b73df25347c034",
                            "0x292500b8bcef647baf",
                            10976,
                            28424
                        ],
                        [
                            "sload",
                            "0xb606ea2f50913080361dbbbc391dc97614db0a93b4b7ddff0e86eb10ce12eb9c",
                            "0x1",
                            10988,
                            28436
                        ],
                        [
                            "sstore",
                            "0xb606ea2f50913080361dbbbc391dc97614db0a93b4b7ddff0e86eb10ce12eb9c",
                            "0x200e2abbecb36ccdef64",
                            10992,
                            28440
                        ]
                    ]
                }
            ]
        ],
        []
    ]
}