{
    "0x54be50bc0bc8a188e7d30366d4630d0017e5a6de38cc0efbf4cfabb3acaa28a3": [
        [
            [
                "0x4591dbff62656e7859afe5e45f6f47d3669fbb28",
                "0x70a08231",
                "complete",
                14029,
                14163,
                "staticcall",
                {
                    "0x4591dbff62656e7859afe5e45f6f47d3669fbb28": [
                        [
                            "sload",
                            "0x5f7a27efc2562b90cf56b8ee3e4df7b6f368bc3d298be64dea91f166b3d28429",
                            "0xb1fbd10bc047eb288fc63",
                            2165,
                            14143
                        ]
                    ]
                }
            ],
            [
                "0x4591dbff62656e7859afe5e45f6f47d3669fbb28",
                "0xa9059cbb",
                "complete",
                14220,
                14593,
                "call",
                {
                    "0x4591dbff62656e7859afe5e45f6f47d3669fbb28": [
                        [
                            "sload",
                            "0x7998f3f3c777f60374d2dd5a7371c2db7c5eea73e4b95b152d8e1ca4933e6967",
                            "0x0",
                            11318,
                            14400
                        ],
                        [
                            "sload",
                            "0x5f7a27efc2562b90cf56b8ee3e4df7b6f368bc3d298be64dea91f166b3d28429",
                            "0xb1fbd10bc047eb288fc63",
                            10850,
                            14485
                        ],
                        [
                            "sstore",
                            "0x5f7a27efc2562b90cf56b8ee3e4df7b6f368bc3d298be64dea91f166b3d28429",
                            "0xad6839750a5aec5475608",
                            10976,
                            14516
                        ],
                        [
                            "sload",
                            "0x2a13d1a33968535739ec3d51ef7dc84f5980fb7f496029382bad2a9569db9efe",
                            "0x0",
                            10988,
                            14528
                        ],
                        [
                            "sstore",
                            "0x2a13d1a33968535739ec3d51ef7dc84f5980fb7f496029382bad2a9569db9efe",
                            "0x4939796b5ecfed41a65b",
                            10992,
                            14532
                        ]
                    ]
                }
            ],
            [
                "0x4591dbff62656e7859afe5e45f6f47d3669fbb28",
                "0x70a08231",
                "complete",
                16834,
                16968,
                "staticcall",
                {
                    "0x4591dbff62656e7859afe5e45f6f47d3669fbb28": [
                        [
                            "sload",
                            "0x5f7a27efc2562b90cf56b8ee3e4df7b6f368bc3d298be64dea91f166b3d28429",
                            "0xad6839750a5aec5475608",
                            2165,
                            16948
                        ]
                    ]
                }
            ],
            [
                "0x4591dbff62656e7859afe5e45f6f47d3669fbb28",
                "0xa9059cbb",
                "complete",
                17025,
                17398,
                "call",
                {
                    "0x4591dbff62656e7859afe5e45f6f47d3669fbb28": [
                        [
                            "sload",
                            "0xb28e12c6c8b344ee071a9b615c40da86cca88eda011f6da66ecd282fbc1049f5",
                            "0x0",
                            11318,
                            17205
                        ],
                        [
                            "sload",
                            "0x5f7a27efc2562b90cf56b8ee3e4df7b6f368bc3d298be64dea91f166b3d28429",
                            "0xad6839750a5aec5475608",
                            10850,
                            17290
                        ],
                        [
                            "sstore",
                            "0x5f7a27efc2562b90cf56b8ee3e4df7b6f368bc3d298be64dea91f166b3d28429",
                            "0xad6806480945c04441c87",
                            10976,
                            17321
                        ],
                        [
                            "sload",
                            "0x36b7ae221de9337db796735007aac77e06b9d39a6529eb08e9b87018d03fb98c",
                            "0x1971c6bd533de4aac7",
                            10988,
                            17333
                        ],
                        [
                            "sstore",
                            "0x36b7ae221de9337db796735007aac77e06b9d39a6529eb08e9b87018d03fb98c",
                            "0x1ca496cea5fee7e448",
                            10992,
                            17337
                        ]
                    ]
                }
            ],
            [
                "0x4591dbff62656e7859afe5e45f6f47d3669fbb28",
                "0x70a08231",
                "complete",
                18850,
                18984,
                "staticcall",
                {
                    "0x4591dbff62656e7859afe5e45f6f47d3669fbb28": [
                        [
                            "sload",
                            "0x2a13d1a33968535739ec3d51ef7dc84f5980fb7f496029382bad2a9569db9efe",
                            "0x4939796b5ecfed41a65b",
                            2165,
                            18964
                        ]
                    ]
                }
            ],
            [
                "0x4591dbff62656e7859afe5e45f6f47d3669fbb28",
                "0xa9059cbb",
                "complete",
                19314,
                19687,
                "call",
                {
                    "0x4591dbff62656e7859afe5e45f6f47d3669fbb28": [
                        [
                            "sload",
                            "0x44e148fed5f053c41102b3d26e86b6c435212884f5a05d78526d08c58e0b80c4",
                            "0x0",
                            11318,
                            19494
                        ],
                        [
                            "sload",
                            "0x2a13d1a33968535739ec3d51ef7dc84f5980fb7f496029382bad2a9569db9efe",
                            "0x4939796b5ecfed41a65b",
                            10850,
                            19579
                        ],
                        [
                            "sstore",
                            "0x2a13d1a33968535739ec3d51ef7dc84f5980fb7f496029382bad2a9569db9efe",
                            "0x0",
                            10976,
                            19610
                        ],
                        [
                            "sload",
                            "0x2aa2163ab892f315d08d2c9030820ff9cad902b3b14d537c856e1bb8898bc759",
                            "0x186f273de35450b80",
                            10988,
                            19622
                        ],
                        [
                            "sstore",
                            "0x2aa2163ab892f315d08d2c9030820ff9cad902b3b14d537c856e1bb8898bc759",
                            "0x493b005dd2ae2286b1db",
                            10992,
                            19626
                        ]
                    ]
                }
            ]
        ],
        []
    ]
}