{
    "0x00548824d2153c7f978bf268259b33e77bc9f21dabc0dbeb335c61fde1f93050": [
        [
            [
                "0xf2b223eb3d2b382ead8d85f3c1b7ef87c1d35f3a",
                "0x70a08231",
                "complete",
                459,
                560,
                "staticcall",
                {
                    "0xf2b223eb3d2b382ead8d85f3c1b7ef87c1d35f3a": [
                        [
                            "sload",
                            "0xf81a73492c380cf269031af6c1a2c60de67316de41ccfa2a549827180bdf0681",
                            "0x590f0a3c0b55fe6a8b5a4",
                            4907
                        ]
                    ]
                }
            ],
            [
                "0xf2b223eb3d2b382ead8d85f3c1b7ef87c1d35f3a",
                "0x77c7b8fc",
                "complete",
                635,
                1810,
                "staticcall",
                {
                    "0xf2b223eb3d2b382ead8d85f3c1b7ef87c1d35f3a": [
                        [
                            "sload",
                            "0x2",
                            "0x13ff78c2ba25a73eddc318",
                            1816
                        ],
                        [
                            "sload",
                            "0x2",
                            "0x13ff78c2ba25a73eddc318",
                            1816
                        ],
                        [
                            "sload",
                            "0x6",
                            "0xcf5f83f8fe0ab0f9e9c1db07e6606dd598b2bbf5",
                            1822
                        ],
                        [
                            "sload",
                            "0x6",
                            "0xcf5f83f8fe0ab0f9e9c1db07e6606dd598b2bbf5",
                            1856
                        ],
                        [
                            "sload",
                            "0x7",
                            "0xdf5e0e81dff6faf3a7e52ba697820c5e32d806a8",
                            7214
                        ],
                        [
                            "sload",
                            "0x8",
                            "0xde0b6b3a7640000",
                            4950
                        ]
                    ],
                    "0xcf5f83f8fe0ab0f9e9c1db07e6606dd598b2bbf5": [
                        [
                            "sload",
                            "0x4",
                            "0xdf5e0e81dff6faf3a7e52ba697820c5e32d806a8",
                            1139
                        ],
                        [
                            "sload",
                            "0x5",
                            "0xfa712ee4788c042e2b7bb55e6cb8ec569c4530c1",
                            1264
                        ]
                    ],
                    "0xdf5e0e81dff6faf3a7e52ba697820c5e32d806a8": [
                        [
                            "sload",
                            "0xd150c5da974f61dd5a25d75dab43f37b192897cef6a022d5fe71682e0090681c",
                            "0x0",
                            2253
                        ],
                        [
                            "sload",
                            "0x3dd3cbc875bf4acbed53d317c88a3ec8d004a06a427332d29c4a363634e9b739",
                            "0x6162ea507c92b41ab1fc5",
                            2253
                        ]
                    ],
                    "0xfa712ee4788c042e2b7bb55e6cb8ec569c4530c1": [
                        [
                            "sload",
                            "0x3d03b5fc85031121594d5fa0af7a03c705569058af53a1ad301b97fdadcad56",
                            "0xdfa69d2cea36090e636f3",
                            4840
                        ]
                    ]
                }
            ]
        ],
        []
    ]
}