{
    "0x0ac84d86ea8258a0face140a116a1e71f55767dfec58221f6b31e8a46034124b": [
        [
            [
                "0xf2b223eb3d2b382ead8d85f3c1b7ef87c1d35f3a",
                "0x70a08231",
                "complete",
                459,
                560,
                "staticcall",
                {
                    "0xf2b223eb3d2b382ead8d85f3c1b7ef87c1d35f3a": [
                        [
                            "sload",
                            "0xdf1455747ed195e9eba8bf2bc5166600f82442727a4b65c342b3361ce31a7702",
                            "0x33160d6dfd0333039d26c",
                            4907
                        ]
                    ]
                }
            ],
            [
                "0xf2b223eb3d2b382ead8d85f3c1b7ef87c1d35f3a",
                "0x77c7b8fc",
                "complete",
                635,
                1810,
                "staticcall",
                {
                    "0xf2b223eb3d2b382ead8d85f3c1b7ef87c1d35f3a": [
                        [
                            "sload",
                            "0x2",
                            "0xa7c308158c336a22de554",
                            1816
                        ],
                        [
                            "sload",
                            "0x2",
                            "0xa7c308158c336a22de554",
                            1816
                        ],
                        [
                            "sload",
                            "0x6",
                            "0xcf5f83f8fe0ab0f9e9c1db07e6606dd598b2bbf5",
                            1822
                        ],
                        [
                            "sload",
                            "0x6",
                            "0xcf5f83f8fe0ab0f9e9c1db07e6606dd598b2bbf5",
                            1856
                        ],
                        [
                            "sload",
                            "0x7",
                            "0xdf5e0e81dff6faf3a7e52ba697820c5e32d806a8",
                            7214
                        ],
                        [
                            "sload",
                            "0x8",
                            "0xde0b6b3a7640000",
                            4950
                        ]
                    ],
                    "0xcf5f83f8fe0ab0f9e9c1db07e6606dd598b2bbf5": [
                        [
                            "sload",
                            "0x4",
                            "0xdf5e0e81dff6faf3a7e52ba697820c5e32d806a8",
                            1139
                        ],
                        [
                            "sload",
                            "0x5",
                            "0xfa712ee4788c042e2b7bb55e6cb8ec569c4530c1",
                            1264
                        ]
                    ],
                    "0xdf5e0e81dff6faf3a7e52ba697820c5e32d806a8": [
                        [
                            "sload",
                            "0xd150c5da974f61dd5a25d75dab43f37b192897cef6a022d5fe71682e0090681c",
                            "0x0",
                            2253
                        ],
                        [
                            "sload",
                            "0x3dd3cbc875bf4acbed53d317c88a3ec8d004a06a427332d29c4a363634e9b739",
                            "0x35b6f3b452d619c0ebd4",
                            2253
                        ]
                    ],
                    "0xfa712ee4788c042e2b7bb55e6cb8ec569c4530c1": [
                        [
                            "sload",
                            "0x3d03b5fc85031121594d5fa0af7a03c705569058af53a1ad301b97fdadcad56",
                            "0xa482ee09d05ae5488d774",
                            4840
                        ]
                    ]
                }
            ]
        ],
        []
    ],
    "0xa56a60a601dea94022ad14cebeca439d0ace78e1513f73ba4319931ffb4f3c5f": [
        [
            [
                "0xf2b223eb3d2b382ead8d85f3c1b7ef87c1d35f3a",
                "0x70a08231",
                "complete",
                459,
                560,
                "staticcall",
                {
                    "0xf2b223eb3d2b382ead8d85f3c1b7ef87c1d35f3a": [
                        [
                            "sload",
                            "0xf81a73492c380cf269031af6c1a2c60de67316de41ccfa2a549827180bdf0681",
                            "0x2e0182e5bb76b1be2ee3b",
                            4907
                        ]
                    ]
                }
            ],
            [
                "0xf2b223eb3d2b382ead8d85f3c1b7ef87c1d35f3a",
                "0x77c7b8fc",
                "complete",
                635,
                1810,
                "staticcall",
                {
                    "0xf2b223eb3d2b382ead8d85f3c1b7ef87c1d35f3a": [
                        [
                            "sload",
                            "0x2",
                            "0xa7c308158c336a22de554",
                            1816
                        ],
                        [
                            "sload",
                            "0x2",
                            "0xa7c308158c336a22de554",
                            1816
                        ],
                        [
                            "sload",
                            "0x6",
                            "0xcf5f83f8fe0ab0f9e9c1db07e6606dd598b2bbf5",
                            1822
                        ],
                        [
                            "sload",
                            "0x6",
                            "0xcf5f83f8fe0ab0f9e9c1db07e6606dd598b2bbf5",
                            1856
                        ],
                        [
                            "sload",
                            "0x7",
                            "0xdf5e0e81dff6faf3a7e52ba697820c5e32d806a8",
                            7214
                        ],
                        [
                            "sload",
                            "0x8",
                            "0xde0b6b3a7640000",
                            4950
                        ]
                    ],
                    "0xcf5f83f8fe0ab0f9e9c1db07e6606dd598b2bbf5": [
                        [
                            "sload",
                            "0x4",
                            "0xdf5e0e81dff6faf3a7e52ba697820c5e32d806a8",
                            1139
                        ],
                        [
                            "sload",
                            "0x5",
                            "0xfa712ee4788c042e2b7bb55e6cb8ec569c4530c1",
                            1264
                        ]
                    ],
                    "0xdf5e0e81dff6faf3a7e52ba697820c5e32d806a8": [
                        [
                            "sload",
                            "0xd150c5da974f61dd5a25d75dab43f37b192897cef6a022d5fe71682e0090681c",
                            "0x0",
                            2253
                        ],
                        [
                            "sload",
                            "0x3dd3cbc875bf4acbed53d317c88a3ec8d004a06a427332d29c4a363634e9b739",
                            "0x35b6f3b452d619c0ebd4",
                            2253
                        ]
                    ],
                    "0xfa712ee4788c042e2b7bb55e6cb8ec569c4530c1": [
                        [
                            "sload",
                            "0x3d03b5fc85031121594d5fa0af7a03c705569058af53a1ad301b97fdadcad56",
                            "0xa482ee09d05ae5488d774",
                            4840
                        ]
                    ]
                }
            ]
        ],
        []
    ]
}