{
    "0xdcfc2ea4885c6ec922d67193929a16a31f369c9f05be62df28fac77329d1a318": [
        [
            [
                "0xc95cbe4ca30055c787cb784be99d6a8494d0d197",
                "0xf77c4791",
                "complete",
                399,
                486,
                "staticcall",
                {
                    "0xc95cbe4ca30055c787cb784be99d6a8494d0d197": [
                        [
                            "sload",
                            "0x1",
                            "0x222412af183bceadefd72e4cb1b71f1889953b1c",
                            735
                        ]
                    ]
                }
            ],
            [
                "0x222412af183bceadefd72e4cb1b71f1889953b1c",
                "0x0d453efb",
                "complete",
                588,
                697,
                "call",
                {
                    "0x222412af183bceadefd72e4cb1b71f1889953b1c": [
                        [
                            "sload",
                            "0x4eb5f2617d0f7ce959191fc3ce8e838a7d3b31b1e5d6f2228bfa3cbdbb0d09c",
                            "0x1",
                            2014
                        ]
                    ]
                }
            ],
            [
                "0xc95cbe4ca30055c787cb784be99d6a8494d0d197",
                "0xf77c4791",
                "complete",
                3500,
                3587,
                "staticcall",
                {
                    "0xc95cbe4ca30055c787cb784be99d6a8494d0d197": [
                        [
                            "sload",
                            "0x1",
                            "0x222412af183bceadefd72e4cb1b71f1889953b1c",
                            735
                        ]
                    ]
                }
            ],
            [
                "0x222412af183bceadefd72e4cb1b71f1889953b1c",
                "0x30e412ad",
                "complete",
                3674,
                3766,
                "call",
                {
                    "0x222412af183bceadefd72e4cb1b71f1889953b1c": [
                        [
                            "sload",
                            "0x9ce479ac9e08afced6597281a2f168099a0d426a5387d00f5f1717d1fb8c9c79",
                            "0x0",
                            2665
                        ]
                    ]
                }
            ],
            [
                "0xf2b223eb3d2b382ead8d85f3c1b7ef87c1d35f3a",
                "0x70a08231",
                "complete",
                50953,
                51054,
                "staticcall",
                {
                    "0xf2b223eb3d2b382ead8d85f3c1b7ef87c1d35f3a": [
                        [
                            "sload",
                            "0x93743f3b202f6781a034c69394527243dd63b218238fb0020ef4fdea054ae63c",
                            "0x46ab77c1d3b98561124ad",
                            4907
                        ]
                    ]
                }
            ],
            [
                "0xf2b223eb3d2b382ead8d85f3c1b7ef87c1d35f3a",
                "0x77c7b8fc",
                "complete",
                51129,
                52304,
                "staticcall",
                {
                    "0xf2b223eb3d2b382ead8d85f3c1b7ef87c1d35f3a": [
                        [
                            "sload",
                            "0x2",
                            "0xa7c308158c336a22de554",
                            1816
                        ],
                        [
                            "sload",
                            "0x2",
                            "0xa7c308158c336a22de554",
                            1816
                        ],
                        [
                            "sload",
                            "0x6",
                            "0xcf5f83f8fe0ab0f9e9c1db07e6606dd598b2bbf5",
                            1822
                        ],
                        [
                            "sload",
                            "0x6",
                            "0xcf5f83f8fe0ab0f9e9c1db07e6606dd598b2bbf5",
                            1856
                        ],
                        [
                            "sload",
                            "0x7",
                            "0xdf5e0e81dff6faf3a7e52ba697820c5e32d806a8",
                            7214
                        ],
                        [
                            "sload",
                            "0x8",
                            "0xde0b6b3a7640000",
                            4950
                        ]
                    ],
                    "0xcf5f83f8fe0ab0f9e9c1db07e6606dd598b2bbf5": [
                        [
                            "sload",
                            "0x4",
                            "0xdf5e0e81dff6faf3a7e52ba697820c5e32d806a8",
                            1139
                        ],
                        [
                            "sload",
                            "0x5",
                            "0xfa712ee4788c042e2b7bb55e6cb8ec569c4530c1",
                            1264
                        ]
                    ],
                    "0xdf5e0e81dff6faf3a7e52ba697820c5e32d806a8": [
                        [
                            "sload",
                            "0xd150c5da974f61dd5a25d75dab43f37b192897cef6a022d5fe71682e0090681c",
                            "0x0",
                            2253
                        ],
                        [
                            "sload",
                            "0x3dd3cbc875bf4acbed53d317c88a3ec8d004a06a427332d29c4a363634e9b739",
                            "0x35b6f3b452d619c0ebd4",
                            2253
                        ]
                    ],
                    "0xfa712ee4788c042e2b7bb55e6cb8ec569c4530c1": [
                        [
                            "sload",
                            "0x3d03b5fc85031121594d5fa0af7a03c705569058af53a1ad301b97fdadcad56",
                            "0xa482ee09d05ae5488d774",
                            4840
                        ]
                    ]
                }
            ]
        ],
        []
    ]
}