{
    "0xbbb8d2efcab4577efa40c2171fa337c8b887435b5c1a068a4198927cfa11eab9": [
        [
            [
                "0xc95cbe4ca30055c787cb784be99d6a8494d0d197",
                "0xf77c4791",
                "complete",
                399,
                486,
                "staticcall",
                {
                    "0xc95cbe4ca30055c787cb784be99d6a8494d0d197": [
                        [
                            "sload",
                            "0x1",
                            "0x222412af183bceadefd72e4cb1b71f1889953b1c",
                            735
                        ]
                    ]
                }
            ],
            [
                "0x222412af183bceadefd72e4cb1b71f1889953b1c",
                "0x0d453efb",
                "complete",
                588,
                697,
                "call",
                {
                    "0x222412af183bceadefd72e4cb1b71f1889953b1c": [
                        [
                            "sload",
                            "0x73ea46f639664de5913813e84b499fb3c57a0f98931a116550ea2e9b9afe46e1",
                            "0x1",
                            2014
                        ]
                    ]
                }
            ],
            [
                "0xc95cbe4ca30055c787cb784be99d6a8494d0d197",
                "0xf77c4791",
                "complete",
                3932,
                4019,
                "staticcall",
                {
                    "0xc95cbe4ca30055c787cb784be99d6a8494d0d197": [
                        [
                            "sload",
                            "0x1",
                            "0x222412af183bceadefd72e4cb1b71f1889953b1c",
                            735
                        ]
                    ]
                }
            ],
            [
                "0x222412af183bceadefd72e4cb1b71f1889953b1c",
                "0x30e412ad",
                "complete",
                4106,
                4198,
                "call",
                {
                    "0x222412af183bceadefd72e4cb1b71f1889953b1c": [
                        [
                            "sload",
                            "0x9ce479ac9e08afced6597281a2f168099a0d426a5387d00f5f1717d1fb8c9c79",
                            "0x0",
                            2665
                        ]
                    ]
                }
            ],
            [
                "0xf2b223eb3d2b382ead8d85f3c1b7ef87c1d35f3a",
                "0x70a08231",
                "complete",
                51479,
                51580,
                "staticcall",
                {
                    "0xf2b223eb3d2b382ead8d85f3c1b7ef87c1d35f3a": [
                        [
                            "sload",
                            "0x5ee07b6615207070dafa4480d42aaaf3c1b14f1b69fcff6324b2526dd14d8ec2",
                            "0x13f50cf3671906ed3ad3e8",
                            4907
                        ]
                    ]
                }
            ],
            [
                "0xf2b223eb3d2b382ead8d85f3c1b7ef87c1d35f3a",
                "0x77c7b8fc",
                "complete",
                51655,
                52830,
                "staticcall",
                {
                    "0xf2b223eb3d2b382ead8d85f3c1b7ef87c1d35f3a": [
                        [
                            "sload",
                            "0x2",
                            "0x2f7eaeba89ef24036cf1c9",
                            1816
                        ],
                        [
                            "sload",
                            "0x2",
                            "0x2f7eaeba89ef24036cf1c9",
                            1816
                        ],
                        [
                            "sload",
                            "0x6",
                            "0x2427da81376a0c0a0c654089a951887242d67c92",
                            1822
                        ],
                        [
                            "sload",
                            "0x6",
                            "0x2427da81376a0c0a0c654089a951887242d67c92",
                            1856
                        ],
                        [
                            "sload",
                            "0x7",
                            "0xdf5e0e81dff6faf3a7e52ba697820c5e32d806a8",
                            7214
                        ],
                        [
                            "sload",
                            "0x8",
                            "0xde0b6b3a7640000",
                            4950
                        ]
                    ],
                    "0x2427da81376a0c0a0c654089a951887242d67c92": [
                        [
                            "sload",
                            "0x4",
                            "0xdf5e0e81dff6faf3a7e52ba697820c5e32d806a8",
                            1139
                        ],
                        [
                            "sload",
                            "0x5",
                            "0xfa712ee4788c042e2b7bb55e6cb8ec569c4530c1",
                            1264
                        ]
                    ],
                    "0xdf5e0e81dff6faf3a7e52ba697820c5e32d806a8": [
                        [
                            "sload",
                            "0xb7a2a40cf949faf0217f54c07d62148a750087da2238494af6538e5050d286b4",
                            "0x0",
                            2253
                        ],
                        [
                            "sload",
                            "0x3dd3cbc875bf4acbed53d317c88a3ec8d004a06a427332d29c4a363634e9b739",
                            "0x7621272d1c065cf3aea29",
                            2253
                        ]
                    ],
                    "0xfa712ee4788c042e2b7bb55e6cb8ec569c4530c1": [
                        [
                            "sload",
                            "0x1a6f1177ca063103c4d28d333fabe9abed53412a5adb7c58c2f132f302d6367c",
                            "0x2828783df8a149fefa3bce",
                            4840
                        ]
                    ]
                }
            ],
            [
                "0x2427da81376a0c0a0c654089a951887242d67c92",
                "0x45d01e4a",
                "complete",
                51796,
                52410,
                "staticcall",
                {
                    "0x2427da81376a0c0a0c654089a951887242d67c92": [
                        [
                            "sload",
                            "0x4",
                            "0xdf5e0e81dff6faf3a7e52ba697820c5e32d806a8",
                            1139
                        ],
                        [
                            "sload",
                            "0x5",
                            "0xfa712ee4788c042e2b7bb55e6cb8ec569c4530c1",
                            1264
                        ]
                    ],
                    "0xdf5e0e81dff6faf3a7e52ba697820c5e32d806a8": [
                        [
                            "sload",
                            "0xb7a2a40cf949faf0217f54c07d62148a750087da2238494af6538e5050d286b4",
                            "0x0",
                            2253
                        ],
                        [
                            "sload",
                            "0x3dd3cbc875bf4acbed53d317c88a3ec8d004a06a427332d29c4a363634e9b739",
                            "0x7621272d1c065cf3aea29",
                            2253
                        ]
                    ],
                    "0xfa712ee4788c042e2b7bb55e6cb8ec569c4530c1": [
                        [
                            "sload",
                            "0x1a6f1177ca063103c4d28d333fabe9abed53412a5adb7c58c2f132f302d6367c",
                            "0x2828783df8a149fefa3bce",
                            4840
                        ]
                    ]
                }
            ],
            [
                "0xc95cbe4ca30055c787cb784be99d6a8494d0d197",
                "0xf77c4791",
                "complete",
                101924,
                102011,
                "staticcall",
                {
                    "0xc95cbe4ca30055c787cb784be99d6a8494d0d197": [
                        [
                            "sload",
                            "0x1",
                            "0x222412af183bceadefd72e4cb1b71f1889953b1c",
                            735
                        ]
                    ]
                }
            ],
            [
                "0x222412af183bceadefd72e4cb1b71f1889953b1c",
                "0x0d453efb",
                "complete",
                102113,
                102222,
                "call",
                {
                    "0x222412af183bceadefd72e4cb1b71f1889953b1c": [
                        [
                            "sload",
                            "0x4eb5f2617d0f7ce959191fc3ce8e838a7d3b31b1e5d6f2228bfa3cbdbb0d09c",
                            "0x1",
                            2014
                        ]
                    ]
                }
            ],
            [
                "0xc95cbe4ca30055c787cb784be99d6a8494d0d197",
                "0xf77c4791",
                "complete",
                105025,
                105112,
                "staticcall",
                {
                    "0xc95cbe4ca30055c787cb784be99d6a8494d0d197": [
                        [
                            "sload",
                            "0x1",
                            "0x222412af183bceadefd72e4cb1b71f1889953b1c",
                            735
                        ]
                    ]
                }
            ],
            [
                "0x222412af183bceadefd72e4cb1b71f1889953b1c",
                "0x30e412ad",
                "complete",
                105199,
                105291,
                "call",
                {
                    "0x222412af183bceadefd72e4cb1b71f1889953b1c": [
                        [
                            "sload",
                            "0x9ce479ac9e08afced6597281a2f168099a0d426a5387d00f5f1717d1fb8c9c79",
                            "0x0",
                            2665
                        ]
                    ]
                }
            ],
            [
                "0xf2b223eb3d2b382ead8d85f3c1b7ef87c1d35f3a",
                "0x70a08231",
                "complete",
                152405,
                152506,
                "staticcall",
                {
                    "0xf2b223eb3d2b382ead8d85f3c1b7ef87c1d35f3a": [
                        [
                            "sload",
                            "0xa4750f8421807f7f87f5a65926a34c429578de2ee66d65e6cd821d78176ed441",
                            "0x142966cf9ce94f5840e11e",
                            4907
                        ]
                    ]
                }
            ],
            [
                "0xf2b223eb3d2b382ead8d85f3c1b7ef87c1d35f3a",
                "0x77c7b8fc",
                "complete",
                152581,
                153756,
                "staticcall",
                {
                    "0xf2b223eb3d2b382ead8d85f3c1b7ef87c1d35f3a": [
                        [
                            "sload",
                            "0x2",
                            "0x2f7eaeba89ef24036cf1c9",
                            1816
                        ],
                        [
                            "sload",
                            "0x2",
                            "0x2f7eaeba89ef24036cf1c9",
                            1816
                        ],
                        [
                            "sload",
                            "0x6",
                            "0x2427da81376a0c0a0c654089a951887242d67c92",
                            1822
                        ],
                        [
                            "sload",
                            "0x6",
                            "0x2427da81376a0c0a0c654089a951887242d67c92",
                            1856
                        ],
                        [
                            "sload",
                            "0x7",
                            "0xdf5e0e81dff6faf3a7e52ba697820c5e32d806a8",
                            7214
                        ],
                        [
                            "sload",
                            "0x8",
                            "0xde0b6b3a7640000",
                            4950
                        ]
                    ],
                    "0x2427da81376a0c0a0c654089a951887242d67c92": [
                        [
                            "sload",
                            "0x4",
                            "0xdf5e0e81dff6faf3a7e52ba697820c5e32d806a8",
                            1139
                        ],
                        [
                            "sload",
                            "0x5",
                            "0xfa712ee4788c042e2b7bb55e6cb8ec569c4530c1",
                            1264
                        ]
                    ],
                    "0xdf5e0e81dff6faf3a7e52ba697820c5e32d806a8": [
                        [
                            "sload",
                            "0xb7a2a40cf949faf0217f54c07d62148a750087da2238494af6538e5050d286b4",
                            "0x0",
                            2253
                        ],
                        [
                            "sload",
                            "0x3dd3cbc875bf4acbed53d317c88a3ec8d004a06a427332d29c4a363634e9b739",
                            "0x7621272d1c065cf3aea29",
                            2253
                        ]
                    ],
                    "0xfa712ee4788c042e2b7bb55e6cb8ec569c4530c1": [
                        [
                            "sload",
                            "0x1a6f1177ca063103c4d28d333fabe9abed53412a5adb7c58c2f132f302d6367c",
                            "0x2828783df8a149fefa3bce",
                            4840
                        ]
                    ]
                }
            ],
            [
                "0x2427da81376a0c0a0c654089a951887242d67c92",
                "0x45d01e4a",
                "complete",
                152722,
                153336,
                "staticcall",
                {
                    "0x2427da81376a0c0a0c654089a951887242d67c92": [
                        [
                            "sload",
                            "0x4",
                            "0xdf5e0e81dff6faf3a7e52ba697820c5e32d806a8",
                            1139
                        ],
                        [
                            "sload",
                            "0x5",
                            "0xfa712ee4788c042e2b7bb55e6cb8ec569c4530c1",
                            1264
                        ]
                    ],
                    "0xdf5e0e81dff6faf3a7e52ba697820c5e32d806a8": [
                        [
                            "sload",
                            "0xb7a2a40cf949faf0217f54c07d62148a750087da2238494af6538e5050d286b4",
                            "0x0",
                            2253
                        ],
                        [
                            "sload",
                            "0x3dd3cbc875bf4acbed53d317c88a3ec8d004a06a427332d29c4a363634e9b739",
                            "0x7621272d1c065cf3aea29",
                            2253
                        ]
                    ],
                    "0xfa712ee4788c042e2b7bb55e6cb8ec569c4530c1": [
                        [
                            "sload",
                            "0x1a6f1177ca063103c4d28d333fabe9abed53412a5adb7c58c2f132f302d6367c",
                            "0x2828783df8a149fefa3bce",
                            4840
                        ]
                    ]
                }
            ],
            [
                "0xc95cbe4ca30055c787cb784be99d6a8494d0d197",
                "0xf77c4791",
                "complete",
                202726,
                202813,
                "staticcall",
                {
                    "0xc95cbe4ca30055c787cb784be99d6a8494d0d197": [
                        [
                            "sload",
                            "0x1",
                            "0x222412af183bceadefd72e4cb1b71f1889953b1c",
                            735
                        ]
                    ]
                }
            ],
            [
                "0x222412af183bceadefd72e4cb1b71f1889953b1c",
                "0x0d453efb",
                "complete",
                202915,
                203024,
                "call",
                {
                    "0x222412af183bceadefd72e4cb1b71f1889953b1c": [
                        [
                            "sload",
                            "0xbe5dfa0198534b471159a30dbfddca4e88e3018964d190f99fa2514fdf858634",
                            "0x1",
                            2014
                        ]
                    ]
                }
            ],
            [
                "0xc95cbe4ca30055c787cb784be99d6a8494d0d197",
                "0xf77c4791",
                "complete",
                205533,
                205620,
                "staticcall",
                {
                    "0xc95cbe4ca30055c787cb784be99d6a8494d0d197": [
                        [
                            "sload",
                            "0x1",
                            "0x222412af183bceadefd72e4cb1b71f1889953b1c",
                            735
                        ]
                    ]
                }
            ],
            [
                "0x222412af183bceadefd72e4cb1b71f1889953b1c",
                "0x30e412ad",
                "complete",
                205707,
                205799,
                "call",
                {
                    "0x222412af183bceadefd72e4cb1b71f1889953b1c": [
                        [
                            "sload",
                            "0x9ce479ac9e08afced6597281a2f168099a0d426a5387d00f5f1717d1fb8c9c79",
                            "0x0",
                            2665
                        ]
                    ]
                }
            ]
        ],
        []
    ]
}