{
    "0xee38b94bc8d6c742664513ffb9fa925f8b71bf5e54fce289ae49f958f41de499": [
        [
            [
                "0xf2b223eb3d2b382ead8d85f3c1b7ef87c1d35f3a",
                "0x70a08231",
                "complete",
                459,
                560,
                "staticcall",
                {
                    "0xf2b223eb3d2b382ead8d85f3c1b7ef87c1d35f3a": [
                        [
                            "sload",
                            "0x5ee07b6615207070dafa4480d42aaaf3c1b14f1b69fcff6324b2526dd14d8ec2",
                            "0x2ef81804abe0731aa1fe9a",
                            4907
                        ]
                    ]
                }
            ],
            [
                "0xf2b223eb3d2b382ead8d85f3c1b7ef87c1d35f3a",
                "0x77c7b8fc",
                "complete",
                635,
                1810,
                "staticcall",
                {
                    "0xf2b223eb3d2b382ead8d85f3c1b7ef87c1d35f3a": [
                        [
                            "sload",
                            "0x2",
                            "0x690acb056d92a1d18b8114",
                            1816
                        ],
                        [
                            "sload",
                            "0x2",
                            "0x690acb056d92a1d18b8114",
                            1816
                        ],
                        [
                            "sload",
                            "0x6",
                            "0x2427da81376a0c0a0c654089a951887242d67c92",
                            1822
                        ],
                        [
                            "sload",
                            "0x6",
                            "0x2427da81376a0c0a0c654089a951887242d67c92",
                            1856
                        ],
                        [
                            "sload",
                            "0x7",
                            "0xdf5e0e81dff6faf3a7e52ba697820c5e32d806a8",
                            7214
                        ],
                        [
                            "sload",
                            "0x8",
                            "0xde0b6b3a7640000",
                            4950
                        ]
                    ],
                    "0x2427da81376a0c0a0c654089a951887242d67c92": [
                        [
                            "sload",
                            "0x4",
                            "0xdf5e0e81dff6faf3a7e52ba697820c5e32d806a8",
                            1139
                        ],
                        [
                            "sload",
                            "0x5",
                            "0xfa712ee4788c042e2b7bb55e6cb8ec569c4530c1",
                            1264
                        ]
                    ],
                    "0xdf5e0e81dff6faf3a7e52ba697820c5e32d806a8": [
                        [
                            "sload",
                            "0xb7a2a40cf949faf0217f54c07d62148a750087da2238494af6538e5050d286b4",
                            "0x0",
                            2253
                        ],
                        [
                            "sload",
                            "0x3dd3cbc875bf4acbed53d317c88a3ec8d004a06a427332d29c4a363634e9b739",
                            "0x21bb312677003e2021bf7",
                            2253
                        ]
                    ],
                    "0xfa712ee4788c042e2b7bb55e6cb8ec569c4530c1": [
                        [
                            "sload",
                            "0x1a6f1177ca063103c4d28d333fabe9abed53412a5adb7c58c2f132f302d6367c",
                            "0x674d51d563b6e9ae5f0969",
                            4840
                        ]
                    ]
                }
            ],
            [
                "0x2427da81376a0c0a0c654089a951887242d67c92",
                "0x45d01e4a",
                "complete",
                776,
                1390,
                "staticcall",
                {
                    "0x2427da81376a0c0a0c654089a951887242d67c92": [
                        [
                            "sload",
                            "0x4",
                            "0xdf5e0e81dff6faf3a7e52ba697820c5e32d806a8",
                            1139
                        ],
                        [
                            "sload",
                            "0x5",
                            "0xfa712ee4788c042e2b7bb55e6cb8ec569c4530c1",
                            1264
                        ]
                    ],
                    "0xdf5e0e81dff6faf3a7e52ba697820c5e32d806a8": [
                        [
                            "sload",
                            "0xb7a2a40cf949faf0217f54c07d62148a750087da2238494af6538e5050d286b4",
                            "0x0",
                            2253
                        ],
                        [
                            "sload",
                            "0x3dd3cbc875bf4acbed53d317c88a3ec8d004a06a427332d29c4a363634e9b739",
                            "0x21bb312677003e2021bf7",
                            2253
                        ]
                    ],
                    "0xfa712ee4788c042e2b7bb55e6cb8ec569c4530c1": [
                        [
                            "sload",
                            "0x1a6f1177ca063103c4d28d333fabe9abed53412a5adb7c58c2f132f302d6367c",
                            "0x674d51d563b6e9ae5f0969",
                            4840
                        ]
                    ]
                }
            ]
        ],
        []
    ]
}