{
    "0xc8577c8dcef65ad5a1d6332eda83d33c53de3f65fe684fc06109dd3865e789e7": [
        [
            [
                "0xf2b223eb3d2b382ead8d85f3c1b7ef87c1d35f3a",
                "0x70a08231",
                "complete",
                459,
                560,
                "staticcall",
                {
                    "0xf2b223eb3d2b382ead8d85f3c1b7ef87c1d35f3a": [
                        [
                            "sload",
                            "0xb3241580591f6dc3e3df6ed0c6301bd0b2a91bf287d42d600a5664b2fc3ca2e8",
                            "0xa1754087ff193f608bb58",
                            4907
                        ]
                    ]
                }
            ],
            [
                "0xf2b223eb3d2b382ead8d85f3c1b7ef87c1d35f3a",
                "0x77c7b8fc",
                "complete",
                635,
                1810,
                "staticcall",
                {
                    "0xf2b223eb3d2b382ead8d85f3c1b7ef87c1d35f3a": [
                        [
                            "sload",
                            "0x2",
                            "0x6414cd55ee45ab8d5b9e5b",
                            1816
                        ],
                        [
                            "sload",
                            "0x2",
                            "0x6414cd55ee45ab8d5b9e5b",
                            1816
                        ],
                        [
                            "sload",
                            "0x6",
                            "0x2427da81376a0c0a0c654089a951887242d67c92",
                            1822
                        ],
                        [
                            "sload",
                            "0x6",
                            "0x2427da81376a0c0a0c654089a951887242d67c92",
                            1856
                        ],
                        [
                            "sload",
                            "0x7",
                            "0xdf5e0e81dff6faf3a7e52ba697820c5e32d806a8",
                            7214
                        ],
                        [
                            "sload",
                            "0x8",
                            "0xde0b6b3a7640000",
                            4950
                        ]
                    ],
                    "0x2427da81376a0c0a0c654089a951887242d67c92": [
                        [
                            "sload",
                            "0x4",
                            "0xdf5e0e81dff6faf3a7e52ba697820c5e32d806a8",
                            1139
                        ],
                        [
                            "sload",
                            "0x5",
                            "0xfa712ee4788c042e2b7bb55e6cb8ec569c4530c1",
                            1264
                        ]
                    ],
                    "0xdf5e0e81dff6faf3a7e52ba697820c5e32d806a8": [
                        [
                            "sload",
                            "0xb7a2a40cf949faf0217f54c07d62148a750087da2238494af6538e5050d286b4",
                            "0x0",
                            2253
                        ],
                        [
                            "sload",
                            "0x3dd3cbc875bf4acbed53d317c88a3ec8d004a06a427332d29c4a363634e9b739",
                            "0xa215de5eec87a5f3557f2",
                            2253
                        ]
                    ],
                    "0xfa712ee4788c042e2b7bb55e6cb8ec569c4530c1": [
                        [
                            "sload",
                            "0x1a6f1177ca063103c4d28d333fabe9abed53412a5adb7c58c2f132f302d6367c",
                            "0x5a56feb6d1037bea11b293",
                            4840
                        ]
                    ]
                }
            ],
            [
                "0x2427da81376a0c0a0c654089a951887242d67c92",
                "0x45d01e4a",
                "complete",
                776,
                1390,
                "staticcall",
                {
                    "0x2427da81376a0c0a0c654089a951887242d67c92": [
                        [
                            "sload",
                            "0x4",
                            "0xdf5e0e81dff6faf3a7e52ba697820c5e32d806a8",
                            1139
                        ],
                        [
                            "sload",
                            "0x5",
                            "0xfa712ee4788c042e2b7bb55e6cb8ec569c4530c1",
                            1264
                        ]
                    ],
                    "0xdf5e0e81dff6faf3a7e52ba697820c5e32d806a8": [
                        [
                            "sload",
                            "0xb7a2a40cf949faf0217f54c07d62148a750087da2238494af6538e5050d286b4",
                            "0x0",
                            2253
                        ],
                        [
                            "sload",
                            "0x3dd3cbc875bf4acbed53d317c88a3ec8d004a06a427332d29c4a363634e9b739",
                            "0xa215de5eec87a5f3557f2",
                            2253
                        ]
                    ],
                    "0xfa712ee4788c042e2b7bb55e6cb8ec569c4530c1": [
                        [
                            "sload",
                            "0x1a6f1177ca063103c4d28d333fabe9abed53412a5adb7c58c2f132f302d6367c",
                            "0x5a56feb6d1037bea11b293",
                            4840
                        ]
                    ]
                }
            ],
            [
                "0xf2b223eb3d2b382ead8d85f3c1b7ef87c1d35f3a",
                "0x70a08231",
                "complete",
                50704,
                50805,
                "staticcall",
                {
                    "0xf2b223eb3d2b382ead8d85f3c1b7ef87c1d35f3a": [
                        [
                            "sload",
                            "0xb3241580591f6dc3e3df6ed0c6301bd0b2a91bf287d42d600a5664b2fc3ca2e8",
                            "0xa1754087ff193f608bb58",
                            4907
                        ]
                    ]
                }
            ],
            [
                "0xf2b223eb3d2b382ead8d85f3c1b7ef87c1d35f3a",
                "0x2e1a7d4d",
                "complete",
                50885,
                53059,
                "call",
                {
                    "0xf2b223eb3d2b382ead8d85f3c1b7ef87c1d35f3a": [
                        [
                            "sload",
                            "0x2",
                            "0x6414cd55ee45ab8d5b9e5b",
                            1816
                        ],
                        [
                            "sload",
                            "0x2",
                            "0x6414cd55ee45ab8d5b9e5b",
                            1816
                        ],
                        [
                            "sload",
                            "0xb3241580591f6dc3e3df6ed0c6301bd0b2a91bf287d42d600a5664b2fc3ca2e8",
                            "0xa1754087ff193f608bb58",
                            8374
                        ],
                        [
                            "sstore",
                            "0xb3241580591f6dc3e3df6ed0c6301bd0b2a91bf287d42d600a5664b2fc3ca2e8",
                            "0x0",
                            8412
                        ],
                        [
                            "sload",
                            "0x2",
                            "0x6414cd55ee45ab8d5b9e5b",
                            8415
                        ],
                        [
                            "sstore",
                            "0x2",
                            "0x59fd794d6e54179752e303",
                            8434
                        ],
                        [
                            "sload",
                            "0x6",
                            "0x2427da81376a0c0a0c654089a951887242d67c92",
                            1822
                        ],
                        [
                            "sload",
                            "0x6",
                            "0x2427da81376a0c0a0c654089a951887242d67c92",
                            1856
                        ],
                        [
                            "sload",
                            "0x7",
                            "0xdf5e0e81dff6faf3a7e52ba697820c5e32d806a8",
                            7214
                        ],
                        [
                            "sload",
                            "0x7",
                            "0xdf5e0e81dff6faf3a7e52ba697820c5e32d806a8",
                            7214
                        ],
                        [
                            "sload",
                            "0x7",
                            "0xdf5e0e81dff6faf3a7e52ba697820c5e32d806a8",
                            2646
                        ],
                        [
                            "sload",
                            "0x306110499d3f016c3a0be715b8b63a858568b4d5dd383c8f04cceb54c4a9e571",
                            "0x23f5a2ae381aca942bc32bf",
                            2688
                        ],
                        [
                            "sstore",
                            "0x306110499d3f016c3a0be715b8b63a858568b4d5dd383c8f04cceb54c4a9e571",
                            "0x2497b88c9707523a1f18ab0",
                            2727
                        ]
                    ],
                    "0x2427da81376a0c0a0c654089a951887242d67c92": [
                        [
                            "sload",
                            "0x4",
                            "0xdf5e0e81dff6faf3a7e52ba697820c5e32d806a8",
                            1139
                        ],
                        [
                            "sload",
                            "0x5",
                            "0xfa712ee4788c042e2b7bb55e6cb8ec569c4530c1",
                            1264
                        ]
                    ],
                    "0xdf5e0e81dff6faf3a7e52ba697820c5e32d806a8": [
                        [
                            "sload",
                            "0xb7a2a40cf949faf0217f54c07d62148a750087da2238494af6538e5050d286b4",
                            "0x0",
                            2253
                        ],
                        [
                            "sload",
                            "0x3dd3cbc875bf4acbed53d317c88a3ec8d004a06a427332d29c4a363634e9b739",
                            "0xa215de5eec87a5f3557f2",
                            2253
                        ],
                        [
                            "sload",
                            "0x3dd3cbc875bf4acbed53d317c88a3ec8d004a06a427332d29c4a363634e9b739",
                            "0xa215de5eec87a5f3557f2",
                            2253
                        ],
                        [
                            "sload",
                            "0x3dd3cbc875bf4acbed53d317c88a3ec8d004a06a427332d29c4a363634e9b739",
                            "0xa215de5eec87a5f3557f2",
                            427
                        ],
                        [
                            "sstore",
                            "0x3dd3cbc875bf4acbed53d317c88a3ec8d004a06a427332d29c4a363634e9b739",
                            "0x1",
                            452
                        ],
                        [
                            "sload",
                            "0xef96de770bf2c1c5e1f12cbbe66aaec809c9b7e34d4f114ee5b2bf3ff656a725",
                            "0x0",
                            471
                        ],
                        [
                            "sstore",
                            "0xef96de770bf2c1c5e1f12cbbe66aaec809c9b7e34d4f114ee5b2bf3ff656a725",
                            "0xa215de5eec87a5f3557f1",
                            498
                        ]
                    ],
                    "0xfa712ee4788c042e2b7bb55e6cb8ec569c4530c1": [
                        [
                            "sload",
                            "0x1a6f1177ca063103c4d28d333fabe9abed53412a5adb7c58c2f132f302d6367c",
                            "0x5a56feb6d1037bea11b293",
                            4840
                        ]
                    ]
                }
            ],
            [
                "0x2427da81376a0c0a0c654089a951887242d67c92",
                "0x45d01e4a",
                "complete",
                51240,
                51854,
                "staticcall",
                {
                    "0x2427da81376a0c0a0c654089a951887242d67c92": [
                        [
                            "sload",
                            "0x4",
                            "0xdf5e0e81dff6faf3a7e52ba697820c5e32d806a8",
                            1139
                        ],
                        [
                            "sload",
                            "0x5",
                            "0xfa712ee4788c042e2b7bb55e6cb8ec569c4530c1",
                            1264
                        ]
                    ],
                    "0xdf5e0e81dff6faf3a7e52ba697820c5e32d806a8": [
                        [
                            "sload",
                            "0xb7a2a40cf949faf0217f54c07d62148a750087da2238494af6538e5050d286b4",
                            "0x0",
                            2253
                        ],
                        [
                            "sload",
                            "0x3dd3cbc875bf4acbed53d317c88a3ec8d004a06a427332d29c4a363634e9b739",
                            "0xa215de5eec87a5f3557f2",
                            2253
                        ],
                        [
                            "sload",
                            "0x3dd3cbc875bf4acbed53d317c88a3ec8d004a06a427332d29c4a363634e9b739",
                            "0xa215de5eec87a5f3557f2",
                            2253
                        ],
                        [
                            "sload",
                            "0x3dd3cbc875bf4acbed53d317c88a3ec8d004a06a427332d29c4a363634e9b739",
                            "0xa215de5eec87a5f3557f2",
                            427
                        ],
                        [
                            "sstore",
                            "0x3dd3cbc875bf4acbed53d317c88a3ec8d004a06a427332d29c4a363634e9b739",
                            "0x1",
                            452
                        ],
                        [
                            "sload",
                            "0xef96de770bf2c1c5e1f12cbbe66aaec809c9b7e34d4f114ee5b2bf3ff656a725",
                            "0x0",
                            471
                        ],
                        [
                            "sstore",
                            "0xef96de770bf2c1c5e1f12cbbe66aaec809c9b7e34d4f114ee5b2bf3ff656a725",
                            "0xa215de5eec87a5f3557f1",
                            498
                        ]
                    ],
                    "0xfa712ee4788c042e2b7bb55e6cb8ec569c4530c1": [
                        [
                            "sload",
                            "0x1a6f1177ca063103c4d28d333fabe9abed53412a5adb7c58c2f132f302d6367c",
                            "0x5a56feb6d1037bea11b293",
                            4840
                        ]
                    ]
                }
            ],
            [
                "0xf2b223eb3d2b382ead8d85f3c1b7ef87c1d35f3a",
                "0xb6b55f25",
                "complete",
                292218,
                294736,
                "call",
                {
                    "0xf2b223eb3d2b382ead8d85f3c1b7ef87c1d35f3a": [
                        [
                            "sload",
                            "0x5",
                            "0xc95cbe4ca30055c787cb784be99d6a8494d0d19712",
                            7343
                        ],
                        [
                            "sload",
                            "0x6",
                            "0x2427da81376a0c0a0c654089a951887242d67c92",
                            9267
                        ],
                        [
                            "sload",
                            "0x6",
                            "0x2427da81376a0c0a0c654089a951887242d67c92",
                            9287
                        ],
                        [
                            "sload",
                            "0x2",
                            "0x59fd794d6e54179752e303",
                            1816
                        ],
                        [
                            "sload",
                            "0x6",
                            "0x2427da81376a0c0a0c654089a951887242d67c92",
                            1822
                        ],
                        [
                            "sload",
                            "0x6",
                            "0x2427da81376a0c0a0c654089a951887242d67c92",
                            1856
                        ],
                        [
                            "sload",
                            "0x7",
                            "0xdf5e0e81dff6faf3a7e52ba697820c5e32d806a8",
                            7214
                        ],
                        [
                            "sload",
                            "0x2",
                            "0x59fd794d6e54179752e303",
                            1816
                        ],
                        [
                            "sload",
                            "0x2",
                            "0x59fd794d6e54179752e303",
                            10525
                        ],
                        [
                            "sstore",
                            "0x2",
                            "0x63396d0d7e53ed06ad6fcf",
                            10544
                        ],
                        [
                            "sload",
                            "0xb3241580591f6dc3e3df6ed0c6301bd0b2a91bf287d42d600a5664b2fc3ca2e8",
                            "0x0",
                            10569
                        ],
                        [
                            "sstore",
                            "0xb3241580591f6dc3e3df6ed0c6301bd0b2a91bf287d42d600a5664b2fc3ca2e8",
                            "0x93bf3c00fffd56f5a8ccc",
                            10614
                        ],
                        [
                            "sload",
                            "0x7",
                            "0xdf5e0e81dff6faf3a7e52ba697820c5e32d806a8",
                            9539
                        ],
                        [
                            "sload",
                            "0xfbe77f1eb5ba9e23310b8af81cd3c928b37b4dea90cfea8d84efa175214da11c",
                            "0x249739036e647be1d817830",
                            9591
                        ],
                        [
                            "sstore",
                            "0xfbe77f1eb5ba9e23310b8af81cd3c928b37b4dea90cfea8d84efa175214da11c",
                            "0x252b8b398cc12749192c6c6",
                            9639
                        ]
                    ],
                    "0xc95cbe4ca30055c787cb784be99d6a8494d0d197": [
                        [
                            "sload",
                            "0x1",
                            "0x222412af183bceadefd72e4cb1b71f1889953b1c",
                            735
                        ]
                    ],
                    "0x222412af183bceadefd72e4cb1b71f1889953b1c": [
                        [
                            "sload",
                            "0x3e92c2f938a281c2d1ae8b6075fcc9287f4cff8d1689f7f8ded9fbd920b6853d",
                            "0x0",
                            2665
                        ]
                    ],
                    "0x2427da81376a0c0a0c654089a951887242d67c92": [
                        [
                            "sload",
                            "0x4",
                            "0xdf5e0e81dff6faf3a7e52ba697820c5e32d806a8",
                            1139
                        ],
                        [
                            "sload",
                            "0x5",
                            "0xfa712ee4788c042e2b7bb55e6cb8ec569c4530c1",
                            1264
                        ]
                    ],
                    "0xdf5e0e81dff6faf3a7e52ba697820c5e32d806a8": [
                        [
                            "sload",
                            "0xb7a2a40cf949faf0217f54c07d62148a750087da2238494af6538e5050d286b4",
                            "0x0",
                            2253
                        ],
                        [
                            "sload",
                            "0x3dd3cbc875bf4acbed53d317c88a3ec8d004a06a427332d29c4a363634e9b739",
                            "0x1",
                            2253
                        ],
                        [
                            "sload",
                            "0xef96de770bf2c1c5e1f12cbbe66aaec809c9b7e34d4f114ee5b2bf3ff656a725",
                            "0x9452361e5cab674114e96",
                            641
                        ],
                        [
                            "sstore",
                            "0xef96de770bf2c1c5e1f12cbbe66aaec809c9b7e34d4f114ee5b2bf3ff656a725",
                            "0x0",
                            666
                        ],
                        [
                            "sload",
                            "0x3dd3cbc875bf4acbed53d317c88a3ec8d004a06a427332d29c4a363634e9b739",
                            "0x1",
                            685
                        ],
                        [
                            "sstore",
                            "0x3dd3cbc875bf4acbed53d317c88a3ec8d004a06a427332d29c4a363634e9b739",
                            "0x9452361e5cab674114e97",
                            712
                        ],
                        [
                            "sload",
                            "0x6",
                            "0x45f783cce6b7ff23b2ab2d70e416cdb7d6055f51",
                            716
                        ],
                        [
                            "sload",
                            "0x74d3e155428b50691f8519c51f498be6b2309d6e8788a905ab69b4cf55bd76c5",
                            "0x9452361e5cab674114e96",
                            753
                        ],
                        [
                            "sstore",
                            "0x74d3e155428b50691f8519c51f498be6b2309d6e8788a905ab69b4cf55bd76c5",
                            "0x0",
                            778
                        ]
                    ],
                    "0xfa712ee4788c042e2b7bb55e6cb8ec569c4530c1": [
                        [
                            "sload",
                            "0x1a6f1177ca063103c4d28d333fabe9abed53412a5adb7c58c2f132f302d6367c",
                            "0x5a56feb6d1037bea11b293",
                            4840
                        ]
                    ]
                }
            ],
            [
                "0xc95cbe4ca30055c787cb784be99d6a8494d0d197",
                "0xf77c4791",
                "complete",
                292339,
                292426,
                "staticcall",
                {
                    "0xc95cbe4ca30055c787cb784be99d6a8494d0d197": [
                        [
                            "sload",
                            "0x1",
                            "0x222412af183bceadefd72e4cb1b71f1889953b1c",
                            735
                        ]
                    ]
                }
            ],
            [
                "0x222412af183bceadefd72e4cb1b71f1889953b1c",
                "0x30e412ad",
                "complete",
                292513,
                292605,
                "call",
                {
                    "0x222412af183bceadefd72e4cb1b71f1889953b1c": [
                        [
                            "sload",
                            "0x3e92c2f938a281c2d1ae8b6075fcc9287f4cff8d1689f7f8ded9fbd920b6853d",
                            "0x0",
                            2665
                        ]
                    ]
                }
            ],
            [
                "0x2427da81376a0c0a0c654089a951887242d67c92",
                "0xc2a2a07b",
                "complete",
                292718,
                292799,
                "staticcall",
                {}
            ],
            [
                "0x2427da81376a0c0a0c654089a951887242d67c92",
                "0x45d01e4a",
                "complete",
                292904,
                293518,
                "staticcall",
                {
                    "0x2427da81376a0c0a0c654089a951887242d67c92": [
                        [
                            "sload",
                            "0x4",
                            "0xdf5e0e81dff6faf3a7e52ba697820c5e32d806a8",
                            1139
                        ],
                        [
                            "sload",
                            "0x5",
                            "0xfa712ee4788c042e2b7bb55e6cb8ec569c4530c1",
                            1264
                        ]
                    ],
                    "0xdf5e0e81dff6faf3a7e52ba697820c5e32d806a8": [
                        [
                            "sload",
                            "0xb7a2a40cf949faf0217f54c07d62148a750087da2238494af6538e5050d286b4",
                            "0x0",
                            2253
                        ],
                        [
                            "sload",
                            "0x3dd3cbc875bf4acbed53d317c88a3ec8d004a06a427332d29c4a363634e9b739",
                            "0x1",
                            2253
                        ],
                        [
                            "sload",
                            "0xef96de770bf2c1c5e1f12cbbe66aaec809c9b7e34d4f114ee5b2bf3ff656a725",
                            "0x9452361e5cab674114e96",
                            641
                        ],
                        [
                            "sstore",
                            "0xef96de770bf2c1c5e1f12cbbe66aaec809c9b7e34d4f114ee5b2bf3ff656a725",
                            "0x0",
                            666
                        ],
                        [
                            "sload",
                            "0x3dd3cbc875bf4acbed53d317c88a3ec8d004a06a427332d29c4a363634e9b739",
                            "0x1",
                            685
                        ],
                        [
                            "sstore",
                            "0x3dd3cbc875bf4acbed53d317c88a3ec8d004a06a427332d29c4a363634e9b739",
                            "0x9452361e5cab674114e97",
                            712
                        ],
                        [
                            "sload",
                            "0x6",
                            "0x45f783cce6b7ff23b2ab2d70e416cdb7d6055f51",
                            716
                        ],
                        [
                            "sload",
                            "0x74d3e155428b50691f8519c51f498be6b2309d6e8788a905ab69b4cf55bd76c5",
                            "0x9452361e5cab674114e96",
                            753
                        ],
                        [
                            "sstore",
                            "0x74d3e155428b50691f8519c51f498be6b2309d6e8788a905ab69b4cf55bd76c5",
                            "0x0",
                            778
                        ]
                    ],
                    "0xfa712ee4788c042e2b7bb55e6cb8ec569c4530c1": [
                        [
                            "sload",
                            "0x1a6f1177ca063103c4d28d333fabe9abed53412a5adb7c58c2f132f302d6367c",
                            "0x5a56feb6d1037bea11b293",
                            4840
                        ]
                    ]
                }
            ],
            [
                "0xf2b223eb3d2b382ead8d85f3c1b7ef87c1d35f3a",
                "0x70a08231",
                "complete",
                294944,
                295045,
                "staticcall",
                {
                    "0xf2b223eb3d2b382ead8d85f3c1b7ef87c1d35f3a": [
                        [
                            "sload",
                            "0xb3241580591f6dc3e3df6ed0c6301bd0b2a91bf287d42d600a5664b2fc3ca2e8",
                            "0x93bf3c00fffd56f5a8ccc",
                            4907
                        ]
                    ]
                }
            ],
            [
                "0xf2b223eb3d2b382ead8d85f3c1b7ef87c1d35f3a",
                "0x77c7b8fc",
                "complete",
                295120,
                296295,
                "staticcall",
                {
                    "0xf2b223eb3d2b382ead8d85f3c1b7ef87c1d35f3a": [
                        [
                            "sload",
                            "0x2",
                            "0x63396d0d7e53ed06ad6fcf",
                            1816
                        ],
                        [
                            "sload",
                            "0x2",
                            "0x63396d0d7e53ed06ad6fcf",
                            1816
                        ],
                        [
                            "sload",
                            "0x6",
                            "0x2427da81376a0c0a0c654089a951887242d67c92",
                            1822
                        ],
                        [
                            "sload",
                            "0x6",
                            "0x2427da81376a0c0a0c654089a951887242d67c92",
                            1856
                        ],
                        [
                            "sload",
                            "0x7",
                            "0xdf5e0e81dff6faf3a7e52ba697820c5e32d806a8",
                            7214
                        ],
                        [
                            "sload",
                            "0x8",
                            "0xde0b6b3a7640000",
                            4950
                        ]
                    ],
                    "0x2427da81376a0c0a0c654089a951887242d67c92": [
                        [
                            "sload",
                            "0x4",
                            "0xdf5e0e81dff6faf3a7e52ba697820c5e32d806a8",
                            1139
                        ],
                        [
                            "sload",
                            "0x5",
                            "0xfa712ee4788c042e2b7bb55e6cb8ec569c4530c1",
                            1264
                        ]
                    ],
                    "0xdf5e0e81dff6faf3a7e52ba697820c5e32d806a8": [
                        [
                            "sload",
                            "0xb7a2a40cf949faf0217f54c07d62148a750087da2238494af6538e5050d286b4",
                            "0x0",
                            2253
                        ],
                        [
                            "sload",
                            "0x3dd3cbc875bf4acbed53d317c88a3ec8d004a06a427332d29c4a363634e9b739",
                            "0x9452361e5cab674114e97",
                            2253
                        ]
                    ],
                    "0xfa712ee4788c042e2b7bb55e6cb8ec569c4530c1": [
                        [
                            "sload",
                            "0x1a6f1177ca063103c4d28d333fabe9abed53412a5adb7c58c2f132f302d6367c",
                            "0x5a56feb6d1037bea11b293",
                            4840
                        ]
                    ]
                }
            ],
            [
                "0x2427da81376a0c0a0c654089a951887242d67c92",
                "0x45d01e4a",
                "complete",
                295261,
                295875,
                "staticcall",
                {
                    "0x2427da81376a0c0a0c654089a951887242d67c92": [
                        [
                            "sload",
                            "0x4",
                            "0xdf5e0e81dff6faf3a7e52ba697820c5e32d806a8",
                            1139
                        ],
                        [
                            "sload",
                            "0x5",
                            "0xfa712ee4788c042e2b7bb55e6cb8ec569c4530c1",
                            1264
                        ]
                    ],
                    "0xdf5e0e81dff6faf3a7e52ba697820c5e32d806a8": [
                        [
                            "sload",
                            "0xb7a2a40cf949faf0217f54c07d62148a750087da2238494af6538e5050d286b4",
                            "0x0",
                            2253
                        ],
                        [
                            "sload",
                            "0x3dd3cbc875bf4acbed53d317c88a3ec8d004a06a427332d29c4a363634e9b739",
                            "0x9452361e5cab674114e97",
                            2253
                        ]
                    ],
                    "0xfa712ee4788c042e2b7bb55e6cb8ec569c4530c1": [
                        [
                            "sload",
                            "0x1a6f1177ca063103c4d28d333fabe9abed53412a5adb7c58c2f132f302d6367c",
                            "0x5a56feb6d1037bea11b293",
                            4840
                        ]
                    ]
                }
            ]
        ],
        [
            [
                "0xdf5e0e81dff6faf3a7e52ba697820c5e32d806a8",
                "0xf2b223eb3d2b382ead8d85f3c1b7ef87c1d35f3a",
                "0x810b83fc33e6f5da9be9ae5dd0f918338e980938",
                12246828405680352078944241
            ],
            [
                "0xdf5e0e81dff6faf3a7e52ba697820c5e32d806a8",
                "0x810b83fc33e6f5da9be9ae5dd0f918338e980938",
                "0xf2b223eb3d2b382ead8d85f3c1b7ef87c1d35f3a",
                11206828354159524252307094
            ]
        ]
    ]
}