{
    "0xa20ed32e3f82912ca8039b6aa64faad5569a2e000d1d1721a92f95aabe6621e7": [
        [
            [
                "0xc95cbe4ca30055c787cb784be99d6a8494d0d197",
                "0xf77c4791",
                "complete",
                329,
                416,
                "staticcall",
                {
                    "0xc95cbe4ca30055c787cb784be99d6a8494d0d197": [
                        [
                            "sload",
                            "0x1",
                            "0x222412af183bceadefd72e4cb1b71f1889953b1c",
                            735
                        ]
                    ]
                }
            ],
            [
                "0x222412af183bceadefd72e4cb1b71f1889953b1c",
                "0x0d453efb",
                "complete",
                518,
                627,
                "call",
                {
                    "0x222412af183bceadefd72e4cb1b71f1889953b1c": [
                        [
                            "sload",
                            "0x73ea46f639664de5913813e84b499fb3c57a0f98931a116550ea2e9b9afe46e1",
                            "0x1",
                            2014
                        ]
                    ]
                }
            ],
            [
                "0xc95cbe4ca30055c787cb784be99d6a8494d0d197",
                "0xf77c4791",
                "complete",
                3862,
                3949,
                "staticcall",
                {
                    "0xc95cbe4ca30055c787cb784be99d6a8494d0d197": [
                        [
                            "sload",
                            "0x1",
                            "0x222412af183bceadefd72e4cb1b71f1889953b1c",
                            735
                        ]
                    ]
                }
            ],
            [
                "0x222412af183bceadefd72e4cb1b71f1889953b1c",
                "0x30e412ad",
                "complete",
                4036,
                4128,
                "call",
                {
                    "0x222412af183bceadefd72e4cb1b71f1889953b1c": [
                        [
                            "sload",
                            "0x9ce479ac9e08afced6597281a2f168099a0d426a5387d00f5f1717d1fb8c9c79",
                            "0x0",
                            2665
                        ]
                    ]
                }
            ],
            [
                "0xf2b223eb3d2b382ead8d85f3c1b7ef87c1d35f3a",
                "0x70a08231",
                "complete",
                51414,
                51515,
                "staticcall",
                {
                    "0xf2b223eb3d2b382ead8d85f3c1b7ef87c1d35f3a": [
                        [
                            "sload",
                            "0x5ee07b6615207070dafa4480d42aaaf3c1b14f1b69fcff6324b2526dd14d8ec2",
                            "0x28ce7a1c495aa9eea5e9ba",
                            4907
                        ]
                    ]
                }
            ],
            [
                "0xf2b223eb3d2b382ead8d85f3c1b7ef87c1d35f3a",
                "0x77c7b8fc",
                "complete",
                51590,
                52765,
                "staticcall",
                {
                    "0xf2b223eb3d2b382ead8d85f3c1b7ef87c1d35f3a": [
                        [
                            "sload",
                            "0x2",
                            "0x5ea6b3864a8c3dece295a4",
                            1816
                        ],
                        [
                            "sload",
                            "0x2",
                            "0x5ea6b3864a8c3dece295a4",
                            1816
                        ],
                        [
                            "sload",
                            "0x6",
                            "0x2427da81376a0c0a0c654089a951887242d67c92",
                            1822
                        ],
                        [
                            "sload",
                            "0x6",
                            "0x2427da81376a0c0a0c654089a951887242d67c92",
                            1856
                        ],
                        [
                            "sload",
                            "0x7",
                            "0xdf5e0e81dff6faf3a7e52ba697820c5e32d806a8",
                            7214
                        ],
                        [
                            "sload",
                            "0x8",
                            "0xde0b6b3a7640000",
                            4950
                        ]
                    ],
                    "0x2427da81376a0c0a0c654089a951887242d67c92": [
                        [
                            "sload",
                            "0x4",
                            "0xdf5e0e81dff6faf3a7e52ba697820c5e32d806a8",
                            1139
                        ],
                        [
                            "sload",
                            "0x5",
                            "0xfa712ee4788c042e2b7bb55e6cb8ec569c4530c1",
                            1264
                        ]
                    ],
                    "0xdf5e0e81dff6faf3a7e52ba697820c5e32d806a8": [
                        [
                            "sload",
                            "0xb7a2a40cf949faf0217f54c07d62148a750087da2238494af6538e5050d286b4",
                            "0x0",
                            2253
                        ],
                        [
                            "sload",
                            "0x3dd3cbc875bf4acbed53d317c88a3ec8d004a06a427332d29c4a363634e9b739",
                            "0x4f77045be937445b43a36",
                            2253
                        ]
                    ],
                    "0xfa712ee4788c042e2b7bb55e6cb8ec569c4530c1": [
                        [
                            "sload",
                            "0x1a6f1177ca063103c4d28d333fabe9abed53412a5adb7c58c2f132f302d6367c",
                            "0x5a109c4f74268bc550223d",
                            4840
                        ]
                    ]
                }
            ],
            [
                "0x2427da81376a0c0a0c654089a951887242d67c92",
                "0x45d01e4a",
                "complete",
                51731,
                52345,
                "staticcall",
                {
                    "0x2427da81376a0c0a0c654089a951887242d67c92": [
                        [
                            "sload",
                            "0x4",
                            "0xdf5e0e81dff6faf3a7e52ba697820c5e32d806a8",
                            1139
                        ],
                        [
                            "sload",
                            "0x5",
                            "0xfa712ee4788c042e2b7bb55e6cb8ec569c4530c1",
                            1264
                        ]
                    ],
                    "0xdf5e0e81dff6faf3a7e52ba697820c5e32d806a8": [
                        [
                            "sload",
                            "0xb7a2a40cf949faf0217f54c07d62148a750087da2238494af6538e5050d286b4",
                            "0x0",
                            2253
                        ],
                        [
                            "sload",
                            "0x3dd3cbc875bf4acbed53d317c88a3ec8d004a06a427332d29c4a363634e9b739",
                            "0x4f77045be937445b43a36",
                            2253
                        ]
                    ],
                    "0xfa712ee4788c042e2b7bb55e6cb8ec569c4530c1": [
                        [
                            "sload",
                            "0x1a6f1177ca063103c4d28d333fabe9abed53412a5adb7c58c2f132f302d6367c",
                            "0x5a109c4f74268bc550223d",
                            4840
                        ]
                    ]
                }
            ]
        ],
        []
    ]
}