{
    "0x4880e7f6d87c5e25c99ba9c526a55da0e3ad8cdd3e1d19f71614cf258900a75f": [
        [
            [
                "0xc95cbe4ca30055c787cb784be99d6a8494d0d197",
                "0xf77c4791",
                "complete",
                329,
                416,
                "staticcall",
                {
                    "0xc95cbe4ca30055c787cb784be99d6a8494d0d197": [
                        [
                            "sload",
                            "0x1",
                            "0x222412af183bceadefd72e4cb1b71f1889953b1c",
                            735
                        ]
                    ]
                }
            ],
            [
                "0x222412af183bceadefd72e4cb1b71f1889953b1c",
                "0x0d453efb",
                "complete",
                518,
                627,
                "call",
                {
                    "0x222412af183bceadefd72e4cb1b71f1889953b1c": [
                        [
                            "sload",
                            "0xac7c9b810f8b69ae5aacc4b951de8ca439cfd90ea4a53d77c74646f8c7a7caa5",
                            "0x1",
                            2014
                        ]
                    ]
                }
            ],
            [
                "0x9b3be0cc5dd26fd0254088d03d8206792715588b",
                "0x6f307dc3",
                "complete",
                766,
                873,
                "delegatecall",
                []
            ],
            [
                "0x9b3be0cc5dd26fd0254088d03d8206792715588b",
                "0x36efd16f",
                "complete",
                2948,
                5475,
                "delegatecall",
                []
            ],
            [
                "0xc95cbe4ca30055c787cb784be99d6a8494d0d197",
                "0xf77c4791",
                "complete",
                3081,
                3168,
                "staticcall",
                {
                    "0xc95cbe4ca30055c787cb784be99d6a8494d0d197": [
                        [
                            "sload",
                            "0x1",
                            "0x222412af183bceadefd72e4cb1b71f1889953b1c",
                            735
                        ]
                    ]
                }
            ],
            [
                "0x222412af183bceadefd72e4cb1b71f1889953b1c",
                "0x30e412ad",
                "complete",
                3254,
                3346,
                "staticcall",
                {
                    "0x222412af183bceadefd72e4cb1b71f1889953b1c": [
                        [
                            "sload",
                            "0x9ce479ac9e08afced6597281a2f168099a0d426a5387d00f5f1717d1fb8c9c79",
                            "0x0",
                            2665
                        ]
                    ]
                }
            ]
        ],
        []
    ],
    "0xef7a8714546f4ed2f853d052fc21a602d52891532dbe130c87328360f852c42c": [
        [
            [
                "0xc95cbe4ca30055c787cb784be99d6a8494d0d197",
                "0xf77c4791",
                "complete",
                329,
                416,
                "staticcall",
                {
                    "0xc95cbe4ca30055c787cb784be99d6a8494d0d197": [
                        [
                            "sload",
                            "0x1",
                            "0x222412af183bceadefd72e4cb1b71f1889953b1c",
                            735
                        ]
                    ]
                }
            ],
            [
                "0x222412af183bceadefd72e4cb1b71f1889953b1c",
                "0x0d453efb",
                "complete",
                518,
                627,
                "call",
                {
                    "0x222412af183bceadefd72e4cb1b71f1889953b1c": [
                        [
                            "sload",
                            "0x4eb5f2617d0f7ce959191fc3ce8e838a7d3b31b1e5d6f2228bfa3cbdbb0d09c",
                            "0x1",
                            2014
                        ]
                    ]
                }
            ],
            [
                "0xc95cbe4ca30055c787cb784be99d6a8494d0d197",
                "0xf77c4791",
                "complete",
                3430,
                3517,
                "staticcall",
                {
                    "0xc95cbe4ca30055c787cb784be99d6a8494d0d197": [
                        [
                            "sload",
                            "0x1",
                            "0x222412af183bceadefd72e4cb1b71f1889953b1c",
                            735
                        ]
                    ]
                }
            ],
            [
                "0x222412af183bceadefd72e4cb1b71f1889953b1c",
                "0x30e412ad",
                "complete",
                3604,
                3696,
                "call",
                {
                    "0x222412af183bceadefd72e4cb1b71f1889953b1c": [
                        [
                            "sload",
                            "0x9ce479ac9e08afced6597281a2f168099a0d426a5387d00f5f1717d1fb8c9c79",
                            "0x0",
                            2665
                        ]
                    ]
                }
            ],
            [
                "0xf2b223eb3d2b382ead8d85f3c1b7ef87c1d35f3a",
                "0x70a08231",
                "complete",
                50982,
                51083,
                "staticcall",
                {
                    "0xf2b223eb3d2b382ead8d85f3c1b7ef87c1d35f3a": [
                        [
                            "sload",
                            "0xa4750f8421807f7f87f5a65926a34c429578de2ee66d65e6cd821d78176ed441",
                            "0x2cee9289dbc232ec833dec",
                            4907
                        ]
                    ]
                }
            ],
            [
                "0xf2b223eb3d2b382ead8d85f3c1b7ef87c1d35f3a",
                "0x77c7b8fc",
                "complete",
                51158,
                52333,
                "staticcall",
                {
                    "0xf2b223eb3d2b382ead8d85f3c1b7ef87c1d35f3a": [
                        [
                            "sload",
                            "0x2",
                            "0x5ea6b3864a8c3dece295a4",
                            1816
                        ],
                        [
                            "sload",
                            "0x2",
                            "0x5ea6b3864a8c3dece295a4",
                            1816
                        ],
                        [
                            "sload",
                            "0x6",
                            "0x2427da81376a0c0a0c654089a951887242d67c92",
                            1822
                        ],
                        [
                            "sload",
                            "0x6",
                            "0x2427da81376a0c0a0c654089a951887242d67c92",
                            1856
                        ],
                        [
                            "sload",
                            "0x7",
                            "0xdf5e0e81dff6faf3a7e52ba697820c5e32d806a8",
                            7214
                        ],
                        [
                            "sload",
                            "0x8",
                            "0xde0b6b3a7640000",
                            4950
                        ]
                    ],
                    "0x2427da81376a0c0a0c654089a951887242d67c92": [
                        [
                            "sload",
                            "0x4",
                            "0xdf5e0e81dff6faf3a7e52ba697820c5e32d806a8",
                            1139
                        ],
                        [
                            "sload",
                            "0x5",
                            "0xfa712ee4788c042e2b7bb55e6cb8ec569c4530c1",
                            1264
                        ]
                    ],
                    "0xdf5e0e81dff6faf3a7e52ba697820c5e32d806a8": [
                        [
                            "sload",
                            "0xb7a2a40cf949faf0217f54c07d62148a750087da2238494af6538e5050d286b4",
                            "0x0",
                            2253
                        ],
                        [
                            "sload",
                            "0x3dd3cbc875bf4acbed53d317c88a3ec8d004a06a427332d29c4a363634e9b739",
                            "0x1e68f9c957e9999d201da",
                            2253
                        ]
                    ],
                    "0xfa712ee4788c042e2b7bb55e6cb8ec569c4530c1": [
                        [
                            "sload",
                            "0x1a6f1177ca063103c4d28d333fabe9abed53412a5adb7c58c2f132f302d6367c",
                            "0x5d2550438b294b4a1d560c",
                            4840
                        ]
                    ]
                }
            ],
            [
                "0x2427da81376a0c0a0c654089a951887242d67c92",
                "0x45d01e4a",
                "complete",
                51299,
                51913,
                "staticcall",
                {
                    "0x2427da81376a0c0a0c654089a951887242d67c92": [
                        [
                            "sload",
                            "0x4",
                            "0xdf5e0e81dff6faf3a7e52ba697820c5e32d806a8",
                            1139
                        ],
                        [
                            "sload",
                            "0x5",
                            "0xfa712ee4788c042e2b7bb55e6cb8ec569c4530c1",
                            1264
                        ]
                    ],
                    "0xdf5e0e81dff6faf3a7e52ba697820c5e32d806a8": [
                        [
                            "sload",
                            "0xb7a2a40cf949faf0217f54c07d62148a750087da2238494af6538e5050d286b4",
                            "0x0",
                            2253
                        ],
                        [
                            "sload",
                            "0x3dd3cbc875bf4acbed53d317c88a3ec8d004a06a427332d29c4a363634e9b739",
                            "0x1e68f9c957e9999d201da",
                            2253
                        ]
                    ],
                    "0xfa712ee4788c042e2b7bb55e6cb8ec569c4530c1": [
                        [
                            "sload",
                            "0x1a6f1177ca063103c4d28d333fabe9abed53412a5adb7c58c2f132f302d6367c",
                            "0x5d2550438b294b4a1d560c",
                            4840
                        ]
                    ]
                }
            ]
        ],
        []
    ]
}