{
    "0x48c2337a28b0232fa6e8bbbcca7f0ec66cc9af34e1636a8313d945af6de89f3d": [
        [
            [
                "0x9536a78440f72f5e9612949f1848fe5e9d4934cc",
                "0x0dfe1681",
                "complete",
                3001,
                3095,
                "staticcall",
                {
                    "0x9536a78440f72f5e9612949f1848fe5e9d4934cc": [
                        [
                            "sload",
                            "0x6",
                            "0xc02aaa39b223fe8d0a0e5c4f27ead9083c756cc2",
                            3053,
                            3064
                        ]
                    ]
                }
            ],
            [
                "0x9536a78440f72f5e9612949f1848fe5e9d4934cc",
                "0x0902f1ac",
                "complete",
                3217,
                3335,
                "staticcall",
                {
                    "0x9536a78440f72f5e9612949f1848fe5e9d4934cc": [
                        [
                            "sload",
                            "0x8",
                            "0x60754405000000000000000000813fe4561500000000000e74e80b19f329c31a",
                            2988,
                            3270
                        ]
                    ]
                }
            ],
            [
                "0x9536a78440f72f5e9612949f1848fe5e9d4934cc",
                "0x0dfe1681",
                "complete",
                11231,
                11325,
                "staticcall",
                {
                    "0x9536a78440f72f5e9612949f1848fe5e9d4934cc": [
                        [
                            "sload",
                            "0x6",
                            "0xc02aaa39b223fe8d0a0e5c4f27ead9083c756cc2",
                            3053,
                            11294
                        ]
                    ]
                }
            ],
            [
                "0x9536a78440f72f5e9612949f1848fe5e9d4934cc",
                "0x022c0d9f",
                "complete",
                12465,
                14432,
                "call",
                {
                    "0x9536a78440f72f5e9612949f1848fe5e9d4934cc": [
                        [
                            "sload",
                            "0xc",
                            "0x1",
                            1478,
                            12594
                        ],
                        [
                            "sstore",
                            "0xc",
                            "0x0",
                            1555,
                            12602
                        ],
                        [
                            "sload",
                            "0x8",
                            "0x60754405000000000000000000813fe4561500000000000e74e80b19f329c31a",
                            2988,
                            12620
                        ],
                        [
                            "sload",
                            "0x6",
                            "0xc02aaa39b223fe8d0a0e5c4f27ead9083c756cc2",
                            1771,
                            12757
                        ],
                        [
                            "sload",
                            "0x7",
                            "0xdac17f958d2ee523a2206206994597c13d831ec7",
                            1774,
                            12759
                        ],
                        [
                            "sload",
                            "0x8",
                            "0x60754405000000000000000000813fe4561500000000000e74e80b19f329c31a",
                            7208,
                            14062
                        ],
                        [
                            "sload",
                            "0x9",
                            "0x188f2295f21e9d53e920bdbabb2",
                            7323,
                            14179
                        ],
                        [
                            "sstore",
                            "0x9",
                            "0x1890e349465e2dcb72db21f85de",
                            7342,
                            14195
                        ],
                        [
                            "sload",
                            "0xa",
                            "0x6b080973b97b2f06d3c3a6145f44915974b1149f9",
                            7366,
                            14260
                        ],
                        [
                            "sstore",
                            "0xa",
                            "0x6b0da682c5cb8ba797f834267d8cc009360ceb773",
                            7385,
                            14276
                        ],
                        [
                            "sload",
                            "0x8",
                            "0x60754405000000000000000000813fe4561500000000000e74e80b19f329c31a",
                            7390,
                            14280
                        ],
                        [
                            "sstore",
                            "0x8",
                            "0x607547280000000000000000008195acbf6a00000000000e6b5d6fd1b7a57e2c",
                            7483,
                            14330
                        ],
                        [
                            "sstore",
                            "0xc",
                            "0x1",
                            2936,
                            14420
                        ]
                    ],
                    "0xc02aaa39b223fe8d0a0e5c4f27ead9083c756cc2": [
                        [
                            "sload",
                            "0x4469ba52707601a928fa754e25a8615afd86c52f44432b5e3c56b31309a7d3b8",
                            "0xe74e80b19f329c31a",
                            1743,
                            13127
                        ],
                        [
                            "sload",
                            "0x4469ba52707601a928fa754e25a8615afd86c52f44432b5e3c56b31309a7d3b8",
                            "0xe74e80b19f329c31a",
                            2324,
                            13174
                        ],
                        [
                            "sstore",
                            "0x4469ba52707601a928fa754e25a8615afd86c52f44432b5e3c56b31309a7d3b8",
                            "0xe6b5d6fd1b7a57e2c",
                            2331,
                            13181
                        ],
                        [
                            "sload",
                            "0x2aa41bb0d990a94bfa82cec2aa2c384f379ccbb6dc1034c65fc97c1985a77d5e",
                            "0x161d0ef90501dba88",
                            2401,
                            13205
                        ],
                        [
                            "sstore",
                            "0x2aa41bb0d990a94bfa82cec2aa2c384f379ccbb6dc1034c65fc97c1985a77d5e",
                            "0x16b5b8ad88ba1ff76",
                            2408,
                            13212
                        ],
                        [
                            "sload",
                            "0x4469ba52707601a928fa754e25a8615afd86c52f44432b5e3c56b31309a7d3b8",
                            "0xe6b5d6fd1b7a57e2c",
                            2861,
                            13509
                        ]
                    ],
                    "0xdac17f958d2ee523a2206206994597c13d831ec7": [
                        [
                            "sload",
                            "0xa",
                            "0x0",
                            4673,
                            13736
                        ],
                        [
                            "sload",
                            "0x901b45199b4a88677fd01f515301c3495851a62f94e0212b482da092dfd2659",
                            "0x8195acbf6a",
                            9876,
                            13772
                        ]
                    ]
                }
            ]
        ],
        [
            [
                "0xdac17f958d2ee523a2206206994597c13d831ec7",
                "0x860bd2dba9cd475a61e6d1b45e16c365f6d78f66",
                "0x9536a78440f72f5e9612949f1848fe5e9d4934cc",
                1439197525
            ],
            [
                "0xc02aaa39b223fe8d0a0e5c4f27ead9083c756cc2",
                "0x9536a78440f72f5e9612949f1848fe5e9d4934cc",
                "0x860bd2dba9cd475a61e6d1b45e16c365f6d78f66",
                687532627665896686
            ]
        ]
    ]
}