{
    "0xa9a3a05b294ad607dcb954be9c5309babb39956cb4327e04d09e23884a348e9d": [
        [
            [
                "0x9536a78440f72f5e9612949f1848fe5e9d4934cc",
                "0x0dfe1681",
                "complete",
                3024,
                3118,
                "staticcall",
                {
                    "0x9536a78440f72f5e9612949f1848fe5e9d4934cc": [
                        [
                            "sload",
                            "0x6",
                            "0xc02aaa39b223fe8d0a0e5c4f27ead9083c756cc2",
                            3053,
                            3087
                        ]
                    ]
                }
            ],
            [
                "0x9536a78440f72f5e9612949f1848fe5e9d4934cc",
                "0x0902f1ac",
                "complete",
                3240,
                3358,
                "staticcall",
                {
                    "0x9536a78440f72f5e9612949f1848fe5e9d4934cc": [
                        [
                            "sload",
                            "0x8",
                            "0x608e9ada00000000000000000083e8da8d6000000000000ac4ad67e3fdee16fa",
                            2988,
                            3293
                        ]
                    ]
                }
            ]
        ],
        []
    ],
    "0x2d54a05d50f4fdcfa7483f39ad3bc0d17b0976521a812f0fd7f36f0409911919": [
        [
            [
                "0x9536a78440f72f5e9612949f1848fe5e9d4934cc",
                "0x0dfe1681",
                "complete",
                2311,
                2405,
                "staticcall",
                {
                    "0x9536a78440f72f5e9612949f1848fe5e9d4934cc": [
                        [
                            "sload",
                            "0x6",
                            "0xc02aaa39b223fe8d0a0e5c4f27ead9083c756cc2",
                            3053,
                            2374
                        ]
                    ]
                }
            ],
            [
                "0x9536a78440f72f5e9612949f1848fe5e9d4934cc",
                "0xd21220a7",
                "complete",
                2511,
                2588,
                "staticcall",
                {
                    "0x9536a78440f72f5e9612949f1848fe5e9d4934cc": [
                        [
                            "sload",
                            "0x7",
                            "0xdac17f958d2ee523a2206206994597c13d831ec7",
                            5606,
                            2557
                        ]
                    ]
                }
            ],
            [
                "0x9536a78440f72f5e9612949f1848fe5e9d4934cc",
                "0x0902f1ac",
                "complete",
                2827,
                2945,
                "staticcall",
                {
                    "0x9536a78440f72f5e9612949f1848fe5e9d4934cc": [
                        [
                            "sload",
                            "0x8",
                            "0x608e9ada00000000000000000083e8da8d6000000000000ac4ad67e3fdee16fa",
                            2988,
                            2880
                        ]
                    ]
                }
            ]
        ],
        []
    ]
}