{
    "0xcf8b197751e120fa9c7087b2fa612329cf6985389e4fec7a41e47429ff8e3c40": [
        [
            [
                "0x9536a78440f72f5e9612949f1848fe5e9d4934cc",
                "0x0dfe1681",
                "complete",
                2279,
                2373,
                "staticcall",
                {
                    "0x9536a78440f72f5e9612949f1848fe5e9d4934cc": [
                        [
                            "sload",
                            "0x6",
                            "0xc02aaa39b223fe8d0a0e5c4f27ead9083c756cc2",
                            3053,
                            2342
                        ]
                    ]
                }
            ],
            [
                "0x9536a78440f72f5e9612949f1848fe5e9d4934cc",
                "0xd21220a7",
                "complete",
                2479,
                2556,
                "staticcall",
                {
                    "0x9536a78440f72f5e9612949f1848fe5e9d4934cc": [
                        [
                            "sload",
                            "0x7",
                            "0xdac17f958d2ee523a2206206994597c13d831ec7",
                            5606,
                            2525
                        ]
                    ]
                }
            ],
            [
                "0x9536a78440f72f5e9612949f1848fe5e9d4934cc",
                "0x0902f1ac",
                "complete",
                2795,
                2913,
                "staticcall",
                {
                    "0x9536a78440f72f5e9612949f1848fe5e9d4934cc": [
                        [
                            "sload",
                            "0x8",
                            "0x6090d475000000000000000000fee496c6d90000000000132cbf0a8bc7d2e469",
                            2988,
                            2848
                        ]
                    ]
                }
            ],
            [
                "0x9536a78440f72f5e9612949f1848fe5e9d4934cc",
                "0x022c0d9f",
                "complete",
                9609,
                11576,
                "call",
                {
                    "0x9536a78440f72f5e9612949f1848fe5e9d4934cc": [
                        [
                            "sload",
                            "0xc",
                            "0x1",
                            1478,
                            9738
                        ],
                        [
                            "sstore",
                            "0xc",
                            "0x0",
                            1555,
                            9746
                        ],
                        [
                            "sload",
                            "0x8",
                            "0x6090d475000000000000000000fee496c6d90000000000132cbf0a8bc7d2e469",
                            2988,
                            9764
                        ],
                        [
                            "sload",
                            "0x6",
                            "0xc02aaa39b223fe8d0a0e5c4f27ead9083c756cc2",
                            1771,
                            9901
                        ],
                        [
                            "sload",
                            "0x7",
                            "0xdac17f958d2ee523a2206206994597c13d831ec7",
                            1774,
                            9903
                        ],
                        [
                            "sload",
                            "0x8",
                            "0x6090d475000000000000000000fee496c6d90000000000132cbf0a8bc7d2e469",
                            7208,
                            11206
                        ],
                        [
                            "sload",
                            "0x9",
                            "0x2a7b3837d2eed75915520eebe97",
                            7323,
                            11323
                        ],
                        [
                            "sstore",
                            "0x9",
                            "0x2a7e2b6f1159ec14c5f3a93b1de",
                            7342,
                            11339
                        ],
                        [
                            "sload",
                            "0xa",
                            "0x95c0c91328a17d8661536a775a2f3b10dba2367a0",
                            7366,
                            11404
                        ],
                        [
                            "sstore",
                            "0xa",
                            "0x95c50f2c8df04dd1e2862565129ff9c23014ef547",
                            7385,
                            11420
                        ],
                        [
                            "sload",
                            "0x8",
                            "0x6090d475000000000000000000fee496c6d90000000000132cbf0a8bc7d2e469",
                            7390,
                            11424
                        ],
                        [
                            "sstore",
                            "0x8",
                            "0x6090d802000000000000000000ff6ca85c8f000000000013228fe6f048ce0797",
                            7483,
                            11474
                        ],
                        [
                            "sstore",
                            "0xc",
                            "0x1",
                            2936,
                            11564
                        ]
                    ],
                    "0xc02aaa39b223fe8d0a0e5c4f27ead9083c756cc2": [
                        [
                            "sload",
                            "0x4469ba52707601a928fa754e25a8615afd86c52f44432b5e3c56b31309a7d3b8",
                            "0x132cbf0a8bc7d2e469",
                            1743,
                            10271
                        ],
                        [
                            "sload",
                            "0x4469ba52707601a928fa754e25a8615afd86c52f44432b5e3c56b31309a7d3b8",
                            "0x132cbf0a8bc7d2e469",
                            2324,
                            10318
                        ],
                        [
                            "sstore",
                            "0x4469ba52707601a928fa754e25a8615afd86c52f44432b5e3c56b31309a7d3b8",
                            "0x13228fe6f048ce0797",
                            2331,
                            10325
                        ],
                        [
                            "sload",
                            "0x5b1d8542429c3293365433f1ab8a45aa266b8baa0e60d02c9b1180c50a251d0",
                            "0x0",
                            2401,
                            10349
                        ],
                        [
                            "sstore",
                            "0x5b1d8542429c3293365433f1ab8a45aa266b8baa0e60d02c9b1180c50a251d0",
                            "0xa2f239b7f04dcd2",
                            2408,
                            10356
                        ],
                        [
                            "sload",
                            "0x4469ba52707601a928fa754e25a8615afd86c52f44432b5e3c56b31309a7d3b8",
                            "0x13228fe6f048ce0797",
                            2861,
                            10653
                        ]
                    ],
                    "0xdac17f958d2ee523a2206206994597c13d831ec7": [
                        [
                            "sload",
                            "0xa",
                            "0x0",
                            4673,
                            10880
                        ],
                        [
                            "sload",
                            "0x901b45199b4a88677fd01f515301c3495851a62f94e0212b482da092dfd2659",
                            "0xff6ca85c8f",
                            9876,
                            10916
                        ]
                    ]
                }
            ]
        ],
        [
            [
                "0xdac17f958d2ee523a2206206994597c13d831ec7",
                "0x01388f9242964e2aaadef6379eb92276acb5520e",
                "0x9536a78440f72f5e9612949f1848fe5e9d4934cc",
                2282853814
            ],
            [
                "0xc02aaa39b223fe8d0a0e5c4f27ead9083c756cc2",
                "0x9536a78440f72f5e9612949f1848fe5e9d4934cc",
                "0xa622397cfd777766f4b31ee2fdfe733e85c0c6c8",
                733844415042608338
            ]
        ]
    ]
}