{
    "0x0672f1cb31eb69b227bfeed6cfcdeb152bc9e92bc69d9ad1c70206420ad8cc7b": [
        [
            [
                "0x9536a78440f72f5e9612949f1848fe5e9d4934cc",
                "0x0dfe1681",
                "complete",
                3105,
                3199,
                "staticcall",
                {
                    "0x9536a78440f72f5e9612949f1848fe5e9d4934cc": [
                        [
                            "sload",
                            "0x6",
                            "0xc02aaa39b223fe8d0a0e5c4f27ead9083c756cc2",
                            3053,
                            3168
                        ]
                    ]
                }
            ],
            [
                "0x9536a78440f72f5e9612949f1848fe5e9d4934cc",
                "0x0902f1ac",
                "complete",
                3321,
                3439,
                "staticcall",
                {
                    "0x9536a78440f72f5e9612949f1848fe5e9d4934cc": [
                        [
                            "sload",
                            "0x8",
                            "0x60a61227000000000000000000e3f7acc7e400000000000fff25b446f9e82de5",
                            2988,
                            3374
                        ]
                    ]
                }
            ],
            [
                "0x9536a78440f72f5e9612949f1848fe5e9d4934cc",
                "0x0dfe1681",
                "complete",
                14165,
                14259,
                "staticcall",
                {
                    "0x9536a78440f72f5e9612949f1848fe5e9d4934cc": [
                        [
                            "sload",
                            "0x6",
                            "0xc02aaa39b223fe8d0a0e5c4f27ead9083c756cc2",
                            3053,
                            14228
                        ]
                    ]
                }
            ],
            [
                "0x9536a78440f72f5e9612949f1848fe5e9d4934cc",
                "0x022c0d9f",
                "complete",
                15294,
                17520,
                "call",
                {
                    "0x9536a78440f72f5e9612949f1848fe5e9d4934cc": [
                        [
                            "sload",
                            "0xc",
                            "0x1",
                            1478,
                            15423
                        ],
                        [
                            "sstore",
                            "0xc",
                            "0x0",
                            1555,
                            15431
                        ],
                        [
                            "sload",
                            "0x8",
                            "0x60a61227000000000000000000e3f7acc7e400000000000fff25b446f9e82de5",
                            2988,
                            15453
                        ],
                        [
                            "sload",
                            "0x6",
                            "0xc02aaa39b223fe8d0a0e5c4f27ead9083c756cc2",
                            1771,
                            15590
                        ],
                        [
                            "sload",
                            "0x7",
                            "0xdac17f958d2ee523a2206206994597c13d831ec7",
                            1774,
                            15592
                        ],
                        [
                            "sload",
                            "0x8",
                            "0x60a61227000000000000000000e3f7acc7e400000000000fff25b446f9e82de5",
                            7208,
                            17150
                        ],
                        [
                            "sload",
                            "0x9",
                            "0x3f728a9ddeb5f1a921843473ad6",
                            7323,
                            17267
                        ],
                        [
                            "sstore",
                            "0x9",
                            "0x3f818892490c72f9d40bc430cd5",
                            7342,
                            17283
                        ],
                        [
                            "sload",
                            "0xa",
                            "0xab6a9daa395e2d3bbed9bb8cd31bca7f29cc0e175",
                            7366,
                            17348
                        ],
                        [
                            "sstore",
                            "0xa",
                            "0xab7d8385eefa71701713cb25e788bd44e9bfdb21f",
                            7385,
                            17364
                        ],
                        [
                            "sload",
                            "0x8",
                            "0x60a61227000000000000000000e3f7acc7e400000000000fff25b446f9e82de5",
                            7390,
                            17368
                        ],
                        [
                            "sstore",
                            "0x8",
                            "0x60a622fc000000000000000000e365fdb9e8000000000010096d2c50167a7ccc",
                            7483,
                            17418
                        ],
                        [
                            "sstore",
                            "0xc",
                            "0x1",
                            2936,
                            17508
                        ]
                    ],
                    "0xdac17f958d2ee523a2206206994597c13d831ec7": [
                        [
                            "sload",
                            "0x0",
                            "0xc6cde7c39eb2f0f0095f41570af89efc2c1ea828",
                            5370,
                            16005
                        ],
                        [
                            "sload",
                            "0x66e2da7944978d8a93f377d4daa597271ea302958cb58429d0e27b33ff85e3a2",
                            "0x0",
                            5459,
                            16039
                        ],
                        [
                            "sload",
                            "0xa",
                            "0x0",
                            5487,
                            16056
                        ],
                        [
                            "sload",
                            "0x3",
                            "0x0",
                            9922,
                            16095
                        ],
                        [
                            "sload",
                            "0x4",
                            "0x0",
                            9956,
                            16180
                        ],
                        [
                            "sload",
                            "0x901b45199b4a88677fd01f515301c3495851a62f94e0212b482da092dfd2659",
                            "0xe3f7acc7e4",
                            10058,
                            16241
                        ],
                        [
                            "sstore",
                            "0x901b45199b4a88677fd01f515301c3495851a62f94e0212b482da092dfd2659",
                            "0xe365fdb9e8",
                            10138,
                            16291
                        ],
                        [
                            "sload",
                            "0x6857885bc594b80068a1075e0ada118a678a853af72a4cdc004bbeae47880c41",
                            "0x0",
                            10207,
                            16313
                        ],
                        [
                            "sstore",
                            "0x6857885bc594b80068a1075e0ada118a678a853af72a4cdc004bbeae47880c41",
                            "0x91af0dfc",
                            10287,
                            16368
                        ],
                        [
                            "sload",
                            "0xa",
                            "0x0",
                            4673,
                            16830
                        ],
                        [
                            "sload",
                            "0x901b45199b4a88677fd01f515301c3495851a62f94e0212b482da092dfd2659",
                            "0xe365fdb9e8",
                            9876,
                            16866
                        ]
                    ],
                    "0xc02aaa39b223fe8d0a0e5c4f27ead9083c756cc2": [
                        [
                            "sload",
                            "0x4469ba52707601a928fa754e25a8615afd86c52f44432b5e3c56b31309a7d3b8",
                            "0x10096d2c50167a7ccc",
                            2861,
                            16603
                        ]
                    ]
                }
            ]
        ],
        [
            [
                "0xc02aaa39b223fe8d0a0e5c4f27ead9083c756cc2",
                "0x860bd2dba9cd475a61e6d1b45e16c365f6d78f66",
                "0x9536a78440f72f5e9612949f1848fe5e9d4934cc",
                740692644255125223
            ],
            [
                "0xdac17f958d2ee523a2206206994597c13d831ec7",
                "0x9536a78440f72f5e9612949f1848fe5e9d4934cc",
                "0x860bd2dba9cd475a61e6d1b45e16c365f6d78f66",
                2444168700
            ]
        ]
    ],
    "0x5d4b48582829e22065f649ab1318186fa7d263b629e41a5e55e9b70606ae26ff": [
        [
            [
                "0x9536a78440f72f5e9612949f1848fe5e9d4934cc",
                "0x022c0d9f",
                "complete",
                6138,
                7990,
                "call",
                {
                    "0x9536a78440f72f5e9612949f1848fe5e9d4934cc": [
                        [
                            "sload",
                            "0xc",
                            "0x1",
                            1478,
                            6267
                        ],
                        [
                            "sstore",
                            "0xc",
                            "0x0",
                            1555,
                            6275
                        ],
                        [
                            "sload",
                            "0x8",
                            "0x60a622fc000000000000000000e365fdb9e8000000000010096d2c50167a7ccc",
                            2988,
                            6297
                        ],
                        [
                            "sload",
                            "0x6",
                            "0xc02aaa39b223fe8d0a0e5c4f27ead9083c756cc2",
                            1771,
                            6434
                        ],
                        [
                            "sload",
                            "0x7",
                            "0xdac17f958d2ee523a2206206994597c13d831ec7",
                            1774,
                            6436
                        ]
                    ],
                    "0xdac17f958d2ee523a2206206994597c13d831ec7": [
                        [
                            "sload",
                            "0x0",
                            "0xc6cde7c39eb2f0f0095f41570af89efc2c1ea828",
                            5370,
                            6849
                        ],
                        [
                            "sload",
                            "0x66e2da7944978d8a93f377d4daa597271ea302958cb58429d0e27b33ff85e3a2",
                            "0x0",
                            5459,
                            6883
                        ],
                        [
                            "sload",
                            "0xa",
                            "0x0",
                            5487,
                            6900
                        ],
                        [
                            "sload",
                            "0x3",
                            "0x0",
                            9922,
                            6939
                        ],
                        [
                            "sload",
                            "0x4",
                            "0x0",
                            9956,
                            7024
                        ],
                        [
                            "sload",
                            "0x901b45199b4a88677fd01f515301c3495851a62f94e0212b482da092dfd2659",
                            "0xe365fdb9e8",
                            10058,
                            7085
                        ],
                        [
                            "sstore",
                            "0x901b45199b4a88677fd01f515301c3495851a62f94e0212b482da092dfd2659",
                            "0xe2d44eabec",
                            10138,
                            7135
                        ],
                        [
                            "sload",
                            "0xea2afd5deb1b01ce717fe2e2119d887736f4b29af7cfcf0d4904767ea6232061",
                            "0x1",
                            10207,
                            7157
                        ],
                        [
                            "sstore",
                            "0xea2afd5deb1b01ce717fe2e2119d887736f4b29af7cfcf0d4904767ea6232061",
                            "0x91af0dfd",
                            10287,
                            7212
                        ],
                        [
                            "sload",
                            "0xa",
                            "0x0",
                            4673,
                            7674
                        ],
                        [
                            "sload",
                            "0x901b45199b4a88677fd01f515301c3495851a62f94e0212b482da092dfd2659",
                            "0xe2d44eabec",
                            9876,
                            7710
                        ]
                    ],
                    "0xc02aaa39b223fe8d0a0e5c4f27ead9083c756cc2": [
                        [
                            "sload",
                            "0x4469ba52707601a928fa754e25a8615afd86c52f44432b5e3c56b31309a7d3b8",
                            "0x1013b4a459330ccbb3",
                            2861,
                            7447
                        ]
                    ]
                }
            ]
        ],
        [
            [
                "0xc02aaa39b223fe8d0a0e5c4f27ead9083c756cc2",
                "0xbf3f6477dbd514ef85b7d3ec6ac2205fd0962039",
                "0x9536a78440f72f5e9612949f1848fe5e9d4934cc",
                740692644255125223
            ],
            [
                "0xdac17f958d2ee523a2206206994597c13d831ec7",
                "0x9536a78440f72f5e9612949f1848fe5e9d4934cc",
                "0xbf3f6477dbd514ef85b7d3ec6ac2205fd0962039",
                2444168700
            ]
        ]
    ]
}