{
    "0xdacf26fee7eb8c169893a2121bbeceb12cb5348536dd1fbea9d0b6f5b5d5c681": [
        [
            [
                "0x9536a78440f72f5e9612949f1848fe5e9d4934cc",
                "0x0dfe1681",
                "complete",
                3000,
                3094,
                "staticcall",
                {
                    "0x9536a78440f72f5e9612949f1848fe5e9d4934cc": [
                        [
                            "sload",
                            "0x6",
                            "0xc02aaa39b223fe8d0a0e5c4f27ead9083c756cc2",
                            3053,
                            3063
                        ]
                    ]
                }
            ],
            [
                "0x9536a78440f72f5e9612949f1848fe5e9d4934cc",
                "0x0902f1ac",
                "complete",
                3216,
                3334,
                "staticcall",
                {
                    "0x9536a78440f72f5e9612949f1848fe5e9d4934cc": [
                        [
                            "sload",
                            "0x8",
                            "0x60ae298d000000000000000000cdbcfe1142000000000011be45ed553d57d4a5",
                            2988,
                            3269
                        ]
                    ]
                }
            ],
            [
                "0x9536a78440f72f5e9612949f1848fe5e9d4934cc",
                "0x0dfe1681",
                "complete",
                11344,
                11438,
                "staticcall",
                {
                    "0x9536a78440f72f5e9612949f1848fe5e9d4934cc": [
                        [
                            "sload",
                            "0x6",
                            "0xc02aaa39b223fe8d0a0e5c4f27ead9083c756cc2",
                            3053,
                            11407
                        ]
                    ]
                }
            ],
            [
                "0x9536a78440f72f5e9612949f1848fe5e9d4934cc",
                "0x022c0d9f",
                "complete",
                12578,
                14545,
                "call",
                {
                    "0x9536a78440f72f5e9612949f1848fe5e9d4934cc": [
                        [
                            "sload",
                            "0xc",
                            "0x1",
                            1478,
                            12707
                        ],
                        [
                            "sstore",
                            "0xc",
                            "0x0",
                            1555,
                            12715
                        ],
                        [
                            "sload",
                            "0x8",
                            "0x60ae298d000000000000000000cdbcfe1142000000000011be45ed553d57d4a5",
                            2988,
                            12733
                        ],
                        [
                            "sload",
                            "0x6",
                            "0xc02aaa39b223fe8d0a0e5c4f27ead9083c756cc2",
                            1771,
                            12870
                        ],
                        [
                            "sload",
                            "0x7",
                            "0xdac17f958d2ee523a2206206994597c13d831ec7",
                            1774,
                            12872
                        ],
                        [
                            "sload",
                            "0x8",
                            "0x60ae298d000000000000000000cdbcfe1142000000000011be45ed553d57d4a5",
                            7208,
                            14175
                        ],
                        [
                            "sload",
                            "0x9",
                            "0x450373d569c5d6f37cecdb51132",
                            7323,
                            14292
                        ],
                        [
                            "sstore",
                            "0x9",
                            "0x45176ca23202eb1139bbabfbe09",
                            7342,
                            14308
                        ],
                        [
                            "sload",
                            "0xa",
                            "0xb74d479285c98ac2bc04e8b57a5abe69803a3ab25",
                            7366,
                            14373
                        ],
                        [
                            "sstore",
                            "0xa",
                            "0xb7734e8e66938793f1b01cb4c9e9efcb99217b3eb",
                            7385,
                            14389
                        ],
                        [
                            "sload",
                            "0x8",
                            "0x60ae298d000000000000000000cdbcfe1142000000000011be45ed553d57d4a5",
                            7390,
                            14393
                        ],
                        [
                            "sstore",
                            "0x8",
                            "0x60ae451c000000000000000000ce3da5ed41000000000011b33ce0c28c4cd289",
                            7483,
                            14443
                        ],
                        [
                            "sstore",
                            "0xc",
                            "0x1",
                            2936,
                            14533
                        ]
                    ],
                    "0xc02aaa39b223fe8d0a0e5c4f27ead9083c756cc2": [
                        [
                            "sload",
                            "0x4469ba52707601a928fa754e25a8615afd86c52f44432b5e3c56b31309a7d3b8",
                            "0x11be45ed553d57d4a5",
                            1743,
                            13240
                        ],
                        [
                            "sload",
                            "0x4469ba52707601a928fa754e25a8615afd86c52f44432b5e3c56b31309a7d3b8",
                            "0x11be45ed553d57d4a5",
                            2324,
                            13287
                        ],
                        [
                            "sstore",
                            "0x4469ba52707601a928fa754e25a8615afd86c52f44432b5e3c56b31309a7d3b8",
                            "0x11b33ce0c28c4cd289",
                            2331,
                            13294
                        ],
                        [
                            "sload",
                            "0x2aa41bb0d990a94bfa82cec2aa2c384f379ccbb6dc1034c65fc97c1985a77d5e",
                            "0x1f175ad5e7e75d5c",
                            2401,
                            13318
                        ],
                        [
                            "sstore",
                            "0x2aa41bb0d990a94bfa82cec2aa2c384f379ccbb6dc1034c65fc97c1985a77d5e",
                            "0x2a20676898f25f78",
                            2408,
                            13325
                        ],
                        [
                            "sload",
                            "0x4469ba52707601a928fa754e25a8615afd86c52f44432b5e3c56b31309a7d3b8",
                            "0x11b33ce0c28c4cd289",
                            2861,
                            13622
                        ]
                    ],
                    "0xdac17f958d2ee523a2206206994597c13d831ec7": [
                        [
                            "sload",
                            "0xa",
                            "0x0",
                            4673,
                            13849
                        ],
                        [
                            "sload",
                            "0x901b45199b4a88677fd01f515301c3495851a62f94e0212b482da092dfd2659",
                            "0xce3da5ed41",
                            9876,
                            13885
                        ]
                    ]
                }
            ]
        ],
        [
            [
                "0xdac17f958d2ee523a2206206994597c13d831ec7",
                "0x860bd2dba9cd475a61e6d1b45e16c365f6d78f66",
                "0x9536a78440f72f5e9612949f1848fe5e9d4934cc",
                2158484479
            ],
            [
                "0xc02aaa39b223fe8d0a0e5c4f27ead9083c756cc2",
                "0x9536a78440f72f5e9612949f1848fe5e9d4934cc",
                "0x860bd2dba9cd475a61e6d1b45e16c365f6d78f66",
                795180633382650396
            ]
        ]
    ]
}