{
    "0x5dbd2ad5f8b088d710bae5e9b5496fcc3cc871d9bf46546ed0ca7111743a6629": [
        [
            [
                "0x5ade7ae8660293f2ebfcefaba91d141d72d221e8",
                "0x23b872dd",
                "complete",
                1511,
                2072,
                "call",
                {
                    "0x5ade7ae8660293f2ebfcefaba91d141d72d221e8": [
                        [
                            "sload",
                            "0x43852029558389572cc7502d2f331f5cb75cf838d80e7b014bd013ee942e7f01",
                            "0x1b9bdd7642e66ac0f8d",
                            8395
                        ],
                        [
                            "sstore",
                            "0x43852029558389572cc7502d2f331f5cb75cf838d80e7b014bd013ee942e7f01",
                            "0x0",
                            8475
                        ],
                        [
                            "sload",
                            "0x55b91fb95307b5d559958238471c03242b9eb0f4d0f88762e32505930424070d",
                            "0x5b0cf75a25ea1f1057d5",
                            8543
                        ],
                        [
                            "sstore",
                            "0x55b91fb95307b5d559958238471c03242b9eb0f4d0f88762e32505930424070d",
                            "0x5cc6b5318a1885bc6762",
                            8622
                        ],
                        [
                            "sload",
                            "0x2a07603e53590e51b61f791ba05fca2fbc0b366f078b9b92b2badbc3ea8e43b3",
                            "0xffffffffffffffffffffffffffffffffffffffffffffffffffffffffffffffff",
                            3526
                        ],
                        [
                            "sstore",
                            "0x2a07603e53590e51b61f791ba05fca2fbc0b366f078b9b92b2badbc3ea8e43b3",
                            "0xfffffffffffffffffffffffffffffffffffffffffffffe4642289bd19953f072",
                            7928
                        ]
                    ]
                }
            ],
            [
                "0x5ade7ae8660293f2ebfcefaba91d141d72d221e8",
                "0x70a08231",
                "complete",
                3518,
                3647,
                "staticcall",
                {
                    "0x5ade7ae8660293f2ebfcefaba91d141d72d221e8": [
                        [
                            "sload",
                            "0x55b91fb95307b5d559958238471c03242b9eb0f4d0f88762e32505930424070d",
                            "0x5cc6b5318a1885bc6762",
                            4643
                        ]
                    ]
                }
            ]
        ],
        []
    ],
    "0xa61f00100cb12325e26d127e5149bf3f1f0e186ea7514e4202565c061cb26ed0": [
        [
            [
                "0x5ade7ae8660293f2ebfcefaba91d141d72d221e8",
                "0x23b872dd",
                "complete",
                1511,
                2072,
                "call",
                {
                    "0x5ade7ae8660293f2ebfcefaba91d141d72d221e8": [
                        [
                            "sload",
                            "0xd914b16120e271d8cc500f1a9a0ea5501c016d9b6e694d6ac6c31c66e5c2d40",
                            "0x47fc9b9c6de6f3ae367d",
                            8395
                        ],
                        [
                            "sstore",
                            "0xd914b16120e271d8cc500f1a9a0ea5501c016d9b6e694d6ac6c31c66e5c2d40",
                            "0x3d661a387d41786e367d",
                            8475
                        ],
                        [
                            "sload",
                            "0x55b91fb95307b5d559958238471c03242b9eb0f4d0f88762e32505930424070d",
                            "0x58a122fdeabedfbcad7f",
                            8543
                        ],
                        [
                            "sstore",
                            "0x55b91fb95307b5d559958238471c03242b9eb0f4d0f88762e32505930424070d",
                            "0x6337a461db645afcad7f",
                            8622
                        ],
                        [
                            "sload",
                            "0x4a0ee5c5dd351c5cc68fdb97ced6d4cf25b5499f46b94ad28a2277abcf84e48c",
                            "0xfffffffffffffffffffffffffffffffffffffffffffe0e532e32e8451f84d7fa",
                            3526
                        ],
                        [
                            "sstore",
                            "0x4a0ee5c5dd351c5cc68fdb97ced6d4cf25b5499f46b94ad28a2277abcf84e48c",
                            "0xfffffffffffffffffffffffffffffffffffffffffffe03bcaccef79fa444d7fa",
                            7928
                        ]
                    ]
                }
            ],
            [
                "0x5ade7ae8660293f2ebfcefaba91d141d72d221e8",
                "0x70a08231",
                "complete",
                3518,
                3647,
                "staticcall",
                {
                    "0x5ade7ae8660293f2ebfcefaba91d141d72d221e8": [
                        [
                            "sload",
                            "0x55b91fb95307b5d559958238471c03242b9eb0f4d0f88762e32505930424070d",
                            "0x6337a461db645afcad7f",
                            4643
                        ]
                    ]
                }
            ]
        ],
        []
    ],
    "0xbda5c64cacaddf659d65907b8612f0873237bf8b9037ba4716800cfb359ce6c3": [
        [
            [
                "0x5ade7ae8660293f2ebfcefaba91d141d72d221e8",
                "0x70a08231",
                "complete",
                995,
                1124,
                "staticcall",
                {
                    "0x5ade7ae8660293f2ebfcefaba91d141d72d221e8": [
                        [
                            "sload",
                            "0xd50726e0ca05ddf96a0d3f56e05aa6ab25ecffd7cc62e2054435613841dcb8db",
                            "0x0",
                            4643
                        ]
                    ]
                }
            ],
            [
                "0x5ade7ae8660293f2ebfcefaba91d141d72d221e8",
                "0xa9059cbb",
                "complete",
                2697,
                3059,
                "call",
                {
                    "0x5ade7ae8660293f2ebfcefaba91d141d72d221e8": [
                        [
                            "sload",
                            "0x55b91fb95307b5d559958238471c03242b9eb0f4d0f88762e32505930424070d",
                            "0x6337a461db645afcad7f",
                            8395
                        ],
                        [
                            "sstore",
                            "0x55b91fb95307b5d559958238471c03242b9eb0f4d0f88762e32505930424070d",
                            "0x5788569f74508a7c515e",
                            8475
                        ],
                        [
                            "sload",
                            "0xd50726e0ca05ddf96a0d3f56e05aa6ab25ecffd7cc62e2054435613841dcb8db",
                            "0x0",
                            8543
                        ],
                        [
                            "sstore",
                            "0xd50726e0ca05ddf96a0d3f56e05aa6ab25ecffd7cc62e2054435613841dcb8db",
                            "0xbaf4dc26713d0805c21",
                            8622
                        ]
                    ]
                }
            ],
            [
                "0x5ade7ae8660293f2ebfcefaba91d141d72d221e8",
                "0x70a08231",
                "complete",
                3194,
                3323,
                "staticcall",
                {
                    "0x5ade7ae8660293f2ebfcefaba91d141d72d221e8": [
                        [
                            "sload",
                            "0x55b91fb95307b5d559958238471c03242b9eb0f4d0f88762e32505930424070d",
                            "0x5788569f74508a7c515e",
                            4643
                        ]
                    ]
                }
            ],
            [
                "0x5ade7ae8660293f2ebfcefaba91d141d72d221e8",
                "0x70a08231",
                "complete",
                4218,
                4347,
                "staticcall",
                {
                    "0x5ade7ae8660293f2ebfcefaba91d141d72d221e8": [
                        [
                            "sload",
                            "0xd50726e0ca05ddf96a0d3f56e05aa6ab25ecffd7cc62e2054435613841dcb8db",
                            "0xbaf4dc26713d0805c21",
                            4643
                        ]
                    ]
                }
            ]
        ],
        []
    ],
    "0xc9db1ecb9d1e839a2b3b8d3c7ae7e96ac8ec5d74b73574e8d2e9518e8ffc4495": [
        [
            [
                "0x5ade7ae8660293f2ebfcefaba91d141d72d221e8",
                "0xd6febde8",
                "complete",
                -1,
                2262,
                "firstcall",
                {
                    "0x5ade7ae8660293f2ebfcefaba91d141d72d221e8": [
                        [
                            "sload",
                            "0x2",
                            "0x7f5e247fc5a19803b30517",
                            3349
                        ],
                        [
                            "sload",
                            "0x4",
                            "0xa874799d28c1307b3c0d",
                            3618
                        ],
                        [
                            "sload",
                            "0x5",
                            "0xf3e58",
                            3624
                        ],
                        [
                            "sload",
                            "0x4",
                            "0xa874799d28c1307b3c0d",
                            10071
                        ],
                        [
                            "sstore",
                            "0x4",
                            "0xa911af32d3e5694b3c0d",
                            10090
                        ],
                        [
                            "sload",
                            "0x2",
                            "0x7f5e247fc5a19803b30517",
                            9227
                        ],
                        [
                            "sstore",
                            "0x2",
                            "0x7fd4e372335278a3e6c006",
                            9246
                        ],
                        [
                            "sload",
                            "0x7d12d22ec11100a7f54fdec82888a8efb73123fe626a1386d1ff266d50c9be88",
                            "0x0",
                            9314
                        ],
                        [
                            "sstore",
                            "0x7d12d22ec11100a7f54fdec82888a8efb73123fe626a1386d1ff266d50c9be88",
                            "0x76bef26db0e0a033baef",
                            9393
                        ]
                    ],
                    "0x6b175474e89094c44da98b954eedeac495271d0f": [
                        [
                            "sload",
                            "0xaca88b2c668b9d0f7890365b51c09aa9b76badf3e5bcf506f16b7ee4a8e4003d",
                            "0x9d3595ab2438d00000",
                            2664
                        ],
                        [
                            "sload",
                            "0x862058825524a13371f95ee460afac39acfcf1f5f7a25f78cec51e19eaba1aae",
                            "0x9d3595ab2438d00000",
                            2993
                        ],
                        [
                            "sload",
                            "0x862058825524a13371f95ee460afac39acfcf1f5f7a25f78cec51e19eaba1aae",
                            "0x9d3595ab2438d00000",
                            3127
                        ],
                        [
                            "sload",
                            "0x862058825524a13371f95ee460afac39acfcf1f5f7a25f78cec51e19eaba1aae",
                            "0x9d3595ab2438d00000",
                            3371
                        ],
                        [
                            "sstore",
                            "0x862058825524a13371f95ee460afac39acfcf1f5f7a25f78cec51e19eaba1aae",
                            "0x0",
                            3504
                        ],
                        [
                            "sload",
                            "0xaca88b2c668b9d0f7890365b51c09aa9b76badf3e5bcf506f16b7ee4a8e4003d",
                            "0x9d3595ab2438d00000",
                            3573
                        ],
                        [
                            "sstore",
                            "0xaca88b2c668b9d0f7890365b51c09aa9b76badf3e5bcf506f16b7ee4a8e4003d",
                            "0x0",
                            3645
                        ],
                        [
                            "sload",
                            "0x15faa59cd19891e9621a3bba273a9f040887cde9f44ce391e7a85ff4c6110dc6",
                            "0xa8807497545a0d08bc0d",
                            3713
                        ],
                        [
                            "sstore",
                            "0x15faa59cd19891e9621a3bba273a9f040887cde9f44ce391e7a85ff4c6110dc6",
                            "0xa91daa2cff7e45d8bc0d",
                            3785
                        ]
                    ]
                }
            ],
            [
                "0x16f6664c16bede5d70818654defef11769d40983",
                "0x29a00e7c",
                "complete",
                201,
                1305,
                "staticcall",
                {}
            ]
        ],
        [
            [
                "0x6b175474e89094c44da98b954eedeac495271d0f",
                "0x83aba53382af0754e2599312f02dfc6774489f82",
                "0x5ade7ae8660293f2ebfcefaba91d141d72d221e8",
                2900000000000000000000
            ]
        ]
    ],
    "0xf35ec0cb893ce477d2be2869eb01f5ee4c83ee9d35df929163b189061a7e6e1d": [],
    "0xa16694a029704d7ea6221d4ca3869b452e5fe774aa664658d0bc949702c129a8": [
        [
            [
                "0xc08f38f43adb64d16fe9f9efcc2949d9eddec198",
                "0xd6febde8",
                "complete",
                -1,
                2131,
                "firstcall",
                {
                    "0xc08f38f43adb64d16fe9f9efcc2949d9eddec198": [
                        [
                            "sload",
                            "0x2",
                            "0x925670e84e9159acb85",
                            3349
                        ],
                        [
                            "sload",
                            "0x4",
                            "0x18b081cd7e5280f6e118a",
                            3618
                        ],
                        [
                            "sload",
                            "0x5",
                            "0x7a120",
                            3624
                        ],
                        [
                            "sload",
                            "0x4",
                            "0x18b081cd7e5280f6e118a",
                            9947
                        ],
                        [
                            "sstore",
                            "0x4",
                            "0x25eca38a6b215b06e118a",
                            9966
                        ],
                        [
                            "sload",
                            "0x2",
                            "0x925670e84e9159acb85",
                            9103
                        ],
                        [
                            "sstore",
                            "0x2",
                            "0xb55e1077d6627d4889a",
                            9122
                        ],
                        [
                            "sload",
                            "0x7b8224137d453fb4668c8a68de37799f773a1f2515e3e94c05ea43d619504b62",
                            "0x0",
                            9190
                        ],
                        [
                            "sstore",
                            "0x7b8224137d453fb4668c8a68de37799f773a1f2515e3e94c05ea43d619504b62",
                            "0x23079f8f87d1239bd15",
                            9269
                        ]
                    ],
                    "0x5ade7ae8660293f2ebfcefaba91d141d72d221e8": [
                        [
                            "sload",
                            "0x8c46ca77f0ee03a453b1e6fca0f29fef94f0e1e38c07851c3f25d947fb6be7cc",
                            "0x1",
                            5767
                        ],
                        [
                            "sload",
                            "0x7b8224137d453fb4668c8a68de37799f773a1f2515e3e94c05ea43d619504b62",
                            "0x1736adbafd3d10add1a0f",
                            9726
                        ],
                        [
                            "sstore",
                            "0x7b8224137d453fb4668c8a68de37799f773a1f2515e3e94c05ea43d619504b62",
                            "0x9fa8bfe106e369dd1a0f",
                            9806
                        ],
                        [
                            "sload",
                            "0x2",
                            "0x7fd4e372335278a3e6c006",
                            9814
                        ],
                        [
                            "sstore",
                            "0x2",
                            "0x7f01215664858b02e6c006",
                            9833
                        ]
                    ]
                }
            ],
            [
                "0x16f6664c16bede5d70818654defef11769d40983",
                "0x29a00e7c",
                "complete",
                190,
                1385,
                "staticcall",
                {}
            ],
            [
                "0x5ade7ae8660293f2ebfcefaba91d141d72d221e8",
                "0xaad3ec96",
                "complete",
                1552,
                1896,
                "call",
                {
                    "0x5ade7ae8660293f2ebfcefaba91d141d72d221e8": [
                        [
                            "sload",
                            "0x8c46ca77f0ee03a453b1e6fca0f29fef94f0e1e38c07851c3f25d947fb6be7cc",
                            "0x1",
                            5767
                        ],
                        [
                            "sload",
                            "0x7b8224137d453fb4668c8a68de37799f773a1f2515e3e94c05ea43d619504b62",
                            "0x1736adbafd3d10add1a0f",
                            9726
                        ],
                        [
                            "sstore",
                            "0x7b8224137d453fb4668c8a68de37799f773a1f2515e3e94c05ea43d619504b62",
                            "0x9fa8bfe106e369dd1a0f",
                            9806
                        ],
                        [
                            "sload",
                            "0x2",
                            "0x7fd4e372335278a3e6c006",
                            9814
                        ],
                        [
                            "sstore",
                            "0x2",
                            "0x7f01215664858b02e6c006",
                            9833
                        ]
                    ]
                }
            ]
        ],
        []
    ],
    "0x76d987743178cb9b242073cec31b1c795e821e64b48e64a20c5f07b382630501": [
        [
            [
                "0x5ade7ae8660293f2ebfcefaba91d141d72d221e8",
                "0xa9059cbb",
                "complete",
                2777,
                3139,
                "call",
                {
                    "0x5ade7ae8660293f2ebfcefaba91d141d72d221e8": [
                        [
                            "sload",
                            "0x55b91fb95307b5d559958238471c03242b9eb0f4d0f88762e32505930424070d",
                            "0x5788569f74508a7c515e",
                            8395
                        ],
                        [
                            "sstore",
                            "0x55b91fb95307b5d559958238471c03242b9eb0f4d0f88762e32505930424070d",
                            "0x5584dbd5fe6049ac30ae",
                            8475
                        ],
                        [
                            "sload",
                            "0x8bb7aa28ff7f2632778b97be8c68a00feffb2454c598c5072132b5be832d7f30",
                            "0x0",
                            8543
                        ],
                        [
                            "sstore",
                            "0x8bb7aa28ff7f2632778b97be8c68a00feffb2454c598c5072132b5be832d7f30",
                            "0x2037ac975f040d020b0",
                            8622
                        ]
                    ]
                }
            ],
            [
                "0x5ade7ae8660293f2ebfcefaba91d141d72d221e8",
                "0x70a08231",
                "complete",
                3274,
                3403,
                "staticcall",
                {
                    "0x5ade7ae8660293f2ebfcefaba91d141d72d221e8": [
                        [
                            "sload",
                            "0x55b91fb95307b5d559958238471c03242b9eb0f4d0f88762e32505930424070d",
                            "0x5584dbd5fe6049ac30ae",
                            4643
                        ]
                    ]
                }
            ]
        ],
        []
    ],
    "0x554c9019c6e2a69072c2d32f0c9bff1a6e3bf847a0b102a2f9d6c969693dffba": [
        [
            [
                "0x5ade7ae8660293f2ebfcefaba91d141d72d221e8",
                "0xa9059cbb",
                "complete",
                -1,
                361,
                "firstcall",
                {
                    "0x5ade7ae8660293f2ebfcefaba91d141d72d221e8": [
                        [
                            "sload",
                            "0xb2f54b1741d44928449a9f8b316e711cd81e11998d245d154fbdb95f2871358f",
                            "0x182c2c795682c259711f",
                            8395
                        ],
                        [
                            "sstore",
                            "0xb2f54b1741d44928449a9f8b316e711cd81e11998d245d154fbdb95f2871358f",
                            "0x0",
                            8475
                        ],
                        [
                            "sload",
                            "0x91d2b4ba3c4324381ae27df042572f2441c4d321a66cc73f100131ed3b92107a",
                            "0xb0bca0858d4557dd7fa",
                            8543
                        ],
                        [
                            "sstore",
                            "0x91d2b4ba3c4324381ae27df042572f2441c4d321a66cc73f100131ed3b92107a",
                            "0x2337f681af5717d74919",
                            8622
                        ]
                    ]
                }
            ]
        ],
        []
    ],
    "0x0062cb72d01aea90be60f363f81405c82b7bc29b2e9928e065db85788eed553a": [
        [],
        []
    ],
    "0x4ed975475e6582e357647742bb46b27f8a173218fb79ca2018fcb8cd9fdb45a2": [
        [
            [
                "0x5ade7ae8660293f2ebfcefaba91d141d72d221e8",
                "0x23b872dd",
                "complete",
                2215,
                2776,
                "call",
                {
                    "0x5ade7ae8660293f2ebfcefaba91d141d72d221e8": [
                        [
                            "sload",
                            "0x41bd83cf32093c8bc834c3cfeeb03daaf1bdf0b6c34e0c58d466302840e276cd",
                            "0x147993bc532c27f6731b",
                            8395
                        ],
                        [
                            "sstore",
                            "0x41bd83cf32093c8bc834c3cfeeb03daaf1bdf0b6c34e0c58d466302840e276cd",
                            "0x0",
                            8475
                        ],
                        [
                            "sload",
                            "0x55b91fb95307b5d559958238471c03242b9eb0f4d0f88762e32505930424070d",
                            "0x5584dbd5fe6049ac30ae",
                            8543
                        ],
                        [
                            "sstore",
                            "0x55b91fb95307b5d559958238471c03242b9eb0f4d0f88762e32505930424070d",
                            "0x69fe6f92518c71a2a3c9",
                            8622
                        ],
                        [
                            "sload",
                            "0x217f39b24f642531bc78a362adeaa33410b62a403f419012813241fd1b01dfc0",
                            "0xffffffffffffffffffffffffffffffffffffffffffffeb70cc70010f8e0de651",
                            3526
                        ],
                        [
                            "sstore",
                            "0x217f39b24f642531bc78a362adeaa33410b62a403f419012813241fd1b01dfc0",
                            "0xffffffffffffffffffffffffffffffffffffffffffffd6f738b3ade366177336",
                            7928
                        ]
                    ]
                }
            ],
            [
                "0x5ade7ae8660293f2ebfcefaba91d141d72d221e8",
                "0x70a08231",
                "complete",
                4409,
                4538,
                "staticcall",
                {
                    "0x5ade7ae8660293f2ebfcefaba91d141d72d221e8": [
                        [
                            "sload",
                            "0x55b91fb95307b5d559958238471c03242b9eb0f4d0f88762e32505930424070d",
                            "0x69fe6f92518c71a2a3c9",
                            4643
                        ]
                    ]
                }
            ]
        ],
        []
    ],
    "0x5f31bd82ed4666d30793814ac605a244132ab67d736b06e682938de565197eb0": [
        [
            [
                "0x5ade7ae8660293f2ebfcefaba91d141d72d221e8",
                "0xa9059cbb",
                "complete",
                2625,
                2987,
                "call",
                {
                    "0x5ade7ae8660293f2ebfcefaba91d141d72d221e8": [
                        [
                            "sload",
                            "0x55b91fb95307b5d559958238471c03242b9eb0f4d0f88762e32505930424070d",
                            "0x69fe6f92518c71a2a3c9",
                            8395
                        ],
                        [
                            "sstore",
                            "0x55b91fb95307b5d559958238471c03242b9eb0f4d0f88762e32505930424070d",
                            "0x61f4a62bf8ff651fb065",
                            8475
                        ],
                        [
                            "sload",
                            "0x310cefba57cc5c94c41a0bbc7d3eaee4c0438325df6daf66ef97f62996b7f534",
                            "0x26ba325de6355c15ebe6",
                            8543
                        ],
                        [
                            "sstore",
                            "0x310cefba57cc5c94c41a0bbc7d3eaee4c0438325df6daf66ef97f62996b7f534",
                            "0x2ec3fbc43ec26898df4a",
                            8622
                        ]
                    ]
                }
            ],
            [
                "0x5ade7ae8660293f2ebfcefaba91d141d72d221e8",
                "0x70a08231",
                "complete",
                3122,
                3251,
                "staticcall",
                {
                    "0x5ade7ae8660293f2ebfcefaba91d141d72d221e8": [
                        [
                            "sload",
                            "0x55b91fb95307b5d559958238471c03242b9eb0f4d0f88762e32505930424070d",
                            "0x61f4a62bf8ff651fb065",
                            4643
                        ]
                    ]
                }
            ],
            [
                "0x5ade7ae8660293f2ebfcefaba91d141d72d221e8",
                "0x70a08231",
                "complete",
                5096,
                5225,
                "staticcall",
                {
                    "0x5ade7ae8660293f2ebfcefaba91d141d72d221e8": [
                        [
                            "sload",
                            "0x310cefba57cc5c94c41a0bbc7d3eaee4c0438325df6daf66ef97f62996b7f534",
                            "0x2ec3fbc43ec26898df4a",
                            4643
                        ]
                    ]
                }
            ]
        ],
        []
    ],
    "0xde6596a11f8cb5b7ab00375ab8b01ea071f1c2c658edb5f3079870af81ddf4c1": [],
    "0x9fc0d496d52e3d620722dea9b2be0afa380b9bbf9291bbc76d305749840e0848": [
        [],
        []
    ],
    "0xa12c2260e47ba8a33b14616c417c5b27bbd6cd813f2cab167799c797a095c84c": [
        [
            [
                "0x5ade7ae8660293f2ebfcefaba91d141d72d221e8",
                "0xd6febde8",
                "complete",
                -1,
                2262,
                "firstcall",
                {
                    "0x5ade7ae8660293f2ebfcefaba91d141d72d221e8": [
                        [
                            "sload",
                            "0x2",
                            "0x7f01215664858b02e6c006",
                            3349
                        ],
                        [
                            "sload",
                            "0x4",
                            "0xa911af32d3e5694b3c0d",
                            3618
                        ],
                        [
                            "sload",
                            "0x5",
                            "0xf3e58",
                            3624
                        ],
                        [
                            "sload",
                            "0x4",
                            "0xa911af32d3e5694b3c0d",
                            10071
                        ],
                        [
                            "sstore",
                            "0x4",
                            "0xa97e1ac62f71268b3c0d",
                            10090
                        ],
                        [
                            "sload",
                            "0x2",
                            "0x7f01215664858b02e6c006",
                            9227
                        ],
                        [
                            "sstore",
                            "0x2",
                            "0x7f527e677f5081c58bc9dc",
                            9246
                        ],
                        [
                            "sload",
                            "0xde5d88196595f466963b9c42a260b50fd688f4d7b6a7cdb7b284594142f269f6",
                            "0x1daeea30f10494d5116a",
                            9314
                        ],
                        [
                            "sstore",
                            "0xde5d88196595f466963b9c42a260b50fd688f4d7b6a7cdb7b284594142f269f6",
                            "0x6f0bfb4bbbfb577a1b40",
                            9393
                        ]
                    ],
                    "0x6b175474e89094c44da98b954eedeac495271d0f": [
                        [
                            "sload",
                            "0x8047d6c03deb3bb6960c4e6d0b9556bc37636a9602dac61ad7849f839f8f968",
                            "0xd8d726b7177a800000",
                            2664
                        ],
                        [
                            "sload",
                            "0x3fd3c4f2ab428262d7a9fda0dda2eee18b874b8a34b560501cd0befb63bd4645",
                            "0xd8d726b7177a800000",
                            2993
                        ],
                        [
                            "sload",
                            "0x3fd3c4f2ab428262d7a9fda0dda2eee18b874b8a34b560501cd0befb63bd4645",
                            "0xd8d726b7177a800000",
                            3127
                        ],
                        [
                            "sload",
                            "0x3fd3c4f2ab428262d7a9fda0dda2eee18b874b8a34b560501cd0befb63bd4645",
                            "0xd8d726b7177a800000",
                            3371
                        ],
                        [
                            "sstore",
                            "0x3fd3c4f2ab428262d7a9fda0dda2eee18b874b8a34b560501cd0befb63bd4645",
                            "0x6c6b935b8bbd400000",
                            3504
                        ],
                        [
                            "sload",
                            "0x8047d6c03deb3bb6960c4e6d0b9556bc37636a9602dac61ad7849f839f8f968",
                            "0xd8d726b7177a800000",
                            3573
                        ],
                        [
                            "sstore",
                            "0x8047d6c03deb3bb6960c4e6d0b9556bc37636a9602dac61ad7849f839f8f968",
                            "0x6c6b935b8bbd400000",
                            3645
                        ],
                        [
                            "sload",
                            "0x15faa59cd19891e9621a3bba273a9f040887cde9f44ce391e7a85ff4c6110dc6",
                            "0xa91daa2cff7e45d8bc0d",
                            3713
                        ],
                        [
                            "sstore",
                            "0x15faa59cd19891e9621a3bba273a9f040887cde9f44ce391e7a85ff4c6110dc6",
                            "0xa98a15c05b0a0318bc0d",
                            3785
                        ]
                    ]
                }
            ],
            [
                "0x16f6664c16bede5d70818654defef11769d40983",
                "0x29a00e7c",
                "complete",
                201,
                1305,
                "staticcall",
                {}
            ]
        ],
        [
            [
                "0x6b175474e89094c44da98b954eedeac495271d0f",
                "0xb6da08cd77da865e99bba2868aac74ea2cd58162",
                "0x5ade7ae8660293f2ebfcefaba91d141d72d221e8",
                2000000000000000000000
            ]
        ]
    ],
    "0x0e9045d2a21a34a24c6547d84f1ffbb08f7c51311041ef0a48de4e325c4a446d": [
        [
            [
                "0x5ade7ae8660293f2ebfcefaba91d141d72d221e8",
                "0xa9059cbb",
                "complete",
                2777,
                3139,
                "call",
                {
                    "0x5ade7ae8660293f2ebfcefaba91d141d72d221e8": [
                        [
                            "sload",
                            "0x55b91fb95307b5d559958238471c03242b9eb0f4d0f88762e32505930424070d",
                            "0x61f4a62bf8ff651fb065",
                            8395
                        ],
                        [
                            "sstore",
                            "0x55b91fb95307b5d559958238471c03242b9eb0f4d0f88762e32505930424070d",
                            "0x5ed5b96437e80f56f6cb",
                            8475
                        ],
                        [
                            "sload",
                            "0x35baff188c5a8792b9ee5995d83d3daca9d6f2b5cb625f4ac280571a01cc57d1",
                            "0x0",
                            8543
                        ],
                        [
                            "sstore",
                            "0x35baff188c5a8792b9ee5995d83d3daca9d6f2b5cb625f4ac280571a01cc57d1",
                            "0x31eecc7c11755c8b99a",
                            8622
                        ]
                    ]
                }
            ],
            [
                "0x5ade7ae8660293f2ebfcefaba91d141d72d221e8",
                "0x70a08231",
                "complete",
                3274,
                3403,
                "staticcall",
                {
                    "0x5ade7ae8660293f2ebfcefaba91d141d72d221e8": [
                        [
                            "sload",
                            "0x55b91fb95307b5d559958238471c03242b9eb0f4d0f88762e32505930424070d",
                            "0x5ed5b96437e80f56f6cb",
                            4643
                        ]
                    ]
                }
            ]
        ],
        []
    ],
    "0x91a35aa5697577e9177e68a731120fe885dd3dfe67abd7f231ea35bac0eb99a7": [
        [
            [
                "0x5ade7ae8660293f2ebfcefaba91d141d72d221e8",
                "0xa9059cbb",
                "complete",
                2777,
                3139,
                "call",
                {
                    "0x5ade7ae8660293f2ebfcefaba91d141d72d221e8": [
                        [
                            "sload",
                            "0x55b91fb95307b5d559958238471c03242b9eb0f4d0f88762e32505930424070d",
                            "0x5ed5b96437e80f56f6cb",
                            8395
                        ],
                        [
                            "sstore",
                            "0x55b91fb95307b5d559958238471c03242b9eb0f4d0f88762e32505930424070d",
                            "0x5be8341ad8eac1cc902a",
                            8475
                        ],
                        [
                            "sload",
                            "0x35baff188c5a8792b9ee5995d83d3daca9d6f2b5cb625f4ac280571a01cc57d1",
                            "0x31eecc7c11755c8b99a",
                            8543
                        ],
                        [
                            "sstore",
                            "0x35baff188c5a8792b9ee5995d83d3daca9d6f2b5cb625f4ac280571a01cc57d1",
                            "0x60c72112014a353203b",
                            8622
                        ]
                    ]
                }
            ],
            [
                "0x5ade7ae8660293f2ebfcefaba91d141d72d221e8",
                "0x70a08231",
                "complete",
                3274,
                3403,
                "staticcall",
                {
                    "0x5ade7ae8660293f2ebfcefaba91d141d72d221e8": [
                        [
                            "sload",
                            "0x55b91fb95307b5d559958238471c03242b9eb0f4d0f88762e32505930424070d",
                            "0x5be8341ad8eac1cc902a",
                            4643
                        ]
                    ]
                }
            ]
        ],
        []
    ],
    "0x504943b8f4a60731fe41e523c9ee4f49b2ef166696833fa1d98e219d9d366155": [
        [
            [
                "0x5ade7ae8660293f2ebfcefaba91d141d72d221e8",
                "0xa9059cbb",
                "complete",
                2777,
                3139,
                "call",
                {
                    "0x5ade7ae8660293f2ebfcefaba91d141d72d221e8": [
                        [
                            "sload",
                            "0x55b91fb95307b5d559958238471c03242b9eb0f4d0f88762e32505930424070d",
                            "0x5be8341ad8eac1cc902a",
                            8395
                        ],
                        [
                            "sstore",
                            "0x55b91fb95307b5d559958238471c03242b9eb0f4d0f88762e32505930424070d",
                            "0x56900be6f9b95d261c8c",
                            8475
                        ],
                        [
                            "sload",
                            "0x7c30cd17fc59b7f6eaedbb57a080f1ef6ad2b7e237d7935c7cdcfba76f218db0",
                            "0x337bd4cbee42d3e732b",
                            8543
                        ],
                        [
                            "sstore",
                            "0x7c30cd17fc59b7f6eaedbb57a080f1ef6ad2b7e237d7935c7cdcfba76f218db0",
                            "0x88fe5809e1591e4e6c9",
                            8622
                        ]
                    ]
                }
            ],
            [
                "0x5ade7ae8660293f2ebfcefaba91d141d72d221e8",
                "0x70a08231",
                "complete",
                3274,
                3403,
                "staticcall",
                {
                    "0x5ade7ae8660293f2ebfcefaba91d141d72d221e8": [
                        [
                            "sload",
                            "0x55b91fb95307b5d559958238471c03242b9eb0f4d0f88762e32505930424070d",
                            "0x56900be6f9b95d261c8c",
                            4643
                        ]
                    ]
                }
            ]
        ],
        []
    ],
    "0x8a767f951de5125b22e8a8893082776c3527b2891a7af411816dbb977e287815": [],
    "0x6ca434f0c31e78cf1f585aa7810735079792c56638459410e0c56d2b7454b084": [
        [
            [
                "0x5ade7ae8660293f2ebfcefaba91d141d72d221e8",
                "0xa9059cbb",
                "complete",
                4598,
                4960,
                "call",
                {
                    "0x5ade7ae8660293f2ebfcefaba91d141d72d221e8": [
                        [
                            "sload",
                            "0x310cefba57cc5c94c41a0bbc7d3eaee4c0438325df6daf66ef97f62996b7f534",
                            "0x2ec3fbc43ec26898df4a",
                            8395
                        ],
                        [
                            "sstore",
                            "0x310cefba57cc5c94c41a0bbc7d3eaee4c0438325df6daf66ef97f62996b7f534",
                            "0x2a4710511291a6aea401",
                            8475
                        ],
                        [
                            "sload",
                            "0x55b91fb95307b5d559958238471c03242b9eb0f4d0f88762e32505930424070d",
                            "0x56900be6f9b95d261c8c",
                            8543
                        ],
                        [
                            "sstore",
                            "0x55b91fb95307b5d559958238471c03242b9eb0f4d0f88762e32505930424070d",
                            "0x5b0cf75a25ea1f1057d5",
                            8622
                        ]
                    ]
                }
            ],
            [
                "0x5ade7ae8660293f2ebfcefaba91d141d72d221e8",
                "0x70a08231",
                "complete",
                5095,
                5224,
                "staticcall",
                {
                    "0x5ade7ae8660293f2ebfcefaba91d141d72d221e8": [
                        [
                            "sload",
                            "0x310cefba57cc5c94c41a0bbc7d3eaee4c0438325df6daf66ef97f62996b7f534",
                            "0x2a4710511291a6aea401",
                            4643
                        ]
                    ]
                }
            ],
            [
                "0x5ade7ae8660293f2ebfcefaba91d141d72d221e8",
                "0x70a08231",
                "complete",
                7038,
                7167,
                "staticcall",
                {
                    "0x5ade7ae8660293f2ebfcefaba91d141d72d221e8": [
                        [
                            "sload",
                            "0x55b91fb95307b5d559958238471c03242b9eb0f4d0f88762e32505930424070d",
                            "0x5b0cf75a25ea1f1057d5",
                            4643
                        ]
                    ]
                }
            ]
        ],
        []
    ]
}