{
    "0x6ead9005f20bfc0d391732c7d21b7005b625e3a7cacb91ebd016b12eba52dc4f": [
        [],
        []
    ],
    "0x10c00ca29859f4d0f78abbbc501c51348f447a2b31ddca8cceea5a4d9fe4547a": [
        [],
        []
    ],
    "0x0346412cabb58db31d8bfb5e97320d6f8eb3f448f8639137a6b764df1abbf12d": [
        [
            [
                "0x5ade7ae8660293f2ebfcefaba91d141d72d221e8",
                "0xa9059cbb",
                "complete",
                6214,
                6576,
                "call",
                {
                    "0x5ade7ae8660293f2ebfcefaba91d141d72d221e8": [
                        [
                            "sload",
                            "0x55b91fb95307b5d559958238471c03242b9eb0f4d0f88762e32505930424070d",
                            "0x54fe9d11d08306348a39",
                            8395
                        ],
                        [
                            "sstore",
                            "0x55b91fb95307b5d559958238471c03242b9eb0f4d0f88762e32505930424070d",
                            "0x503707a169383e28f019",
                            8475
                        ],
                        [
                            "sload",
                            "0xd7c0d9f2958fb9c57ea9415af04e051ac0802027a675fc06c74979de317df222",
                            "0x1793278b6508a2fba8c",
                            8543
                        ],
                        [
                            "sstore",
                            "0xd7c0d9f2958fb9c57ea9415af04e051ac0802027a675fc06c74979de317df222",
                            "0x640c7e91d9b523b54ac",
                            8622
                        ]
                    ]
                }
            ],
            [
                "0x5ade7ae8660293f2ebfcefaba91d141d72d221e8",
                "0x70a08231",
                "complete",
                6711,
                6840,
                "staticcall",
                {
                    "0x5ade7ae8660293f2ebfcefaba91d141d72d221e8": [
                        [
                            "sload",
                            "0x55b91fb95307b5d559958238471c03242b9eb0f4d0f88762e32505930424070d",
                            "0x503707a169383e28f019",
                            4643
                        ]
                    ]
                }
            ]
        ],
        []
    ],
    "0x01936e89a222d85b463871bd01313d37da91db082308bf166eb56089f8cd6371": [],
    "0x938f87609c075ef5f55192bc80ce1b09b73875811443f0a9cb7dd5bcddea2fac": [
        [],
        []
    ],
    "0x313f8ef4e382a060105468b772bc3a754e6db6c3c21b035891306e9761b2c42c": [
        [],
        []
    ],
    "0x684af60b157896be6ce040cae65de98e0d3c3a90cff767aa5d603bed2ea5dc1f": [
        [
            [
                "0x5ade7ae8660293f2ebfcefaba91d141d72d221e8",
                "0x095ea7b3",
                "complete",
                -1,
                221,
                "firstcall",
                {
                    "0x5ade7ae8660293f2ebfcefaba91d141d72d221e8": [
                        [
                            "sstore",
                            "0xa571889159e3d9214b178f5731c09723290e82ae9e7147a38998f9ce2792d3db",
                            "0xffffffffffffffffffffffffffffffffffffffffffffffffffffffffffffffff",
                            7928
                        ]
                    ]
                }
            ]
        ],
        []
    ],
    "0xd7ccc83bc4d39dafcebacaf61ecad70c614c7b5482cc36dbbd0355a754fbb4de": [
        [],
        []
    ],
    "0xdb74ad16e420864c4df4df7bc6661adb9454a09b842ba93877449b3507240f66": [
        [
            [
                "0x5ade7ae8660293f2ebfcefaba91d141d72d221e8",
                "0xa9059cbb",
                "complete",
                5997,
                6359,
                "call",
                {
                    "0x5ade7ae8660293f2ebfcefaba91d141d72d221e8": [
                        [
                            "sload",
                            "0x310cefba57cc5c94c41a0bbc7d3eaee4c0438325df6daf66ef97f62996b7f534",
                            "0x26cfc9d1a5858a893660",
                            8395
                        ],
                        [
                            "sstore",
                            "0x310cefba57cc5c94c41a0bbc7d3eaee4c0438325df6daf66ef97f62996b7f534",
                            "0x25160bfa415723dd26d3",
                            8475
                        ],
                        [
                            "sload",
                            "0x43852029558389572cc7502d2f331f5cb75cf838d80e7b014bd013ee942e7f01",
                            "0x0",
                            8543
                        ],
                        [
                            "sstore",
                            "0x43852029558389572cc7502d2f331f5cb75cf838d80e7b014bd013ee942e7f01",
                            "0x1b9bdd7642e66ac0f8d",
                            8622
                        ]
                    ]
                }
            ],
            [
                "0x5ade7ae8660293f2ebfcefaba91d141d72d221e8",
                "0x70a08231",
                "complete",
                6494,
                6623,
                "staticcall",
                {
                    "0x5ade7ae8660293f2ebfcefaba91d141d72d221e8": [
                        [
                            "sload",
                            "0x310cefba57cc5c94c41a0bbc7d3eaee4c0438325df6daf66ef97f62996b7f534",
                            "0x25160bfa415723dd26d3",
                            4643
                        ]
                    ]
                }
            ]
        ],
        []
    ],
    "0xb47eddcb12740ca53a1866bb39265e223a4a94a69dfa30f22bb2c98079a8628d": [
        [],
        []
    ]
}