{
    "0xf8d4ab13c8c00b8e308ba4046188d9190a65428f205a58a3a25e3ee0d1be14bc": [
        [
            [
                "0x5ade7ae8660293f2ebfcefaba91d141d72d221e8",
                "0xa9059cbb",
                "complete",
                2777,
                3139,
                "call",
                {
                    "0x5ade7ae8660293f2ebfcefaba91d141d72d221e8": [
                        [
                            "sload",
                            "0x55b91fb95307b5d559958238471c03242b9eb0f4d0f88762e32505930424070d",
                            "0x33d43d80d2bb6070d53a3",
                            8395
                        ],
                        [
                            "sstore",
                            "0x55b91fb95307b5d559958238471c03242b9eb0f4d0f88762e32505930424070d",
                            "0x32db4d3c386b3131ce266",
                            8475
                        ],
                        [
                            "sload",
                            "0x12d4b0dc62708e5f69e552408e2cf5feb47722ffce73d0bdfddfefb709963d40",
                            "0xdac9d6c90fd6d99c4dd",
                            8543
                        ],
                        [
                            "sstore",
                            "0x12d4b0dc62708e5f69e552408e2cf5feb47722ffce73d0bdfddfefb709963d40",
                            "0x1d3ba1b63600618a361a",
                            8622
                        ]
                    ]
                }
            ],
            [
                "0x5ade7ae8660293f2ebfcefaba91d141d72d221e8",
                "0x70a08231",
                "complete",
                3274,
                3403,
                "staticcall",
                {
                    "0x5ade7ae8660293f2ebfcefaba91d141d72d221e8": [
                        [
                            "sload",
                            "0x55b91fb95307b5d559958238471c03242b9eb0f4d0f88762e32505930424070d",
                            "0x32db4d3c386b3131ce266",
                            4643
                        ]
                    ]
                }
            ]
        ],
        []
    ],
    "0xc24e20752fa3e3bc929effb6281a4ba9a1a241b05c34a93a6577f0a2033dd008": [
        [],
        []
    ],
    "0x5d53d529010788fe77b9587dded98ec231d34ba979dd51f41217914060ec2da5": [
        [
            [
                "0x5ade7ae8660293f2ebfcefaba91d141d72d221e8",
                "0x095ea7b3",
                "complete",
                -1,
                221,
                "firstcall",
                {
                    "0x5ade7ae8660293f2ebfcefaba91d141d72d221e8": [
                        [
                            "sstore",
                            "0x9b534111c190d0b462cbe948468f5b48a3e288ab588ada9e745a022f49d71b7f",
                            "0xffffffffffffffffffffffffffffffffffffffffffffffffffffffffffffffff",
                            7928
                        ]
                    ]
                }
            ]
        ],
        []
    ],
    "0x7101bba0b38c5be3be5e5b9c837287e08825e07c2470696bf48af8ffd647a5d6": [],
    "0xa03b721eda539a979fa88a6b79cd4eaccfe1213336cfa0f0e63b09ae1b573c9b": [
        [
            [
                "0x5ade7ae8660293f2ebfcefaba91d141d72d221e8",
                "0xa9059cbb",
                "complete",
                2777,
                3139,
                "call",
                {
                    "0x5ade7ae8660293f2ebfcefaba91d141d72d221e8": [
                        [
                            "sload",
                            "0x55b91fb95307b5d559958238471c03242b9eb0f4d0f88762e32505930424070d",
                            "0x342959b9130d2822b2e34",
                            8395
                        ],
                        [
                            "sstore",
                            "0x55b91fb95307b5d559958238471c03242b9eb0f4d0f88762e32505930424070d",
                            "0x33d43d80d2bb6070d53a3",
                            8475
                        ],
                        [
                            "sload",
                            "0x5762ed361cbd28dbab3a299cb92b6ad74b83cce26bd717bbe50bdf66aac82e3e",
                            "0x7e0e9f8a8e4a74c9847",
                            8543
                        ],
                        [
                            "sstore",
                            "0x5762ed361cbd28dbab3a299cb92b6ad74b83cce26bd717bbe50bdf66aac82e3e",
                            "0xd32ad7cae01226a72d8",
                            8622
                        ]
                    ]
                }
            ],
            [
                "0x5ade7ae8660293f2ebfcefaba91d141d72d221e8",
                "0x70a08231",
                "complete",
                3274,
                3403,
                "staticcall",
                {
                    "0x5ade7ae8660293f2ebfcefaba91d141d72d221e8": [
                        [
                            "sload",
                            "0x55b91fb95307b5d559958238471c03242b9eb0f4d0f88762e32505930424070d",
                            "0x33d43d80d2bb6070d53a3",
                            4643
                        ]
                    ]
                }
            ]
        ],
        []
    ]
}