{
    "0x66d41c05ec0ba6894eca99cc13ea70a433f2fe633450b18dcdf799aba910e8a3": [
        [
            [
                "0x5ade7ae8660293f2ebfcefaba91d141d72d221e8",
                "0x39509351",
                "complete",
                -1,
                289,
                "firstcall",
                {
                    "0x5ade7ae8660293f2ebfcefaba91d141d72d221e8": [
                        [
                            "sload",
                            "0x3bbf901ec524bcdbb233652e721ebed866bea6c562a7ccab6fbb0ba73ea7ff37",
                            "0x1431e0fae6d7217caa0000000",
                            3948
                        ],
                        [
                            "sstore",
                            "0x3bbf901ec524bcdbb233652e721ebed866bea6c562a7ccab6fbb0ba73ea7ff37",
                            "0x146593deb0d42980788000000",
                            7928
                        ]
                    ]
                }
            ]
        ],
        []
    ],
    "0x24d4f369cfa0ab0d6545b84d3267818551a7be50eed86d5c723230c956e3382f": [
        [
            [
                "0x5ade7ae8660293f2ebfcefaba91d141d72d221e8",
                "0xa9059cbb",
                "complete",
                2708,
                3070,
                "call",
                {
                    "0x5ade7ae8660293f2ebfcefaba91d141d72d221e8": [
                        [
                            "sload",
                            "0x55b91fb95307b5d559958238471c03242b9eb0f4d0f88762e32505930424070d",
                            "0x49b693aa729d57c5399f9",
                            8395
                        ],
                        [
                            "sstore",
                            "0x55b91fb95307b5d559958238471c03242b9eb0f4d0f88762e32505930424070d",
                            "0x45c57da57c6d66d7a617d",
                            8475
                        ],
                        [
                            "sload",
                            "0x3d9993a19506cace07ebd73137c91afc9cafd3fb78c0b0725476b53df219a528",
                            "0x1",
                            8543
                        ],
                        [
                            "sstore",
                            "0x3d9993a19506cace07ebd73137c91afc9cafd3fb78c0b0725476b53df219a528",
                            "0x3f11604f62ff0ed9387d",
                            8622
                        ]
                    ]
                }
            ],
            [
                "0x5ade7ae8660293f2ebfcefaba91d141d72d221e8",
                "0x70a08231",
                "complete",
                3205,
                3334,
                "staticcall",
                {
                    "0x5ade7ae8660293f2ebfcefaba91d141d72d221e8": [
                        [
                            "sload",
                            "0x55b91fb95307b5d559958238471c03242b9eb0f4d0f88762e32505930424070d",
                            "0x45c57da57c6d66d7a617d",
                            4643
                        ]
                    ]
                }
            ]
        ],
        []
    ],
    "0x47ba374fd06edeba2c680deb865b54f6f586f9754ec1102aaa89fe2d883b0778": [],
    "0x49f72b6416621a8c3bdf7533f9ab55e6e88325409a230b712364a80ebee72f17": [
        [
            [
                "0x5ade7ae8660293f2ebfcefaba91d141d72d221e8",
                "0xd6febde8",
                "complete",
                -1,
                2262,
                "firstcall",
                {
                    "0x5ade7ae8660293f2ebfcefaba91d141d72d221e8": [
                        [
                            "sload",
                            "0x2",
                            "0x194bfe2f7596ffbbcceae56",
                            3349
                        ],
                        [
                            "sload",
                            "0x4",
                            "0x278dc0652b8155e5a7cfd",
                            3618
                        ],
                        [
                            "sload",
                            "0x5",
                            "0xf3e58",
                            3624
                        ],
                        [
                            "sload",
                            "0x4",
                            "0x278dc0652b8155e5a7cfd",
                            10071
                        ],
                        [
                            "sstore",
                            "0x4",
                            "0x278dc4bb64997a34e7cfd",
                            10090
                        ],
                        [
                            "sload",
                            "0x2",
                            "0x194bfe2f7596ffbbcceae56",
                            9227
                        ],
                        [
                            "sstore",
                            "0x2",
                            "0x194c00f4ccc84d188c8f5f2",
                            9246
                        ],
                        [
                            "sload",
                            "0xc2cb8d66ff4e1f42e756f6a3640ad4314f00fc047bdc29d3cfd137474e7e5568",
                            "0x0",
                            9314
                        ],
                        [
                            "sstore",
                            "0xc2cb8d66ff4e1f42e756f6a3640ad4314f00fc047bdc29d3cfd137474e7e5568",
                            "0x2c557314d5cbfa479c",
                            9393
                        ]
                    ],
                    "0x6b175474e89094c44da98b954eedeac495271d0f": [
                        [
                            "sload",
                            "0x160f8326d8ac77354fc61d976120b7898a51631782132ef1f2567a1bb4ab13e5",
                            "0x2aa362fb70e969069d",
                            2664
                        ],
                        [
                            "sload",
                            "0x890446ae77bec94f812f0b799c5cd35fee0f95e2f2958a7b0c94a748bd7475dc",
                            "0x2cd76fe086b93ce2f768a00b22a00000000000",
                            2993
                        ],
                        [
                            "sload",
                            "0x890446ae77bec94f812f0b799c5cd35fee0f95e2f2958a7b0c94a748bd7475dc",
                            "0x2cd76fe086b93ce2f768a00b22a00000000000",
                            3127
                        ],
                        [
                            "sload",
                            "0x890446ae77bec94f812f0b799c5cd35fee0f95e2f2958a7b0c94a748bd7475dc",
                            "0x2cd76fe086b93ce2f768a00b22a00000000000",
                            3371
                        ],
                        [
                            "sstore",
                            "0x890446ae77bec94f812f0b799c5cd35fee0f95e2f2958a7b0c94a748bd7475dc",
                            "0x2cd76fe086b93ce2f7689fc5bf0e7dbb0c0000",
                            3504
                        ],
                        [
                            "sload",
                            "0x160f8326d8ac77354fc61d976120b7898a51631782132ef1f2567a1bb4ab13e5",
                            "0x2aa362fb70e969069d",
                            3573
                        ],
                        [
                            "sstore",
                            "0x160f8326d8ac77354fc61d976120b7898a51631782132ef1f2567a1bb4ab13e5",
                            "0x2a5dff69eea475069d",
                            3645
                        ],
                        [
                            "sload",
                            "0x15faa59cd19891e9621a3bba273a9f040887cde9f44ce391e7a85ff4c6110dc6",
                            "0x27b46fdc2c5b59f617348",
                            3713
                        ],
                        [
                            "sstore",
                            "0x15faa59cd19891e9621a3bba273a9f040887cde9f44ce391e7a85ff4c6110dc6",
                            "0x27b4743265737e4557348",
                            3785
                        ]
                    ]
                }
            ],
            [
                "0x16f6664c16bede5d70818654defef11769d40983",
                "0x29a00e7c",
                "complete",
                201,
                1305,
                "staticcall",
                {}
            ]
        ],
        [
            [
                "0x6b175474e89094c44da98b954eedeac495271d0f",
                "0x2176597d1d98d3cda4188b46d57c2fa343fab426",
                "0x5ade7ae8660293f2ebfcefaba91d141d72d221e8",
                5000000000000000000
            ]
        ]
    ],
    "0x99e108b045a68c79c490657dd39aad574a0721664bb42c1d9783f942c2f10004": [
        [
            [
                "0x5ade7ae8660293f2ebfcefaba91d141d72d221e8",
                "0xa9059cbb",
                "complete",
                2777,
                3139,
                "call",
                {
                    "0x5ade7ae8660293f2ebfcefaba91d141d72d221e8": [
                        [
                            "sload",
                            "0x55b91fb95307b5d559958238471c03242b9eb0f4d0f88762e32505930424070d",
                            "0x45c57da57c6d66d7a617d",
                            8395
                        ],
                        [
                            "sstore",
                            "0x55b91fb95307b5d559958238471c03242b9eb0f4d0f88762e32505930424070d",
                            "0x4524c5f0941cbc8e32ffb",
                            8475
                        ],
                        [
                            "sload",
                            "0xbf75524aec1411611546c02e98555d663479c6e4cdf412de571914f2b83f3092",
                            "0x0",
                            8543
                        ],
                        [
                            "sstore",
                            "0xbf75524aec1411611546c02e98555d663479c6e4cdf412de571914f2b83f3092",
                            "0xa0b7b4e850aa4973182",
                            8622
                        ]
                    ]
                }
            ],
            [
                "0x5ade7ae8660293f2ebfcefaba91d141d72d221e8",
                "0x70a08231",
                "complete",
                3274,
                3403,
                "staticcall",
                {
                    "0x5ade7ae8660293f2ebfcefaba91d141d72d221e8": [
                        [
                            "sload",
                            "0x55b91fb95307b5d559958238471c03242b9eb0f4d0f88762e32505930424070d",
                            "0x4524c5f0941cbc8e32ffb",
                            4643
                        ]
                    ]
                }
            ]
        ],
        []
    ],
    "0x1b54ba20cc41387f912e95c8380d0e0402310f6ef5fd2a25d8cc74fc7dd92e01": [],
    "0xaa7f4410036cd22a7155e1e9c2ba625d464ec0a58cf5291e7a4f6fd97bb39a31": [],
    "0x650fb5e0af6fc1079337b40f7e11e11bc885f175f55da50a7472d8aba5206d53": [
        [
            [
                "0x5ade7ae8660293f2ebfcefaba91d141d72d221e8",
                "0xa9059cbb",
                "complete",
                2777,
                3139,
                "call",
                {
                    "0x5ade7ae8660293f2ebfcefaba91d141d72d221e8": [
                        [
                            "sload",
                            "0x55b91fb95307b5d559958238471c03242b9eb0f4d0f88762e32505930424070d",
                            "0x4524c5f0941cbc8e32ffb",
                            8395
                        ],
                        [
                            "sstore",
                            "0x55b91fb95307b5d559958238471c03242b9eb0f4d0f88762e32505930424070d",
                            "0x419a1e10ebe085bf07105",
                            8475
                        ],
                        [
                            "sload",
                            "0xaf70c264d8039ac70a69bf0c7a061cdc69f6191070dd07374fe48ae55939336e",
                            "0x1144c3260b3bcb40e223c",
                            8543
                        ],
                        [
                            "sstore",
                            "0xaf70c264d8039ac70a69bf0c7a061cdc69f6191070dd07374fe48ae55939336e",
                            "0x14cf6b05b37802100e132",
                            8622
                        ]
                    ]
                }
            ],
            [
                "0x5ade7ae8660293f2ebfcefaba91d141d72d221e8",
                "0x70a08231",
                "complete",
                3274,
                3403,
                "staticcall",
                {
                    "0x5ade7ae8660293f2ebfcefaba91d141d72d221e8": [
                        [
                            "sload",
                            "0x55b91fb95307b5d559958238471c03242b9eb0f4d0f88762e32505930424070d",
                            "0x419a1e10ebe085bf07105",
                            4643
                        ]
                    ]
                }
            ]
        ],
        []
    ],
    "0x1cccb5f4b91a13865f7f7ddcca68f4c785ca2e78776feaca6762d6bd73f966f5": [
        [
            [
                "0x5ade7ae8660293f2ebfcefaba91d141d72d221e8",
                "0x70a08231",
                "complete",
                375,
                504,
                "staticcall",
                {
                    "0x5ade7ae8660293f2ebfcefaba91d141d72d221e8": [
                        [
                            "sload",
                            "0x3d9993a19506cace07ebd73137c91afc9cafd3fb78c0b0725476b53df219a528",
                            "0x3f11604f62ff0ed9387d",
                            4643
                        ]
                    ]
                }
            ],
            [
                "0x5ade7ae8660293f2ebfcefaba91d141d72d221e8",
                "0xa9059cbb",
                "complete",
                866,
                1228,
                "call",
                {
                    "0x5ade7ae8660293f2ebfcefaba91d141d72d221e8": [
                        [
                            "sload",
                            "0x3d9993a19506cace07ebd73137c91afc9cafd3fb78c0b0725476b53df219a528",
                            "0x3f11604f62ff0ed9387d",
                            8395
                        ],
                        [
                            "sstore",
                            "0x3d9993a19506cace07ebd73137c91afc9cafd3fb78c0b0725476b53df219a528",
                            "0x1",
                            8475
                        ],
                        [
                            "sload",
                            "0x55b91fb95307b5d559958238471c03242b9eb0f4d0f88762e32505930424070d",
                            "0x419a1e10ebe085bf07105",
                            8543
                        ],
                        [
                            "sstore",
                            "0x55b91fb95307b5d559958238471c03242b9eb0f4d0f88762e32505930424070d",
                            "0x458b3415e21076ac9a981",
                            8622
                        ]
                    ]
                }
            ],
            [
                "0x5ade7ae8660293f2ebfcefaba91d141d72d221e8",
                "0x70a08231",
                "complete",
                1623,
                1752,
                "staticcall",
                {
                    "0x5ade7ae8660293f2ebfcefaba91d141d72d221e8": [
                        [
                            "sload",
                            "0x55b91fb95307b5d559958238471c03242b9eb0f4d0f88762e32505930424070d",
                            "0x458b3415e21076ac9a981",
                            4643
                        ]
                    ]
                }
            ],
            [
                "0x5ade7ae8660293f2ebfcefaba91d141d72d221e8",
                "0x70a08231",
                "complete",
                2977,
                3106,
                "staticcall",
                {
                    "0x5ade7ae8660293f2ebfcefaba91d141d72d221e8": [
                        [
                            "sload",
                            "0x55b91fb95307b5d559958238471c03242b9eb0f4d0f88762e32505930424070d",
                            "0x458b3415e21076ac9a981",
                            4643
                        ]
                    ]
                }
            ]
        ],
        []
    ],
    "0xb0621e0a4d9a38a9fed63bcc984eb0881418cc0a3efc860a95049ca468e2227f": [
        [
            [
                "0x5ade7ae8660293f2ebfcefaba91d141d72d221e8",
                "0x70a08231",
                "complete",
                347,
                476,
                "staticcall",
                {
                    "0x5ade7ae8660293f2ebfcefaba91d141d72d221e8": [
                        [
                            "sload",
                            "0x3d9993a19506cace07ebd73137c91afc9cafd3fb78c0b0725476b53df219a528",
                            "0x1",
                            4643
                        ]
                    ]
                }
            ]
        ],
        []
    ],
    "0x4d924d3a9cd3410f1b93e05900a37e031ef95bde00b266832ccf5a361f764b9f": [
        [
            [
                "0x5ade7ae8660293f2ebfcefaba91d141d72d221e8",
                "0xa9059cbb",
                "complete",
                -1,
                361,
                "firstcall",
                {
                    "0x5ade7ae8660293f2ebfcefaba91d141d72d221e8": [
                        [
                            "sload",
                            "0xfaf9cd22e930221ac882d87e454cbfd299f968ef4a8a960ffa7320715afec653",
                            "0x246a3939666f91fcf9a1",
                            8395
                        ],
                        [
                            "sstore",
                            "0xfaf9cd22e930221ac882d87e454cbfd299f968ef4a8a960ffa7320715afec653",
                            "0x0",
                            8475
                        ],
                        [
                            "sload",
                            "0xfbee3a73016dfabbb7f576592dc03ddf22c42903dbee823d0412d22fe0c6cb5f",
                            "0x239fdc26a6a26c2cba3a",
                            8543
                        ],
                        [
                            "sstore",
                            "0xfbee3a73016dfabbb7f576592dc03ddf22c42903dbee823d0412d22fe0c6cb5f",
                            "0x480a15600d11fe29b3db",
                            8622
                        ]
                    ]
                }
            ]
        ],
        []
    ]
}