{
    "0x26ef3f1c2aa9eea08bac1cbfb3dde61cf2c4e0269156777773f90366170e4fce": [
        [
            [
                "0x5ade7ae8660293f2ebfcefaba91d141d72d221e8",
                "0xa9059cbb",
                "complete",
                6279,
                6641,
                "call",
                {
                    "0x5ade7ae8660293f2ebfcefaba91d141d72d221e8": [
                        [
                            "sload",
                            "0x55b91fb95307b5d559958238471c03242b9eb0f4d0f88762e32505930424070d",
                            "0x6ef5bbdcedc122f25ea0f",
                            8395
                        ],
                        [
                            "sstore",
                            "0x55b91fb95307b5d559958238471c03242b9eb0f4d0f88762e32505930424070d",
                            "0x6cf0e97bfcd0c5506a6bf",
                            8475
                        ],
                        [
                            "sload",
                            "0xdcd74a4e738bd4ed78230f662664b7efe9bfccff1d748c869d0c5df1d137dd2f",
                            "0x0",
                            8543
                        ],
                        [
                            "sstore",
                            "0xdcd74a4e738bd4ed78230f662664b7efe9bfccff1d748c869d0c5df1d137dd2f",
                            "0x204d260f0f05da1f4350",
                            8622
                        ]
                    ]
                }
            ],
            [
                "0x5ade7ae8660293f2ebfcefaba91d141d72d221e8",
                "0x70a08231",
                "complete",
                6776,
                6905,
                "staticcall",
                {
                    "0x5ade7ae8660293f2ebfcefaba91d141d72d221e8": [
                        [
                            "sload",
                            "0x55b91fb95307b5d559958238471c03242b9eb0f4d0f88762e32505930424070d",
                            "0x6cf0e97bfcd0c5506a6bf",
                            4643
                        ]
                    ]
                }
            ]
        ],
        []
    ],
    "0x548080737607e3dd46afb4384cf8ddcea2029709a5d4c20ab621cba03068fae4": [
        [
            [
                "0x5ade7ae8660293f2ebfcefaba91d141d72d221e8",
                "0x28c3d701",
                "complete",
                4529,
                5874,
                "staticcall",
                {
                    "0x5ade7ae8660293f2ebfcefaba91d141d72d221e8": [
                        [
                            "sload",
                            "0x2",
                            "0x25d11a14fcf4561b500947b",
                            3349
                        ],
                        [
                            "sload",
                            "0x4",
                            "0x418a82a22844e10ab0814",
                            3618
                        ],
                        [
                            "sload",
                            "0x5",
                            "0xf3e58",
                            3624
                        ]
                    ]
                }
            ],
            [
                "0x16f6664c16bede5d70818654defef11769d40983",
                "0x29a00e7c",
                "complete",
                4709,
                5813,
                "staticcall",
                {}
            ],
            [
                "0x5ade7ae8660293f2ebfcefaba91d141d72d221e8",
                "0xd6febde8",
                "complete",
                9139,
                11261,
                "call",
                {
                    "0x5ade7ae8660293f2ebfcefaba91d141d72d221e8": [
                        [
                            "sload",
                            "0x2",
                            "0x25d11a14fcf4561b500947b",
                            3349
                        ],
                        [
                            "sload",
                            "0x4",
                            "0x418a82a22844e10ab0814",
                            3618
                        ],
                        [
                            "sload",
                            "0x5",
                            "0xf3e58",
                            3624
                        ],
                        [
                            "sload",
                            "0x4",
                            "0x418a82a22844e10ab0814",
                            10071
                        ],
                        [
                            "sstore",
                            "0x4",
                            "0x419b73712e92b69cb0814",
                            10090
                        ],
                        [
                            "sload",
                            "0x2",
                            "0x25d11a14fcf4561b500947b",
                            9227
                        ],
                        [
                            "sstore",
                            "0x2",
                            "0x25dadde43cad39937639e15",
                            9246
                        ],
                        [
                            "sload",
                            "0x580e8051cbedf2615974c178596954b4e159e5f47ae90ff083cfd5872240010a",
                            "0x0",
                            9314
                        ],
                        [
                            "sstore",
                            "0x580e8051cbedf2615974c178596954b4e159e5f47ae90ff083cfd5872240010a",
                            "0x9c3cf3fb8e378263099a",
                            9393
                        ]
                    ],
                    "0x6b175474e89094c44da98b954eedeac495271d0f": [
                        [
                            "sload",
                            "0xb9b4ea12450cfa429a3fd65c627ed2cea7afbf01fd091a71f3c5474dbf023602",
                            "0x10f0cf064dd59200000",
                            2664
                        ],
                        [
                            "sload",
                            "0x80465f2fcb5e2aa1b1139e51c9352c8686b5ecd961e9b64faeb2081dccc1e061",
                            "0xffffffffffffffffffffffffffffffffffffffffffffffffffffffffffffffff",
                            2993
                        ],
                        [
                            "sload",
                            "0xb9b4ea12450cfa429a3fd65c627ed2cea7afbf01fd091a71f3c5474dbf023602",
                            "0x10f0cf064dd59200000",
                            3573
                        ],
                        [
                            "sstore",
                            "0xb9b4ea12450cfa429a3fd65c627ed2cea7afbf01fd091a71f3c5474dbf023602",
                            "0x0",
                            3645
                        ],
                        [
                            "sload",
                            "0x15faa59cd19891e9621a3bba273a9f040887cde9f44ce391e7a85ff4c6110dc6",
                            "0x41bc12dabe565cd821d58",
                            3713
                        ],
                        [
                            "sstore",
                            "0x15faa59cd19891e9621a3bba273a9f040887cde9f44ce391e7a85ff4c6110dc6",
                            "0x41cd03a9c4a4326a21d58",
                            3785
                        ]
                    ]
                }
            ],
            [
                "0x16f6664c16bede5d70818654defef11769d40983",
                "0x29a00e7c",
                "complete",
                9341,
                10445,
                "staticcall",
                {}
            ],
            [
                "0x5ade7ae8660293f2ebfcefaba91d141d72d221e8",
                "0xdd62ed3e",
                "complete",
                11339,
                11491,
                "staticcall",
                {
                    "0x5ade7ae8660293f2ebfcefaba91d141d72d221e8": [
                        [
                            "sload",
                            "0xd1c623d09441ae3735e5d1c9e0b2d55c3d15d1927cfb0d5f43a13336aeed40de",
                            "0xfffffffffffffffffffffffffffffffffffffffffffa5403cc0d34fdf32134e7",
                            7494
                        ]
                    ]
                }
            ],
            [
                "0x5ade7ae8660293f2ebfcefaba91d141d72d221e8",
                "0x70a08231",
                "complete",
                11693,
                11822,
                "staticcall",
                {
                    "0x5ade7ae8660293f2ebfcefaba91d141d72d221e8": [
                        [
                            "sload",
                            "0x580e8051cbedf2615974c178596954b4e159e5f47ae90ff083cfd5872240010a",
                            "0x9c3cf3fb8e378263099a",
                            4643
                        ]
                    ]
                }
            ],
            [
                "0x5ade7ae8660293f2ebfcefaba91d141d72d221e8",
                "0x23b872dd",
                "complete",
                14241,
                14802,
                "call",
                {
                    "0x5ade7ae8660293f2ebfcefaba91d141d72d221e8": [
                        [
                            "sload",
                            "0x580e8051cbedf2615974c178596954b4e159e5f47ae90ff083cfd5872240010a",
                            "0x9c3cf3fb8e378263099a",
                            8395
                        ],
                        [
                            "sstore",
                            "0x580e8051cbedf2615974c178596954b4e159e5f47ae90ff083cfd5872240010a",
                            "0x0",
                            8475
                        ],
                        [
                            "sload",
                            "0x55b91fb95307b5d559958238471c03242b9eb0f4d0f88762e32505930424070d",
                            "0x62cd84418b84524fb83b6",
                            8543
                        ],
                        [
                            "sstore",
                            "0x55b91fb95307b5d559958238471c03242b9eb0f4d0f88762e32505930424070d",
                            "0x6c9153814467ca75e8d50",
                            8622
                        ],
                        [
                            "sload",
                            "0xd1c623d09441ae3735e5d1c9e0b2d55c3d15d1927cfb0d5f43a13336aeed40de",
                            "0xfffffffffffffffffffffffffffffffffffffffffffa5403cc0d34fdf32134e7",
                            3526
                        ],
                        [
                            "sstore",
                            "0xd1c623d09441ae3735e5d1c9e0b2d55c3d15d1927cfb0d5f43a13336aeed40de",
                            "0xfffffffffffffffffffffffffffffffffffffffffff9b7c6d811a6c670be2b4d",
                            7928
                        ]
                    ]
                }
            ],
            [
                "0x5ade7ae8660293f2ebfcefaba91d141d72d221e8",
                "0x70a08231",
                "complete",
                16435,
                16564,
                "staticcall",
                {
                    "0x5ade7ae8660293f2ebfcefaba91d141d72d221e8": [
                        [
                            "sload",
                            "0x55b91fb95307b5d559958238471c03242b9eb0f4d0f88762e32505930424070d",
                            "0x6c9153814467ca75e8d50",
                            4643
                        ]
                    ]
                }
            ]
        ],
        [
            [
                "0x6b175474e89094c44da98b954eedeac495271d0f",
                "0xe591d329c239f2b1ecb26693b264bee3a91d4837",
                "0x5ade7ae8660293f2ebfcefaba91d141d72d221e8",
                5000000000000000000000
            ]
        ]
    ],
    "0xc7ee083d6df6bfc31adfd27f41c431ecd7de55f7e5341e680778fadc948359c5": [
        [],
        []
    ],
    "0x810933e5861aad8fb731f2cbea5fb20a1d78e753e65982a240e56fa9b7422f3c": [
        [],
        []
    ],
    "0x42700c93ed935f4bb9dd7080646a90f62ab74c63120110991ba2982d40866495": [
        [],
        []
    ],
    "0x74a283d5b12fca68b535ea9f627ae9933bc56e1085bb25c1fa2eea3e614ee655": [
        [],
        []
    ],
    "0xcc15ccae3ef2a5945b2fc7ae094ce32ce4f3ba667585c74c1c97f50c47fe3045": [],
    "0x0b510ceee9ab1fba0671192b3c1bb4baee5bc35f96924553a4205cb9e39ed25a": [
        [
            [
                "0x5ade7ae8660293f2ebfcefaba91d141d72d221e8",
                "0x23b872dd",
                "complete",
                1511,
                2072,
                "call",
                {
                    "0x5ade7ae8660293f2ebfcefaba91d141d72d221e8": [
                        [
                            "sload",
                            "0x302d4b419e443d44063c1d5e2484002799be840272621629c53bec89cdd960b",
                            "0x4d835cfaceaa4d045ef7",
                            8395
                        ],
                        [
                            "sstore",
                            "0x302d4b419e443d44063c1d5e2484002799be840272621629c53bec89cdd960b",
                            "0x2e2a962c388453685ef7",
                            8475
                        ],
                        [
                            "sload",
                            "0x55b91fb95307b5d559958238471c03242b9eb0f4d0f88762e32505930424070d",
                            "0x6c9153814467ca75e8d50",
                            8543
                        ],
                        [
                            "sstore",
                            "0x55b91fb95307b5d559958238471c03242b9eb0f4d0f88762e32505930424070d",
                            "0x6e86dfee2dca2a0fa8d50",
                            8622
                        ],
                        [
                            "sload",
                            "0xd21a9c9d53e9914c48d340752f0c4c66640a7db566f411e36c8bfab417ea5d71",
                            "0xffffffffffffffffffffffffffffffffffffffffffffffffffffffffffffffff",
                            3526
                        ],
                        [
                            "sstore",
                            "0xd21a9c9d53e9914c48d340752f0c4c66640a7db566f411e36c8bfab417ea5d71",
                            "0xffffffffffffffffffffffffffffffffffffffffffffe0a7393169da0663ffff",
                            7928
                        ]
                    ]
                }
            ],
            [
                "0x5ade7ae8660293f2ebfcefaba91d141d72d221e8",
                "0x70a08231",
                "complete",
                3518,
                3647,
                "staticcall",
                {
                    "0x5ade7ae8660293f2ebfcefaba91d141d72d221e8": [
                        [
                            "sload",
                            "0x55b91fb95307b5d559958238471c03242b9eb0f4d0f88762e32505930424070d",
                            "0x6e86dfee2dca2a0fa8d50",
                            4643
                        ]
                    ]
                }
            ]
        ],
        []
    ],
    "0x6bb7bf7fa13bb1ad1042eb38b46d60ac7742af8d3272bbdb848c5e37eee31364": [
        [],
        []
    ],
    "0x86d06ea13343665525f4ddaa8c36b3a4a1414391c4142012cb2a295e837681e6": [
        [],
        []
    ],
    "0xa787b2cd17add052bba4c648a506d0fde30a212141430c72efedb626111b25e4": [],
    "0x896350687add1a8100be74629e09cbd0cef0934c03240372b767800ebf45aa9f": [
        [
            [
                "0x5ade7ae8660293f2ebfcefaba91d141d72d221e8",
                "0x23b872dd",
                "complete",
                2215,
                2776,
                "call",
                {
                    "0x5ade7ae8660293f2ebfcefaba91d141d72d221e8": [
                        [
                            "sload",
                            "0xd76c6eba3a1fab33bdfda12580dbab2e47a3d373e6071bdeb8d948d0d0ef58be",
                            "0xdcb122d2cdec62b61019",
                            8395
                        ],
                        [
                            "sstore",
                            "0xd76c6eba3a1fab33bdfda12580dbab2e47a3d373e6071bdeb8d948d0d0ef58be",
                            "0x9c4cf079d8d711953019",
                            8475
                        ],
                        [
                            "sload",
                            "0x55b91fb95307b5d559958238471c03242b9eb0f4d0f88762e32505930424070d",
                            "0x6e86dfee2dca2a0fa8d50",
                            8543
                        ],
                        [
                            "sstore",
                            "0x55b91fb95307b5d559958238471c03242b9eb0f4d0f88762e32505930424070d",
                            "0x728d2313bd1b7f21b6d50",
                            8622
                        ],
                        [
                            "sload",
                            "0xfdf3b2578fcd60214452ac7ae112a125db40f0387cc80f52e21c34aaace732dc",
                            "0xffffffffffffffffffffffffffffffffffffffffffff7ea4b0d0c7be3105dfff",
                            3526
                        ],
                        [
                            "sstore",
                            "0xfdf3b2578fcd60214452ac7ae112a125db40f0387cc80f52e21c34aaace732dc",
                            "0xffffffffffffffffffffffffffffffffffffffffffff3e407e77d2a8dfe4ffff",
                            7928
                        ]
                    ]
                }
            ],
            [
                "0x5ade7ae8660293f2ebfcefaba91d141d72d221e8",
                "0x70a08231",
                "complete",
                4409,
                4538,
                "staticcall",
                {
                    "0x5ade7ae8660293f2ebfcefaba91d141d72d221e8": [
                        [
                            "sload",
                            "0x55b91fb95307b5d559958238471c03242b9eb0f4d0f88762e32505930424070d",
                            "0x728d2313bd1b7f21b6d50",
                            4643
                        ]
                    ]
                }
            ]
        ],
        []
    ],
    "0xb42e9fd3599f0aeea84122f167e061b356b30e1e8530d5a2d7338522a5ecdd79": [
        [
            [
                "0x5ade7ae8660293f2ebfcefaba91d141d72d221e8",
                "0xd6febde8",
                "complete",
                -1,
                2262,
                "firstcall",
                {
                    "0x5ade7ae8660293f2ebfcefaba91d141d72d221e8": [
                        [
                            "sload",
                            "0x2",
                            "0x25dadde43cad39937639e15",
                            3349
                        ],
                        [
                            "sload",
                            "0x4",
                            "0x419b73712e92b69cb0814",
                            3618
                        ],
                        [
                            "sload",
                            "0x5",
                            "0xf3e58",
                            3624
                        ],
                        [
                            "sload",
                            "0x4",
                            "0x419b73712e92b69cb0814",
                            10071
                        ],
                        [
                            "sstore",
                            "0x4",
                            "0x419e7764e15bf5b730814",
                            10090
                        ],
                        [
                            "sload",
                            "0x2",
                            "0x25dadde43cad39937639e15",
                            9227
                        ],
                        [
                            "sstore",
                            "0x2",
                            "0x25dc9adb7ddba103a4ff805",
                            9246
                        ],
                        [
                            "sload",
                            "0xd73fa629b61c7f3853ca1000d69748144e62bb9a316e9fb41098d23a72cdcfe1",
                            "0x34971f1d786d6d4cfc1",
                            9314
                        ],
                        [
                            "sstore",
                            "0xd73fa629b61c7f3853ca1000d69748144e62bb9a316e9fb41098d23a72cdcfe1",
                            "0x1f18e604bdfdd9c129b1",
                            9393
                        ]
                    ],
                    "0x6b175474e89094c44da98b954eedeac495271d0f": [
                        [
                            "sload",
                            "0xf86aae74a6238d33aa8e160379520ca6a578c809f1c30fbb492976d42f287889",
                            "0x30ae9a5640d5d0cab4",
                            2664
                        ],
                        [
                            "sload",
                            "0xa0fcb948c6d3d9da29fd2269fb4bd4fac7bf131ec4c131b3414084e4181273c0",
                            "0x9d3595ab2438d00000",
                            2993
                        ],
                        [
                            "sload",
                            "0xa0fcb948c6d3d9da29fd2269fb4bd4fac7bf131ec4c131b3414084e4181273c0",
                            "0x9d3595ab2438d00000",
                            3127
                        ],
                        [
                            "sload",
                            "0xa0fcb948c6d3d9da29fd2269fb4bd4fac7bf131ec4c131b3414084e4181273c0",
                            "0x9d3595ab2438d00000",
                            3371
                        ],
                        [
                            "sstore",
                            "0xa0fcb948c6d3d9da29fd2269fb4bd4fac7bf131ec4c131b3414084e4181273c0",
                            "0x6cf65a7e9047280000",
                            3504
                        ],
                        [
                            "sload",
                            "0xf86aae74a6238d33aa8e160379520ca6a578c809f1c30fbb492976d42f287889",
                            "0x30ae9a5640d5d0cab4",
                            3573
                        ],
                        [
                            "sstore",
                            "0xf86aae74a6238d33aa8e160379520ca6a578c809f1c30fbb492976d42f287889",
                            "0x6f5f29ace428cab4",
                            3645
                        ],
                        [
                            "sload",
                            "0x15faa59cd19891e9621a3bba273a9f040887cde9f44ce391e7a85ff4c6110dc6",
                            "0x41cd03a9c4a4326a21d58",
                            3713
                        ],
                        [
                            "sstore",
                            "0x15faa59cd19891e9621a3bba273a9f040887cde9f44ce391e7a85ff4c6110dc6",
                            "0x41d0079d776d7184a1d58",
                            3785
                        ]
                    ]
                }
            ],
            [
                "0x16f6664c16bede5d70818654defef11769d40983",
                "0x29a00e7c",
                "complete",
                201,
                1305,
                "staticcall",
                {}
            ]
        ],
        [
            [
                "0x6b175474e89094c44da98b954eedeac495271d0f",
                "0x81e1b5163cfad14662dfb133554f3f4be8e60b5c",
                "0x5ade7ae8660293f2ebfcefaba91d141d72d221e8",
                890000000000000000000
            ]
        ]
    ],
    "0x25d6d0a5da425354616e7829a4708c7f44b0f96f90b967342414e0ce935b48c9": [
        [
            [
                "0x5ade7ae8660293f2ebfcefaba91d141d72d221e8",
                "0x095ea7b3",
                "complete",
                -1,
                221,
                "firstcall",
                {
                    "0x5ade7ae8660293f2ebfcefaba91d141d72d221e8": [
                        [
                            "sstore",
                            "0x7adc48bce348cea0fa04854daf14e46d97156b0c099705f55123e48b8d7e0b01",
                            "0x108b2a2c28029094000000",
                            7928
                        ]
                    ]
                }
            ]
        ],
        []
    ],
    "0x142d425fd2a9678f394984e5357666a5253d28e4c29c446d462173b3316bad3c": [],
    "0x45bc760847c72c270aa72ff02158b8d16de8e1acbbef995e2699ff4aa5c69d56": [],
    "0x8525dbbcb59c2bab705d5173fb35f392acab70909f5d2efbab0b0b8937c47673": [
        [
            [
                "0xe4ffd682380c571a6a07dd8f20b402412e02830e",
                "0xd6febde8",
                "complete",
                -1,
                2040,
                "firstcall",
                {
                    "0xe4ffd682380c571a6a07dd8f20b402412e02830e": [
                        [
                            "sload",
                            "0x2",
                            "0x23572ae5cd5829bfeff9",
                            3349
                        ],
                        [
                            "sload",
                            "0x4",
                            "0x170a00e52e849e42c9ce86",
                            3618
                        ],
                        [
                            "sload",
                            "0x5",
                            "0x7a120",
                            3624
                        ],
                        [
                            "sload",
                            "0x4",
                            "0x170a00e52e849e42c9ce86",
                            9947
                        ],
                        [
                            "sstore",
                            "0x4",
                            "0x170a258a90f70446d9ce86",
                            9966
                        ],
                        [
                            "sload",
                            "0x2",
                            "0x23572ae5cd5829bfeff9",
                            9103
                        ],
                        [
                            "sstore",
                            "0x2",
                            "0x23574700fc7fda12dbc4",
                            9122
                        ],
                        [
                            "sload",
                            "0xaa16c1f1a8e68d7c75544ddc064650e880e38b8b394ff601f1e089c91848d186",
                            "0x0",
                            9190
                        ],
                        [
                            "sstore",
                            "0xaa16c1f1a8e68d7c75544ddc064650e880e38b8b394ff601f1e089c91848d186",
                            "0x1c1b2f27b052ebcb",
                            9269
                        ]
                    ],
                    "0x5ade7ae8660293f2ebfcefaba91d141d72d221e8": [
                        [
                            "sload",
                            "0x38b87d70d14495111f09602cb283025cd374a927f27c7ad296fe733416c143ac",
                            "0x1",
                            5767
                        ],
                        [
                            "sload",
                            "0xaa16c1f1a8e68d7c75544ddc064650e880e38b8b394ff601f1e089c91848d186",
                            "0x47ac01fca46978696001",
                            9726
                        ],
                        [
                            "sstore",
                            "0xaa16c1f1a8e68d7c75544ddc064650e880e38b8b394ff601f1e089c91848d186",
                            "0x47875c9a320374596001",
                            9806
                        ],
                        [
                            "sload",
                            "0x2",
                            "0x25dc9adb7ddba103a4ff805",
                            9814
                        ],
                        [
                            "sstore",
                            "0x2",
                            "0x25dc989127b47aa363ff805",
                            9833
                        ]
                    ]
                }
            ],
            [
                "0x16f6664c16bede5d70818654defef11769d40983",
                "0x29a00e7c",
                "complete",
                190,
                1294,
                "staticcall",
                {}
            ],
            [
                "0x5ade7ae8660293f2ebfcefaba91d141d72d221e8",
                "0xaad3ec96",
                "complete",
                1461,
                1805,
                "call",
                {
                    "0x5ade7ae8660293f2ebfcefaba91d141d72d221e8": [
                        [
                            "sload",
                            "0x38b87d70d14495111f09602cb283025cd374a927f27c7ad296fe733416c143ac",
                            "0x1",
                            5767
                        ],
                        [
                            "sload",
                            "0xaa16c1f1a8e68d7c75544ddc064650e880e38b8b394ff601f1e089c91848d186",
                            "0x47ac01fca46978696001",
                            9726
                        ],
                        [
                            "sstore",
                            "0xaa16c1f1a8e68d7c75544ddc064650e880e38b8b394ff601f1e089c91848d186",
                            "0x47875c9a320374596001",
                            9806
                        ],
                        [
                            "sload",
                            "0x2",
                            "0x25dc9adb7ddba103a4ff805",
                            9814
                        ],
                        [
                            "sstore",
                            "0x2",
                            "0x25dc989127b47aa363ff805",
                            9833
                        ]
                    ]
                }
            ]
        ],
        []
    ],
    "0x02de53669d7054de6e05427905d5a1e0bc522552c42edd76adcf028f478d5492": [
        [
            [
                "0x5ade7ae8660293f2ebfcefaba91d141d72d221e8",
                "0xd6febde8",
                "complete",
                -1,
                2262,
                "firstcall",
                {
                    "0x5ade7ae8660293f2ebfcefaba91d141d72d221e8": [
                        [
                            "sload",
                            "0x2",
                            "0x25dc989127b47aa363ff805",
                            3349
                        ],
                        [
                            "sload",
                            "0x4",
                            "0x419e7764e15bf5b730814",
                            3618
                        ],
                        [
                            "sload",
                            "0x5",
                            "0xf3e58",
                            3624
                        ],
                        [
                            "sload",
                            "0x4",
                            "0x419e7764e15bf5b730814",
                            10071
                        ],
                        [
                            "sstore",
                            "0x4",
                            "0x41af6833e7a9cb4930814",
                            10090
                        ],
                        [
                            "sload",
                            "0x2",
                            "0x25dc989127b47aa363ff805",
                            9227
                        ],
                        [
                            "sstore",
                            "0x2",
                            "0x25e65c5f0d90f069ad91584",
                            9246
                        ],
                        [
                            "sload",
                            "0x3e41177448821793489891bfff18a65af65f4284baf4117f4dfd6becb1bbe716",
                            "0x867d45bd33b2734382f",
                            9314
                        ],
                        [
                            "sstore",
                            "0x3e41177448821793489891bfff18a65af65f4284baf4117f4dfd6becb1bbe716",
                            "0xa4a4b2b99a978bcd55ae",
                            9393
                        ]
                    ],
                    "0x6b175474e89094c44da98b954eedeac495271d0f": [
                        [
                            "sload",
                            "0xbdfca6a5f0aea48fc29bc9b5dedfe8b1a705704b42becd2eff20e0b42e823436",
                            "0x1adf50bd140229dfaca",
                            2664
                        ],
                        [
                            "sload",
                            "0x7cad8621856d7fc2b659089877e4103b989a9969150b781fe2cd4a3815520aba",
                            "0x18cfb0354b9efb84e00000",
                            2993
                        ],
                        [
                            "sload",
                            "0x7cad8621856d7fc2b659089877e4103b989a9969150b781fe2cd4a3815520aba",
                            "0x18cfb0354b9efb84e00000",
                            3127
                        ],
                        [
                            "sload",
                            "0x7cad8621856d7fc2b659089877e4103b989a9969150b781fe2cd4a3815520aba",
                            "0x18cfb0354b9efb84e00000",
                            3371
                        ],
                        [
                            "sstore",
                            "0x7cad8621856d7fc2b659089877e4103b989a9969150b781fe2cd4a3815520aba",
                            "0x18cea1285b3a1e2bc00000",
                            3504
                        ],
                        [
                            "sload",
                            "0xbdfca6a5f0aea48fc29bc9b5dedfe8b1a705704b42becd2eff20e0b42e823436",
                            "0x1adf50bd140229dfaca",
                            3573
                        ],
                        [
                            "sstore",
                            "0xbdfca6a5f0aea48fc29bc9b5dedfe8b1a705704b42becd2eff20e0b42e823436",
                            "0x9ee81b6c62c97dfaca",
                            3645
                        ],
                        [
                            "sload",
                            "0x15faa59cd19891e9621a3bba273a9f040887cde9f44ce391e7a85ff4c6110dc6",
                            "0x41d0079d776d7184a1d58",
                            3713
                        ],
                        [
                            "sstore",
                            "0x15faa59cd19891e9621a3bba273a9f040887cde9f44ce391e7a85ff4c6110dc6",
                            "0x41e0f86c7dbb4716a1d58",
                            3785
                        ]
                    ]
                }
            ],
            [
                "0x16f6664c16bede5d70818654defef11769d40983",
                "0x29a00e7c",
                "complete",
                201,
                1305,
                "staticcall",
                {}
            ]
        ],
        [
            [
                "0x6b175474e89094c44da98b954eedeac495271d0f",
                "0x68f593572402632c724bc2d2fca05e91541269f3",
                "0x5ade7ae8660293f2ebfcefaba91d141d72d221e8",
                5000000000000000000000
            ]
        ]
    ],
    "0xfc7e894c91d62c130732dcc9189f0279274dbbec6491e4379280c74ac55d7905": [
        [
            [
                "0x5ade7ae8660293f2ebfcefaba91d141d72d221e8",
                "0xa9059cbb",
                "complete",
                6427,
                6789,
                "call",
                {
                    "0x5ade7ae8660293f2ebfcefaba91d141d72d221e8": [
                        [
                            "sload",
                            "0x55b91fb95307b5d559958238471c03242b9eb0f4d0f88762e32505930424070d",
                            "0x728d2313bd1b7f21b6d50",
                            8395
                        ],
                        [
                            "sstore",
                            "0x55b91fb95307b5d559958238471c03242b9eb0f4d0f88762e32505930424070d",
                            "0x71ede5134ea6412bb6d50",
                            8475
                        ],
                        [
                            "sload",
                            "0x32573cf9a03d8cd8bd641bd822a69abad9aebb3dcd8eeeb8ebe136b3d159799f",
                            "0x206e56c988cd47f2e40c",
                            8543
                        ],
                        [
                            "sstore",
                            "0x32573cf9a03d8cd8bd641bd822a69abad9aebb3dcd8eeeb8ebe136b3d159799f",
                            "0x2a6236d070212752e40c",
                            8622
                        ]
                    ]
                }
            ],
            [
                "0x5ade7ae8660293f2ebfcefaba91d141d72d221e8",
                "0x70a08231",
                "complete",
                6924,
                7053,
                "staticcall",
                {
                    "0x5ade7ae8660293f2ebfcefaba91d141d72d221e8": [
                        [
                            "sload",
                            "0x55b91fb95307b5d559958238471c03242b9eb0f4d0f88762e32505930424070d",
                            "0x71ede5134ea6412bb6d50",
                            4643
                        ]
                    ]
                }
            ]
        ],
        []
    ],
    "0x4737c7cb2b7616d8a0eb2271098f45e09603fa55c03b958d24a66bff95be8c11": [
        [
            [
                "0x5ade7ae8660293f2ebfcefaba91d141d72d221e8",
                "0xa9059cbb",
                "complete",
                2777,
                3139,
                "call",
                {
                    "0x5ade7ae8660293f2ebfcefaba91d141d72d221e8": [
                        [
                            "sload",
                            "0x55b91fb95307b5d559958238471c03242b9eb0f4d0f88762e32505930424070d",
                            "0x71ede5134ea6412bb6d50",
                            8395
                        ],
                        [
                            "sstore",
                            "0x55b91fb95307b5d559958238471c03242b9eb0f4d0f88762e32505930424070d",
                            "0x6e858b7c82c75b99e30d3",
                            8475
                        ],
                        [
                            "sload",
                            "0x4575049ce275f4f06334c315519730baff9ead5df906f9a6f736e995c6010a5a",
                            "0x2b834efda09db87783217",
                            8543
                        ],
                        [
                            "sstore",
                            "0x4575049ce275f4f06334c315519730baff9ead5df906f9a6f736e995c6010a5a",
                            "0x2eeba8946c7c9e0956e94",
                            8622
                        ]
                    ]
                }
            ],
            [
                "0x5ade7ae8660293f2ebfcefaba91d141d72d221e8",
                "0x70a08231",
                "complete",
                3274,
                3403,
                "staticcall",
                {
                    "0x5ade7ae8660293f2ebfcefaba91d141d72d221e8": [
                        [
                            "sload",
                            "0x55b91fb95307b5d559958238471c03242b9eb0f4d0f88762e32505930424070d",
                            "0x6e858b7c82c75b99e30d3",
                            4643
                        ]
                    ]
                }
            ]
        ],
        []
    ],
    "0x0dfece7aef185d6eb12349348f32a33e21d5e71b8597528fbea60b3694bbee8f": [
        [
            [
                "0x5ade7ae8660293f2ebfcefaba91d141d72d221e8",
                "0xd6febde8",
                "complete",
                -1,
                2121,
                "firstcall",
                {
                    "0x5ade7ae8660293f2ebfcefaba91d141d72d221e8": [
                        [
                            "sload",
                            "0x2",
                            "0x25e65c5f0d90f069ad91584",
                            3349
                        ],
                        [
                            "sload",
                            "0x4",
                            "0x41af6833e7a9cb4930814",
                            3618
                        ],
                        [
                            "sload",
                            "0x5",
                            "0xf3e58",
                            3624
                        ],
                        [
                            "sload",
                            "0x4",
                            "0x41af6833e7a9cb4930814",
                            10071
                        ],
                        [
                            "sstore",
                            "0x4",
                            "0x41c96fc14f6917b8b9f7a",
                            10090
                        ],
                        [
                            "sload",
                            "0x2",
                            "0x25e65c5f0d90f069ad91584",
                            9227
                        ],
                        [
                            "sstore",
                            "0x2",
                            "0x25f55d57933ca5fd6bde317",
                            9246
                        ],
                        [
                            "sload",
                            "0x9de0ff0c87e1f180f3c5a8ad3ceb56a670c5223186fc3d166d08be69a55af610",
                            "0x0",
                            9314
                        ],
                        [
                            "sstore",
                            "0x9de0ff0c87e1f180f3c5a8ad3ceb56a670c5223186fc3d166d08be69a55af610",
                            "0xf00f885abb593be4cd93",
                            9393
                        ]
                    ],
                    "0x6b175474e89094c44da98b954eedeac495271d0f": [
                        [
                            "sload",
                            "0xbc0aaca168fd83800ddc28777b169339972eecc6a9433ff4c03abbf5d02e7d0e",
                            "0x1a078d67bf4c6f89766",
                            2664
                        ],
                        [
                            "sload",
                            "0x162e8ae457f90714f32feb6e07da141b9ec0024815d3965cd3633a1873e690d4",
                            "0xffffffffffffffffffffffffffffffffffffffffffffffffffffffffffffffff",
                            2993
                        ],
                        [
                            "sload",
                            "0xbc0aaca168fd83800ddc28777b169339972eecc6a9433ff4c03abbf5d02e7d0e",
                            "0x1a078d67bf4c6f89766",
                            3573
                        ],
                        [
                            "sstore",
                            "0xbc0aaca168fd83800ddc28777b169339972eecc6a9433ff4c03abbf5d02e7d0e",
                            "0x0",
                            3645
                        ],
                        [
                            "sload",
                            "0x15faa59cd19891e9621a3bba273a9f040887cde9f44ce391e7a85ff4c6110dc6",
                            "0x41e0f86c7dbb4716a1d58",
                            3713
                        ],
                        [
                            "sstore",
                            "0x15faa59cd19891e9621a3bba273a9f040887cde9f44ce391e7a85ff4c6110dc6",
                            "0x41fafff9e57a93862b4be",
                            3785
                        ]
                    ]
                }
            ],
            [
                "0x16f6664c16bede5d70818654defef11769d40983",
                "0x29a00e7c",
                "complete",
                201,
                1305,
                "staticcall",
                {}
            ]
        ],
        [
            [
                "0x6b175474e89094c44da98b954eedeac495271d0f",
                "0x399abd36b9c7cef008f75d8805ee5fdf05d41773",
                "0x5ade7ae8660293f2ebfcefaba91d141d72d221e8",
                7682552817883981322086
            ]
        ]
    ],
    "0xcb0b3540f6dec680a938addcdbb8ee50e821e56bcc3de749e5944f2a66010edd": [
        [
            [
                "0x5ade7ae8660293f2ebfcefaba91d141d72d221e8",
                "0xd6febde8",
                "complete",
                -1,
                2262,
                "firstcall",
                {
                    "0x5ade7ae8660293f2ebfcefaba91d141d72d221e8": [
                        [
                            "sload",
                            "0x2",
                            "0x25f55d57933ca5fd6bde317",
                            3349
                        ],
                        [
                            "sload",
                            "0x4",
                            "0x41c96fc14f6917b8b9f7a",
                            3618
                        ],
                        [
                            "sload",
                            "0x5",
                            "0xf3e58",
                            3624
                        ],
                        [
                            "sload",
                            "0x4",
                            "0x41c96fc14f6917b8b9f7a",
                            10071
                        ],
                        [
                            "sstore",
                            "0x4",
                            "0x41d6fd33bada8f60b9f7a",
                            10090
                        ],
                        [
                            "sload",
                            "0x2",
                            "0x25f55d57933ca5fd6bde317",
                            9227
                        ],
                        [
                            "sstore",
                            "0x2",
                            "0x25fd2d2e3cd8433555595ea",
                            9246
                        ],
                        [
                            "sload",
                            "0x290b5ac7e2a7c27ca13ec723421ad9eb2c486d0c8043661fded64d3b560bba89",
                            "0x104c1568c23a60d96e60e",
                            9314
                        ],
                        [
                            "sstore",
                            "0x290b5ac7e2a7c27ca13ec723421ad9eb2c486d0c8043661fded64d3b560bba89",
                            "0x181bec125dd798c2e98e1",
                            9393
                        ]
                    ],
                    "0x6b175474e89094c44da98b954eedeac495271d0f": [
                        [
                            "sload",
                            "0x2992f416095df0aa1e172499ee63f3bfe2f65666e910fb3f83874ba354741bfe",
                            "0xf37f757fc61f80d15f",
                            2664
                        ],
                        [
                            "sload",
                            "0x7ff10650653ea9350872458aad72d1dd2c09ce15f31ca902ae87d01dfc6003c",
                            "0x4ee2d6d379861c7a111f4cc0000",
                            2993
                        ],
                        [
                            "sload",
                            "0x7ff10650653ea9350872458aad72d1dd2c09ce15f31ca902ae87d01dfc6003c",
                            "0x4ee2d6d379861c7a111f4cc0000",
                            3127
                        ],
                        [
                            "sload",
                            "0x7ff10650653ea9350872458aad72d1dd2c09ce15f31ca902ae87d01dfc6003c",
                            "0x4ee2d6d379861c7a111f4cc0000",
                            3371
                        ],
                        [
                            "sstore",
                            "0x7ff10650653ea9350872458aad72d1dd2c09ce15f31ca902ae87d01dfc6003c",
                            "0x4ee2d6d36bf8aa0e9fa7a4c0000",
                            3504
                        ],
                        [
                            "sload",
                            "0x2992f416095df0aa1e172499ee63f3bfe2f65666e910fb3f83874ba354741bfe",
                            "0xf37f757fc61f80d15f",
                            3573
                        ],
                        [
                            "sstore",
                            "0x2992f416095df0aa1e172499ee63f3bfe2f65666e910fb3f83874ba354741bfe",
                            "0x1aa84ec8aea500d15f",
                            3645
                        ],
                        [
                            "sload",
                            "0x15faa59cd19891e9621a3bba273a9f040887cde9f44ce391e7a85ff4c6110dc6",
                            "0x41fafff9e57a93862b4be",
                            3713
                        ],
                        [
                            "sstore",
                            "0x15faa59cd19891e9621a3bba273a9f040887cde9f44ce391e7a85ff4c6110dc6",
                            "0x42088d6c50ec0b2e2b4be",
                            3785
                        ]
                    ]
                }
            ],
            [
                "0x16f6664c16bede5d70818654defef11769d40983",
                "0x29a00e7c",
                "complete",
                201,
                1305,
                "staticcall",
                {}
            ]
        ],
        [
            [
                "0x6b175474e89094c44da98b954eedeac495271d0f",
                "0x56dba2a052bc7009b2c5dd1463a8f30b7475893c",
                "0x5ade7ae8660293f2ebfcefaba91d141d72d221e8",
                4000000000000000000000
            ]
        ]
    ],
    "0x810dc56de59640ddd1badef0ed397f2ad096854ebc45f534a35c1978018d004d": [
        [
            [
                "0x5ade7ae8660293f2ebfcefaba91d141d72d221e8",
                "0x70a08231",
                "complete",
                3497,
                3626,
                "staticcall",
                {
                    "0x5ade7ae8660293f2ebfcefaba91d141d72d221e8": [
                        [
                            "sload",
                            "0xe34d51481e940a69ab396a41e3386bc5760f3a55a43ae36d9e4216b86338f72c",
                            "0x0",
                            4643
                        ]
                    ]
                }
            ],
            [
                "0x5ade7ae8660293f2ebfcefaba91d141d72d221e8",
                "0xa9059cbb",
                "complete",
                8373,
                8735,
                "call",
                {
                    "0x5ade7ae8660293f2ebfcefaba91d141d72d221e8": [
                        [
                            "sload",
                            "0x55b91fb95307b5d559958238471c03242b9eb0f4d0f88762e32505930424070d",
                            "0x6e858b7c82c75b99e30d3",
                            8395
                        ],
                        [
                            "sstore",
                            "0x55b91fb95307b5d559958238471c03242b9eb0f4d0f88762e32505930424070d",
                            "0x6c2f6347096b4d47717c8",
                            8475
                        ],
                        [
                            "sload",
                            "0xe34d51481e940a69ab396a41e3386bc5760f3a55a43ae36d9e4216b86338f72c",
                            "0x0",
                            8543
                        ],
                        [
                            "sstore",
                            "0xe34d51481e940a69ab396a41e3386bc5760f3a55a43ae36d9e4216b86338f72c",
                            "0x2562835795c0e527190b",
                            8622
                        ]
                    ]
                }
            ],
            [
                "0x5ade7ae8660293f2ebfcefaba91d141d72d221e8",
                "0x70a08231",
                "complete",
                8870,
                8999,
                "staticcall",
                {
                    "0x5ade7ae8660293f2ebfcefaba91d141d72d221e8": [
                        [
                            "sload",
                            "0x55b91fb95307b5d559958238471c03242b9eb0f4d0f88762e32505930424070d",
                            "0x6c2f6347096b4d47717c8",
                            4643
                        ]
                    ]
                }
            ],
            [
                "0x5ade7ae8660293f2ebfcefaba91d141d72d221e8",
                "0x70a08231",
                "complete",
                9894,
                10023,
                "staticcall",
                {
                    "0x5ade7ae8660293f2ebfcefaba91d141d72d221e8": [
                        [
                            "sload",
                            "0xe34d51481e940a69ab396a41e3386bc5760f3a55a43ae36d9e4216b86338f72c",
                            "0x2562835795c0e527190b",
                            4643
                        ]
                    ]
                }
            ]
        ],
        []
    ],
    "0x6ea523bfa819b518b4a4848e143944d6ae45d836631a82fa7976df471e2770e4": [],
    "0x666fa067312bf30eed2c11be7c2a67df76ce0786c2872eb797d9cd5a6533940d": [],
    "0xb0a6943d36f524fd69bda71234246d5e948284f1d0a407c26882f8e83f68b3d8": [
        [
            [
                "0x16f6664c16bede5d70818654defef11769d40983",
                "0x29a00e7c",
                "complete",
                201,
                1321,
                "staticcall",
                {}
            ]
        ],
        []
    ],
    "0x8662d2784fe6e4ccd967343d6239877791df4be2f5123143693ed347fb6259e8": [],
    "0xa14b15c7ae583d607ebcccc4d111c73b779137fff43e95414e775129ced1347b": [
        [],
        []
    ],
    "0x432872e49c5239c9dad0514246b9eb2eb5630edf7f95783cdb8688fbcb180463": [
        [
            [
                "0x5ade7ae8660293f2ebfcefaba91d141d72d221e8",
                "0x28c3d701",
                "complete",
                374,
                1719,
                "staticcall",
                {
                    "0x5ade7ae8660293f2ebfcefaba91d141d72d221e8": [
                        [
                            "sload",
                            "0x2",
                            "0x25fd2d2e3cd8433555595ea",
                            3349
                        ],
                        [
                            "sload",
                            "0x4",
                            "0x41d6fd33bada8f60b9f7a",
                            3618
                        ],
                        [
                            "sload",
                            "0x5",
                            "0xf3e58",
                            3624
                        ]
                    ]
                }
            ],
            [
                "0x16f6664c16bede5d70818654defef11769d40983",
                "0x29a00e7c",
                "complete",
                554,
                1658,
                "staticcall",
                {}
            ],
            [
                "0x5ade7ae8660293f2ebfcefaba91d141d72d221e8",
                "0xd6febde8",
                "complete",
                4843,
                6965,
                "call",
                {
                    "0x5ade7ae8660293f2ebfcefaba91d141d72d221e8": [
                        [
                            "sload",
                            "0x2",
                            "0x25fd2d2e3cd8433555595ea",
                            3349
                        ],
                        [
                            "sload",
                            "0x4",
                            "0x41d6fd33bada8f60b9f7a",
                            3618
                        ],
                        [
                            "sload",
                            "0x5",
                            "0xf3e58",
                            3624
                        ],
                        [
                            "sload",
                            "0x4",
                            "0x41d6fd33bada8f60b9f7a",
                            10071
                        ],
                        [
                            "sstore",
                            "0x4",
                            "0x41e7ee02c12864f2b9f7a",
                            10090
                        ],
                        [
                            "sload",
                            "0x2",
                            "0x25fd2d2e3cd8433555595ea",
                            9227
                        ],
                        [
                            "sstore",
                            "0x2",
                            "0x2606f0f9fcabcb48eeba070",
                            9246
                        ],
                        [
                            "sload",
                            "0xe9d49fdd3f5bf21ba6fea227e0da2ae642a65ad61f8b0bf6602a23505683686d",
                            "0x0",
                            9314
                        ],
                        [
                            "sstore",
                            "0xe9d49fdd3f5bf21ba6fea227e0da2ae642a65ad61f8b0bf6602a23505683686d",
                            "0x9c3cbbfd388139960a86",
                            9393
                        ]
                    ],
                    "0x6b175474e89094c44da98b954eedeac495271d0f": [
                        [
                            "sload",
                            "0x6a81d252de4269dabab176c32da912fcfcce4c95ee12173ca3ae05c9ee623448",
                            "0x10f0cf064dd59200000",
                            2664
                        ],
                        [
                            "sload",
                            "0x92919b30e116d596980b64c49aef64c42296e559615f1e9ca2df6ba50507fe51",
                            "0xffffffffffffffffffffffffffffffffffffffffffffffffffffffffffffffff",
                            2993
                        ],
                        [
                            "sload",
                            "0x6a81d252de4269dabab176c32da912fcfcce4c95ee12173ca3ae05c9ee623448",
                            "0x10f0cf064dd59200000",
                            3573
                        ],
                        [
                            "sstore",
                            "0x6a81d252de4269dabab176c32da912fcfcce4c95ee12173ca3ae05c9ee623448",
                            "0x0",
                            3645
                        ],
                        [
                            "sload",
                            "0x15faa59cd19891e9621a3bba273a9f040887cde9f44ce391e7a85ff4c6110dc6",
                            "0x42088d6c50ec0b2e2b4be",
                            3713
                        ],
                        [
                            "sstore",
                            "0x15faa59cd19891e9621a3bba273a9f040887cde9f44ce391e7a85ff4c6110dc6",
                            "0x42197e3b5739e0c02b4be",
                            3785
                        ]
                    ]
                }
            ],
            [
                "0x16f6664c16bede5d70818654defef11769d40983",
                "0x29a00e7c",
                "complete",
                5045,
                6149,
                "staticcall",
                {}
            ],
            [
                "0x5ade7ae8660293f2ebfcefaba91d141d72d221e8",
                "0xdd62ed3e",
                "complete",
                7043,
                7195,
                "staticcall",
                {
                    "0x5ade7ae8660293f2ebfcefaba91d141d72d221e8": [
                        [
                            "sload",
                            "0x2753cf7554897fa2ff3ba5aa2165ace6e95440fa88f9d15c58b3a4834c552541",
                            "0xfffffffffffffffffffffffffffffffffffffffffffa9b04e395971812478765",
                            7494
                        ]
                    ]
                }
            ],
            [
                "0x5ade7ae8660293f2ebfcefaba91d141d72d221e8",
                "0x70a08231",
                "complete",
                7397,
                7526,
                "staticcall",
                {
                    "0x5ade7ae8660293f2ebfcefaba91d141d72d221e8": [
                        [
                            "sload",
                            "0xe9d49fdd3f5bf21ba6fea227e0da2ae642a65ad61f8b0bf6602a23505683686d",
                            "0x9c3cbbfd388139960a86",
                            4643
                        ]
                    ]
                }
            ],
            [
                "0x5ade7ae8660293f2ebfcefaba91d141d72d221e8",
                "0x23b872dd",
                "complete",
                9945,
                10506,
                "call",
                {
                    "0x5ade7ae8660293f2ebfcefaba91d141d72d221e8": [
                        [
                            "sload",
                            "0xe9d49fdd3f5bf21ba6fea227e0da2ae642a65ad61f8b0bf6602a23505683686d",
                            "0x9c3cbbfd388139960a86",
                            8395
                        ],
                        [
                            "sstore",
                            "0xe9d49fdd3f5bf21ba6fea227e0da2ae642a65ad61f8b0bf6602a23505683686d",
                            "0x0",
                            8475
                        ],
                        [
                            "sload",
                            "0x55b91fb95307b5d559958238471c03242b9eb0f4d0f88762e32505930424070d",
                            "0x6c2f6347096b4d47717c8",
                            8543
                        ],
                        [
                            "sstore",
                            "0x55b91fb95307b5d559958238471c03242b9eb0f4d0f88762e32505930424070d",
                            "0x75f32f06dcf360e0d224e",
                            8622
                        ],
                        [
                            "sload",
                            "0x2753cf7554897fa2ff3ba5aa2165ace6e95440fa88f9d15c58b3a4834c552541",
                            "0xfffffffffffffffffffffffffffffffffffffffffffa9b04e395971812478765",
                            3526
                        ],
                        [
                            "sstore",
                            "0x2753cf7554897fa2ff3ba5aa2165ace6e95440fa88f9d15c58b3a4834c552541",
                            "0xfffffffffffffffffffffffffffffffffffffffffff9fec827985e96d8b17cdf",
                            7928
                        ]
                    ]
                }
            ],
            [
                "0x5ade7ae8660293f2ebfcefaba91d141d72d221e8",
                "0x70a08231",
                "complete",
                12139,
                12268,
                "staticcall",
                {
                    "0x5ade7ae8660293f2ebfcefaba91d141d72d221e8": [
                        [
                            "sload",
                            "0x55b91fb95307b5d559958238471c03242b9eb0f4d0f88762e32505930424070d",
                            "0x75f32f06dcf360e0d224e",
                            4643
                        ]
                    ]
                }
            ]
        ],
        [
            [
                "0x6b175474e89094c44da98b954eedeac495271d0f",
                "0x196c3a943748504d695413167fc3eb77c0832ade",
                "0x5ade7ae8660293f2ebfcefaba91d141d72d221e8",
                5000000000000000000000
            ]
        ]
    ],
    "0xc247de2e2a9013858d2463602e374166440b65177175ef8a8cf46e876fec0894": [
        [
            [
                "0x5ade7ae8660293f2ebfcefaba91d141d72d221e8",
                "0x095ea7b3",
                "complete",
                -1,
                221,
                "firstcall",
                {
                    "0x5ade7ae8660293f2ebfcefaba91d141d72d221e8": [
                        [
                            "sstore",
                            "0xb66fbf69e23969df9e5050f0737d294374beb33005d111c7453e2c7dd93ca817",
                            "0xffffffffffffffffffffffffffffffffffffffffffffffffffffffffffffffff",
                            7928
                        ]
                    ]
                }
            ]
        ],
        []
    ],
    "0x33b28ed05e75d03cd9dd83aed453902f602ad4d68e859a08cfc40f12028ec537": [
        [
            [
                "0x5ade7ae8660293f2ebfcefaba91d141d72d221e8",
                "0xa9059cbb",
                "complete",
                2777,
                3139,
                "call",
                {
                    "0x5ade7ae8660293f2ebfcefaba91d141d72d221e8": [
                        [
                            "sload",
                            "0x55b91fb95307b5d559958238471c03242b9eb0f4d0f88762e32505930424070d",
                            "0x75f32f06dcf360e0d224e",
                            8395
                        ],
                        [
                            "sstore",
                            "0x55b91fb95307b5d559958238471c03242b9eb0f4d0f88762e32505930424070d",
                            "0x74d4e3af70881289af09b",
                            8475
                        ],
                        [
                            "sload",
                            "0xec5f0217d8dec994b92d2957806ce2e419041da2a8b6eb825c920b3cbcb8d162",
                            "0x0",
                            8543
                        ],
                        [
                            "sstore",
                            "0xec5f0217d8dec994b92d2957806ce2e419041da2a8b6eb825c920b3cbcb8d162",
                            "0x11e4b576c6b4e57231b3",
                            8622
                        ]
                    ]
                }
            ],
            [
                "0x5ade7ae8660293f2ebfcefaba91d141d72d221e8",
                "0x70a08231",
                "complete",
                3274,
                3403,
                "staticcall",
                {
                    "0x5ade7ae8660293f2ebfcefaba91d141d72d221e8": [
                        [
                            "sload",
                            "0x55b91fb95307b5d559958238471c03242b9eb0f4d0f88762e32505930424070d",
                            "0x74d4e3af70881289af09b",
                            4643
                        ]
                    ]
                }
            ]
        ],
        []
    ],
    "0x965e40036a2b1544935b91e16818432fa11eee6abe75527e11586931fddd9052": [
        [
            [
                "0x5ade7ae8660293f2ebfcefaba91d141d72d221e8",
                "0x095ea7b3",
                "complete",
                -1,
                221,
                "firstcall",
                {
                    "0x5ade7ae8660293f2ebfcefaba91d141d72d221e8": [
                        [
                            "sstore",
                            "0xd1514665154058fedb196f1847c3a276c260d13f8c760eb6ed5b7a3873dd9258",
                            "0xa2a15d09519be00000",
                            7928
                        ]
                    ]
                }
            ]
        ],
        []
    ],
    "0xcd0cf052bf8c20d2d2e393577f648ae5700414c5a0348e9a2f3aec0d2b071eb8": [
        [
            [
                "0x5ade7ae8660293f2ebfcefaba91d141d72d221e8",
                "0xa9059cbb",
                "complete",
                9559,
                9921,
                "call",
                {
                    "0x5ade7ae8660293f2ebfcefaba91d141d72d221e8": [
                        [
                            "sload",
                            "0x310cefba57cc5c94c41a0bbc7d3eaee4c0438325df6daf66ef97f62996b7f534",
                            "0x9a7ed005cd48d74ae026",
                            8395
                        ],
                        [
                            "sstore",
                            "0x310cefba57cc5c94c41a0bbc7d3eaee4c0438325df6daf66ef97f62996b7f534",
                            "0x994b9bda5c8fdca44152",
                            8475
                        ],
                        [
                            "sload",
                            "0xe600a667167752bb0f2123b8c16376ba33f387c210171e649796d1d3b18e412d",
                            "0x0",
                            8543
                        ],
                        [
                            "sstore",
                            "0xe600a667167752bb0f2123b8c16376ba33f387c210171e649796d1d3b18e412d",
                            "0x133342b70b8faa69ed4",
                            8622
                        ]
                    ]
                }
            ],
            [
                "0x5ade7ae8660293f2ebfcefaba91d141d72d221e8",
                "0x70a08231",
                "complete",
                10056,
                10185,
                "staticcall",
                {
                    "0x5ade7ae8660293f2ebfcefaba91d141d72d221e8": [
                        [
                            "sload",
                            "0x310cefba57cc5c94c41a0bbc7d3eaee4c0438325df6daf66ef97f62996b7f534",
                            "0x994b9bda5c8fdca44152",
                            4643
                        ]
                    ]
                }
            ]
        ],
        []
    ],
    "0x075a2db12c3b9c8b62db83ced354ddd14ad2602caeade6dc46f2bdd216480d10": [
        [
            [
                "0x5ade7ae8660293f2ebfcefaba91d141d72d221e8",
                "0x70a08231",
                "complete",
                884,
                1013,
                "staticcall",
                {
                    "0x5ade7ae8660293f2ebfcefaba91d141d72d221e8": [
                        [
                            "sload",
                            "0x55b91fb95307b5d559958238471c03242b9eb0f4d0f88762e32505930424070d",
                            "0x74d4e3af70881289af09b",
                            4643
                        ]
                    ]
                }
            ]
        ],
        []
    ],
    "0x9264c02aae2d27424f97aabf655379b1994e6c008867238ab18842e8407599ad": [
        [
            [
                "0x5ade7ae8660293f2ebfcefaba91d141d72d221e8",
                "0xa9059cbb",
                "complete",
                2777,
                3139,
                "call",
                {
                    "0x5ade7ae8660293f2ebfcefaba91d141d72d221e8": [
                        [
                            "sload",
                            "0x55b91fb95307b5d559958238471c03242b9eb0f4d0f88762e32505930424070d",
                            "0x74d4e3af70881289af09b",
                            8395
                        ],
                        [
                            "sstore",
                            "0x55b91fb95307b5d559958238471c03242b9eb0f4d0f88762e32505930424070d",
                            "0x7412e1b442ecadeb584d7",
                            8475
                        ],
                        [
                            "sload",
                            "0x3ea2b30456224fd6176be4ad83b55977d97277a73422b1fcf73aeae87b2cb210",
                            "0x0",
                            8543
                        ],
                        [
                            "sstore",
                            "0x3ea2b30456224fd6176be4ad83b55977d97277a73422b1fcf73aeae87b2cb210",
                            "0xc201fb2d9b649e56bc4",
                            8622
                        ]
                    ]
                }
            ],
            [
                "0x5ade7ae8660293f2ebfcefaba91d141d72d221e8",
                "0x70a08231",
                "complete",
                3274,
                3403,
                "staticcall",
                {
                    "0x5ade7ae8660293f2ebfcefaba91d141d72d221e8": [
                        [
                            "sload",
                            "0x55b91fb95307b5d559958238471c03242b9eb0f4d0f88762e32505930424070d",
                            "0x7412e1b442ecadeb584d7",
                            4643
                        ]
                    ]
                }
            ]
        ],
        []
    ],
    "0x31c4aaad8fce3fa4c89c886748c183f5242e4c27a67f6e7723e92c998be511ac": [
        [],
        []
    ],
    "0x3bd5fe556561e2721df539ead9c7f32a0a6c2e569c4486d46887ba7d72e7b3c1": [
        [
            [
                "0x5ade7ae8660293f2ebfcefaba91d141d72d221e8",
                "0x70a08231",
                "complete",
                884,
                1013,
                "staticcall",
                {
                    "0x5ade7ae8660293f2ebfcefaba91d141d72d221e8": [
                        [
                            "sload",
                            "0x55b91fb95307b5d559958238471c03242b9eb0f4d0f88762e32505930424070d",
                            "0x7412e1b442ecadeb584d7",
                            4643
                        ]
                    ]
                }
            ]
        ],
        []
    ],
    "0xcda898c634e9e5a3e3734e29b7f80b3c7e79a749df2d9505a094b4fe633c7080": [
        [],
        []
    ],
    "0x4f67f1f76cdc6d906dad373431cd698ee2129fba96638b1a0bc2b30b11965256": [
        [
            [
                "0x5ade7ae8660293f2ebfcefaba91d141d72d221e8",
                "0xa9059cbb",
                "complete",
                2777,
                3139,
                "call",
                {
                    "0x5ade7ae8660293f2ebfcefaba91d141d72d221e8": [
                        [
                            "sload",
                            "0x55b91fb95307b5d559958238471c03242b9eb0f4d0f88762e32505930424070d",
                            "0x7412e1b442ecadeb584d7",
                            8395
                        ],
                        [
                            "sstore",
                            "0x55b91fb95307b5d559958238471c03242b9eb0f4d0f88762e32505930424070d",
                            "0x6e857df1bcc936d55039c",
                            8475
                        ],
                        [
                            "sload",
                            "0xc82f9311262551189a762aa72a80e51152c8cc91ea3df664983e78314b6bca96",
                            "0x0",
                            8543
                        ],
                        [
                            "sstore",
                            "0xc82f9311262551189a762aa72a80e51152c8cc91ea3df664983e78314b6bca96",
                            "0x58d63c2862377160813b",
                            8622
                        ]
                    ]
                }
            ],
            [
                "0x5ade7ae8660293f2ebfcefaba91d141d72d221e8",
                "0x70a08231",
                "complete",
                3274,
                3403,
                "staticcall",
                {
                    "0x5ade7ae8660293f2ebfcefaba91d141d72d221e8": [
                        [
                            "sload",
                            "0x55b91fb95307b5d559958238471c03242b9eb0f4d0f88762e32505930424070d",
                            "0x6e857df1bcc936d55039c",
                            4643
                        ]
                    ]
                }
            ]
        ],
        []
    ],
    "0x39cd8d1574ef59c67f8acc0d362fdeab3c54fa9cf684580735f93cc8aea61c66": [
        [
            [
                "0x5ade7ae8660293f2ebfcefaba91d141d72d221e8",
                "0x23b872dd",
                "complete",
                1511,
                2072,
                "call",
                {
                    "0x5ade7ae8660293f2ebfcefaba91d141d72d221e8": [
                        [
                            "sload",
                            "0x7591bccc7a7676c17b65f71ee929d676acb1b41effc6445cc416abb893d4acd9",
                            "0x703deb30f7ec1d0e673",
                            8395
                        ],
                        [
                            "sstore",
                            "0x7591bccc7a7676c17b65f71ee929d676acb1b41effc6445cc416abb893d4acd9",
                            "0x0",
                            8475
                        ],
                        [
                            "sload",
                            "0x55b91fb95307b5d559958238471c03242b9eb0f4d0f88762e32505930424070d",
                            "0x6e857df1bcc936d55039c",
                            8543
                        ],
                        [
                            "sstore",
                            "0x55b91fb95307b5d559958238471c03242b9eb0f4d0f88762e32505930424070d",
                            "0x6ef5bbdcedc122f25ea0f",
                            8622
                        ],
                        [
                            "sload",
                            "0xe64c9ee662b05a3bc662e1d2a09ed9013f578772c35ba59d9dbfddcefc1f46a6",
                            "0xffffffffffffffffffffffffffffffffffffffffffff84f0f53126245d496f0d",
                            3526
                        ],
                        [
                            "sstore",
                            "0xe64c9ee662b05a3bc662e1d2a09ed9013f578772c35ba59d9dbfddcefc1f46a6",
                            "0xffffffffffffffffffffffffffffffffffffffffffff7ded167e16a59b78889a",
                            7928
                        ]
                    ]
                }
            ],
            [
                "0x5ade7ae8660293f2ebfcefaba91d141d72d221e8",
                "0x70a08231",
                "complete",
                3518,
                3647,
                "staticcall",
                {
                    "0x5ade7ae8660293f2ebfcefaba91d141d72d221e8": [
                        [
                            "sload",
                            "0x55b91fb95307b5d559958238471c03242b9eb0f4d0f88762e32505930424070d",
                            "0x6ef5bbdcedc122f25ea0f",
                            4643
                        ]
                    ]
                }
            ]
        ],
        []
    ],
    "0xbc61b0c1a9261e4905d453e25c7570e48f492dae943b593b01d87083e6d2ba7c": [
        [
            [
                "0x5ade7ae8660293f2ebfcefaba91d141d72d221e8",
                "0xa9059cbb",
                "complete",
                9747,
                10109,
                "call",
                {
                    "0x5ade7ae8660293f2ebfcefaba91d141d72d221e8": [
                        [
                            "sload",
                            "0x310cefba57cc5c94c41a0bbc7d3eaee4c0438325df6daf66ef97f62996b7f534",
                            "0x994b9bda5c8fdca44152",
                            8395
                        ],
                        [
                            "sstore",
                            "0x310cefba57cc5c94c41a0bbc7d3eaee4c0438325df6daf66ef97f62996b7f534",
                            "0x966fc8704eb62540140c",
                            8475
                        ],
                        [
                            "sload",
                            "0x4e86d80dfdce0e5dbbc9d5917b211b79ec9c5145d03f00ad803fc7aec97469da",
                            "0x0",
                            8543
                        ],
                        [
                            "sstore",
                            "0x4e86d80dfdce0e5dbbc9d5917b211b79ec9c5145d03f00ad803fc7aec97469da",
                            "0x2dbd36a0dd9b7642d46",
                            8622
                        ]
                    ]
                }
            ],
            [
                "0x5ade7ae8660293f2ebfcefaba91d141d72d221e8",
                "0x70a08231",
                "complete",
                10244,
                10373,
                "staticcall",
                {
                    "0x5ade7ae8660293f2ebfcefaba91d141d72d221e8": [
                        [
                            "sload",
                            "0x310cefba57cc5c94c41a0bbc7d3eaee4c0438325df6daf66ef97f62996b7f534",
                            "0x966fc8704eb62540140c",
                            4643
                        ]
                    ]
                }
            ]
        ],
        []
    ],
    "0x2337797074b3b1efbb884e67aedd0e7efae7a9fd1651b6e7928a2da0ea6e3f33": [
        [],
        []
    ],
    "0x9681085f852df6565bc43301d8d3cb35f36741f940cc128deb578b39b7d99b6e": [
        [
            [
                "0x16f6664c16bede5d70818654defef11769d40983",
                "0x29a00e7c",
                "complete",
                201,
                1353,
                "staticcall",
                {}
            ]
        ],
        []
    ]
}