{
    "0xe53c782997f752c5e610f54ea5883d2b619ed64e218db4132f6037ee6691a961": [
        [
            [
                "0x5ade7ae8660293f2ebfcefaba91d141d72d221e8",
                "0x095ea7b3",
                "complete",
                -1,
                221,
                "firstcall",
                {
                    "0x5ade7ae8660293f2ebfcefaba91d141d72d221e8": [
                        [
                            "sstore",
                            "0xda34af750177c0a78daf14c0b448c172ed4829b3e33d3a3c17bc4a0e2b29d280",
                            "0xffffffffffffffffffffffffffffffffffffffffffffffffffffffffffffffff",
                            7928
                        ]
                    ]
                }
            ]
        ],
        []
    ],
    "0x82edbddc26cefb66e6b7c34619f149df9c09fe8e6d2ead8fff1705b6cbe56b66": [
        [
            [
                "0x5ade7ae8660293f2ebfcefaba91d141d72d221e8",
                "0xa9059cbb",
                "complete",
                5743,
                6105,
                "call",
                {
                    "0x5ade7ae8660293f2ebfcefaba91d141d72d221e8": [
                        [
                            "sload",
                            "0x55b91fb95307b5d559958238471c03242b9eb0f4d0f88762e32505930424070d",
                            "0x37272bf1d4325c057d92",
                            8395
                        ],
                        [
                            "sstore",
                            "0x55b91fb95307b5d559958238471c03242b9eb0f4d0f88762e32505930424070d",
                            "0x2f2a5dedc54765c2d02a",
                            8475
                        ],
                        [
                            "sload",
                            "0xc45ec28cc8980515ea35a8e608c288020edc8d078960e357031064d1073221ec",
                            "0x0",
                            8543
                        ],
                        [
                            "sstore",
                            "0xc45ec28cc8980515ea35a8e608c288020edc8d078960e357031064d1073221ec",
                            "0x7fcce040eeaf642ad68",
                            8622
                        ]
                    ]
                }
            ],
            [
                "0x5ade7ae8660293f2ebfcefaba91d141d72d221e8",
                "0x70a08231",
                "complete",
                6240,
                6369,
                "staticcall",
                {
                    "0x5ade7ae8660293f2ebfcefaba91d141d72d221e8": [
                        [
                            "sload",
                            "0x55b91fb95307b5d559958238471c03242b9eb0f4d0f88762e32505930424070d",
                            "0x2f2a5dedc54765c2d02a",
                            4643
                        ]
                    ]
                }
            ]
        ],
        []
    ],
    "0x3427afb91e14ac9612961a41c1336b0e71bc6668ced2b6fff0f4223e1b971e04": [
        [
            [
                "0x5ade7ae8660293f2ebfcefaba91d141d72d221e8",
                "0x23b872dd",
                "complete",
                1856,
                2417,
                "call",
                {
                    "0x5ade7ae8660293f2ebfcefaba91d141d72d221e8": [
                        [
                            "sload",
                            "0xde5d88196595f466963b9c42a260b50fd688f4d7b6a7cdb7b284594142f269f6",
                            "0x2a5d0f36dca86f0c4885",
                            8395
                        ],
                        [
                            "sstore",
                            "0xde5d88196595f466963b9c42a260b50fd688f4d7b6a7cdb7b284594142f269f6",
                            "0x1daeea30f10494d5116a",
                            8475
                        ],
                        [
                            "sload",
                            "0x55b91fb95307b5d559958238471c03242b9eb0f4d0f88762e32505930424070d",
                            "0x37272bf1d4325c057d92",
                            8543
                        ],
                        [
                            "sstore",
                            "0x55b91fb95307b5d559958238471c03242b9eb0f4d0f88762e32505930424070d",
                            "0x43d550f7bfd6363cb4ad",
                            8622
                        ],
                        [
                            "sload",
                            "0x97d58ef6296dab6bf991cc7c0592530a5ed10bb93992c37ebedd4d119398f913",
                            "0xffffffffffffffffffffffffffffffffffffffffffffffffffffffffffffffff",
                            3526
                        ],
                        [
                            "sstore",
                            "0x97d58ef6296dab6bf991cc7c0592530a5ed10bb93992c37ebedd4d119398f913",
                            "0xfffffffffffffffffffffffffffffffffffffffffffff351dafa145c25c8c8e4",
                            7928
                        ]
                    ]
                }
            ],
            [
                "0x5ade7ae8660293f2ebfcefaba91d141d72d221e8",
                "0x70a08231",
                "complete",
                2705,
                2834,
                "staticcall",
                {
                    "0x5ade7ae8660293f2ebfcefaba91d141d72d221e8": [
                        [
                            "sload",
                            "0x55b91fb95307b5d559958238471c03242b9eb0f4d0f88762e32505930424070d",
                            "0x43d550f7bfd6363cb4ad",
                            4643
                        ]
                    ]
                }
            ]
        ],
        []
    ],
    "0x60f6ceb24bd9c6b09a400d758ab1e3d63361796da46605ddd720f6ce7ad6ef0b": [
        [],
        []
    ],
    "0x05d3c80885af8b768cea61de1b1883ac16b16f04ed77d9ed9e924f5c30bb0e16": [
        [
            [
                "0x5ade7ae8660293f2ebfcefaba91d141d72d221e8",
                "0xa9059cbb",
                "complete",
                2777,
                3139,
                "call",
                {
                    "0x5ade7ae8660293f2ebfcefaba91d141d72d221e8": [
                        [
                            "sload",
                            "0x55b91fb95307b5d559958238471c03242b9eb0f4d0f88762e32505930424070d",
                            "0x43d550f7bfd6363cb4ad",
                            8395
                        ],
                        [
                            "sstore",
                            "0x55b91fb95307b5d559958238471c03242b9eb0f4d0f88762e32505930424070d",
                            "0x3e75d0550b8d1e7627d5",
                            8475
                        ],
                        [
                            "sload",
                            "0xabddccf1694987681345e2937f7a4d2716e25496c96ad980b937285f067b3636",
                            "0x0",
                            8543
                        ],
                        [
                            "sstore",
                            "0xabddccf1694987681345e2937f7a4d2716e25496c96ad980b937285f067b3636",
                            "0x55f80a2b44917c68cd8",
                            8622
                        ]
                    ]
                }
            ],
            [
                "0x5ade7ae8660293f2ebfcefaba91d141d72d221e8",
                "0x70a08231",
                "complete",
                3274,
                3403,
                "staticcall",
                {
                    "0x5ade7ae8660293f2ebfcefaba91d141d72d221e8": [
                        [
                            "sload",
                            "0x55b91fb95307b5d559958238471c03242b9eb0f4d0f88762e32505930424070d",
                            "0x3e75d0550b8d1e7627d5",
                            4643
                        ]
                    ]
                }
            ]
        ],
        []
    ],
    "0x5d04e16e9beeca51fd9fbadb9a1958311b0223ae0b1889e7de13384dd8aa45e4": []
}