{
    "0xd6c15de05e60d232ade7ce97d48658437a86a8fbb077e5a1b932610bd7f4256a": [],
    "0x5be51914890b02b56fd75ca062bbb649515e4cecac0c9d00ad0326e9ca264d4b": [
        [
            [
                "0x5ade7ae8660293f2ebfcefaba91d141d72d221e8",
                "0x23b872dd",
                "complete",
                1511,
                2072,
                "call",
                {
                    "0x5ade7ae8660293f2ebfcefaba91d141d72d221e8": [
                        [
                            "sload",
                            "0xd914b16120e271d8cc500f1a9a0ea5501c016d9b6e694d6ac6c31c66e5c2d40",
                            "0x4d59b4d74ce8cfe0d358",
                            8395
                        ],
                        [
                            "sstore",
                            "0xd914b16120e271d8cc500f1a9a0ea5501c016d9b6e694d6ac6c31c66e5c2d40",
                            "0x42c333735c4354a0d358",
                            8475
                        ],
                        [
                            "sload",
                            "0x55b91fb95307b5d559958238471c03242b9eb0f4d0f88762e32505930424070d",
                            "0x3d41bc84770e83192166",
                            8543
                        ],
                        [
                            "sstore",
                            "0x55b91fb95307b5d559958238471c03242b9eb0f4d0f88762e32505930424070d",
                            "0x47d83de867b3fe592166",
                            8622
                        ],
                        [
                            "sload",
                            "0x4a0ee5c5dd351c5cc68fdb97ced6d4cf25b5499f46b94ad28a2277abcf84e48c",
                            "0xffffffffffffffffffffffffffffffffffffffffffffb21d8a401eeb3115e301",
                            3526
                        ],
                        [
                            "sstore",
                            "0x4a0ee5c5dd351c5cc68fdb97ced6d4cf25b5499f46b94ad28a2277abcf84e48c",
                            "0xffffffffffffffffffffffffffffffffffffffffffffa78708dc2e45b5d5e301",
                            7928
                        ]
                    ]
                }
            ],
            [
                "0x5ade7ae8660293f2ebfcefaba91d141d72d221e8",
                "0x70a08231",
                "complete",
                3518,
                3647,
                "staticcall",
                {
                    "0x5ade7ae8660293f2ebfcefaba91d141d72d221e8": [
                        [
                            "sload",
                            "0x55b91fb95307b5d559958238471c03242b9eb0f4d0f88762e32505930424070d",
                            "0x47d83de867b3fe592166",
                            4643
                        ]
                    ]
                }
            ]
        ],
        []
    ],
    "0x42b0aecd929181a8d1e55caa35ac7838a63ee9bcdc4773a744c0c8e389ef1161": [
        [
            [
                "0x5ade7ae8660293f2ebfcefaba91d141d72d221e8",
                "0xa9059cbb",
                "complete",
                2777,
                3139,
                "call",
                {
                    "0x5ade7ae8660293f2ebfcefaba91d141d72d221e8": [
                        [
                            "sload",
                            "0x55b91fb95307b5d559958238471c03242b9eb0f4d0f88762e32505930424070d",
                            "0x47d83de867b3fe592166",
                            8395
                        ],
                        [
                            "sstore",
                            "0x55b91fb95307b5d559958238471c03242b9eb0f4d0f88762e32505930424070d",
                            "0x23c324ae7cc93fbcfc7f",
                            8475
                        ],
                        [
                            "sload",
                            "0x379aa37932a616d83f7a0186180a582643937b5332cfaf5d6c2858f10f61d90e",
                            "0x28d657c71497ee73ac5a",
                            8543
                        ],
                        [
                            "sstore",
                            "0x379aa37932a616d83f7a0186180a582643937b5332cfaf5d6c2858f10f61d90e",
                            "0x4ceb7100ff82ad0fd141",
                            8622
                        ]
                    ]
                }
            ],
            [
                "0x5ade7ae8660293f2ebfcefaba91d141d72d221e8",
                "0x70a08231",
                "complete",
                3274,
                3403,
                "staticcall",
                {
                    "0x5ade7ae8660293f2ebfcefaba91d141d72d221e8": [
                        [
                            "sload",
                            "0x55b91fb95307b5d559958238471c03242b9eb0f4d0f88762e32505930424070d",
                            "0x23c324ae7cc93fbcfc7f",
                            4643
                        ]
                    ]
                }
            ]
        ],
        []
    ],
    "0x272a50bf01516e9668deb022f05d5e0378e71a340641fcf46a19a7360f87bdf6": [],
    "0x27e0c4c1b7214a9913edd266ee992b275df680382827e2e5457fae10b5cec8ae": [
        [
            [
                "0x5ade7ae8660293f2ebfcefaba91d141d72d221e8",
                "0x23b872dd",
                "complete",
                1511,
                2072,
                "call",
                {
                    "0x5ade7ae8660293f2ebfcefaba91d141d72d221e8": [
                        [
                            "sload",
                            "0x417d94321b112972c61d47371d5e16c5d714c77aeb1106d7f6d8b5fdd3265239",
                            "0xb12b137e9bb836302b0",
                            8395
                        ],
                        [
                            "sstore",
                            "0x417d94321b112972c61d47371d5e16c5d714c77aeb1106d7f6d8b5fdd3265239",
                            "0x0",
                            8475
                        ],
                        [
                            "sload",
                            "0x55b91fb95307b5d559958238471c03242b9eb0f4d0f88762e32505930424070d",
                            "0x23c324ae7cc93fbcfc7f",
                            8543
                        ],
                        [
                            "sstore",
                            "0x55b91fb95307b5d559958238471c03242b9eb0f4d0f88762e32505930424070d",
                            "0x2ed5d5e66684c31fff2f",
                            8622
                        ],
                        [
                            "sload",
                            "0xdcd3876dd193667121235861e3d26072c07126884b951f415afdce163ed325e8",
                            "0xffffffffffffffffffffffffffffffffffffffffffffde23bdc0af719b40b14c",
                            3526
                        ],
                        [
                            "sstore",
                            "0xdcd3876dd193667121235861e3d26072c07126884b951f415afdce163ed325e8",
                            "0xffffffffffffffffffffffffffffffffffffffffffffd3110c88c5b617ddae9c",
                            7928
                        ]
                    ]
                }
            ],
            [
                "0x5ade7ae8660293f2ebfcefaba91d141d72d221e8",
                "0x70a08231",
                "complete",
                3518,
                3647,
                "staticcall",
                {
                    "0x5ade7ae8660293f2ebfcefaba91d141d72d221e8": [
                        [
                            "sload",
                            "0x55b91fb95307b5d559958238471c03242b9eb0f4d0f88762e32505930424070d",
                            "0x2ed5d5e66684c31fff2f",
                            4643
                        ]
                    ]
                }
            ]
        ],
        []
    ],
    "0xf874f6db4c417c54889d6d5bfd10c0c60e1da7743ff9cc4d0a5a0a5af7282384": [],
    "0xa62a97983b20083cf45061a8fb0f7e40a48aed08e0c4c9b337d9104f107bd853": [
        [],
        []
    ],
    "0x4b36cd85d1ac7b8538cedd48fd55a5e909d3ecc31a4237af9ccf9680447af32c": [],
    "0x9c631e1a9532fcec8071b7486738da537cc023603ba20792c53938feffd5f364": [
        [
            [
                "0x5ade7ae8660293f2ebfcefaba91d141d72d221e8",
                "0xa9059cbb",
                "complete",
                2794,
                3156,
                "call",
                {
                    "0x5ade7ae8660293f2ebfcefaba91d141d72d221e8": [
                        [
                            "sload",
                            "0x55b91fb95307b5d559958238471c03242b9eb0f4d0f88762e32505930424070d",
                            "0x2ed5d5e66684c31fff2f",
                            8395
                        ],
                        [
                            "sstore",
                            "0x55b91fb95307b5d559958238471c03242b9eb0f4d0f88762e32505930424070d",
                            "0x2dc6c8f601a769ffff2f",
                            8475
                        ],
                        [
                            "sload",
                            "0x20fd7cdbc07437683a472bb99f8f1f222237faed1cd5b53d5b01ce851a2c7e30",
                            "0x2544faa778090e00000",
                            8543
                        ],
                        [
                            "sstore",
                            "0x20fd7cdbc07437683a472bb99f8f1f222237faed1cd5b53d5b01ce851a2c7e30",
                            "0x3635c9adc5dea000000",
                            8622
                        ]
                    ]
                }
            ],
            [
                "0x5ade7ae8660293f2ebfcefaba91d141d72d221e8",
                "0x70a08231",
                "complete",
                3291,
                3420,
                "staticcall",
                {
                    "0x5ade7ae8660293f2ebfcefaba91d141d72d221e8": [
                        [
                            "sload",
                            "0x55b91fb95307b5d559958238471c03242b9eb0f4d0f88762e32505930424070d",
                            "0x2dc6c8f601a769ffff2f",
                            4643
                        ]
                    ]
                }
            ]
        ],
        []
    ],
    "0x52d1b69973b6ff8fa0c57b793c0466d93b998e89eee6f65e9670e26984e5c691": [
        [
            [
                "0x5ade7ae8660293f2ebfcefaba91d141d72d221e8",
                "0x095ea7b3",
                "complete",
                -1,
                221,
                "firstcall",
                {
                    "0x5ade7ae8660293f2ebfcefaba91d141d72d221e8": [
                        [
                            "sstore",
                            "0xffa63631c65ca8da99f17cce35ac2dfe8603d7e036d1bb13e5b487869114bbb6",
                            "0x416eec6ebfd5b7200000",
                            7928
                        ]
                    ]
                }
            ]
        ],
        []
    ],
    "0xf175afd020047731a15d4da5e3b0752512021b9c661039f7d5e240f1981d72f9": [],
    "0x2c9d239d02b49d7876d92e3eadd3e58b16aa340145ef1e34bc7f6cd636c4296e": [],
    "0xf307fa7700c66b05794e752c38213e7a1b027dac8f7568c3b12b5716965fbdc8": [
        [
            [
                "0xb387e90367f1e621e656900ed2a762dc7d71da8c",
                "0xd6febde8",
                "complete",
                -1,
                7485,
                "firstcall",
                {
                    "0xb387e90367f1e621e656900ed2a762dc7d71da8c": [
                        [
                            "sload",
                            "0x2",
                            "0x28ca3c55f5f9f63727d",
                            3349
                        ],
                        [
                            "sload",
                            "0x4",
                            "0x1eb12e4087a450ba8000",
                            3618
                        ],
                        [
                            "sload",
                            "0x5",
                            "0x7a120",
                            3624
                        ],
                        [
                            "sload",
                            "0x4",
                            "0x1eb12e4087a450ba8000",
                            9947
                        ],
                        [
                            "sstore",
                            "0x4",
                            "0x5e3836982b85343a8000",
                            9966
                        ],
                        [
                            "sload",
                            "0x2",
                            "0x28ca3c55f5f9f63727d",
                            9103
                        ],
                        [
                            "sstore",
                            "0x2",
                            "0x4777c521963dcf94c3c",
                            9122
                        ],
                        [
                            "sload",
                            "0x2e9e812ba49c6620ec3801f8adb3b32ee6406b4d8ce314625d3523ae24e6bc5f",
                            "0x0",
                            9190
                        ],
                        [
                            "sstore",
                            "0x2e9e812ba49c6620ec3801f8adb3b32ee6406b4d8ce314625d3523ae24e6bc5f",
                            "0x1ead88cba043d95d9bf",
                            9269
                        ]
                    ],
                    "0x5ade7ae8660293f2ebfcefaba91d141d72d221e8": [
                        [
                            "sload",
                            "0xc67e03c13a68efce33d790d1e644386ec5f7ecdc2e2f0d97f5b1ac99de6ff824",
                            "0x1",
                            5767
                        ],
                        [
                            "sload",
                            "0x2e9e812ba49c6620ec3801f8adb3b32ee6406b4d8ce314625d3523ae24e6bc5f",
                            "0xc4b1db2f37059ffdde35",
                            9726
                        ],
                        [
                            "sstore",
                            "0x2e9e812ba49c6620ec3801f8adb3b32ee6406b4d8ce314625d3523ae24e6bc5f",
                            "0x852ad2d79324bc7dde35",
                            9806
                        ],
                        [
                            "sload",
                            "0x2",
                            "0x107f1c049dbb7f16e6d006",
                            9814
                        ],
                        [
                            "sstore",
                            "0x2",
                            "0x103f94fc46179e3366d006",
                            9833
                        ]
                    ]
                }
            ],
            [
                "0x16f6664c16bede5d70818654defef11769d40983",
                "0x29a00e7c",
                "complete",
                190,
                6739,
                "staticcall",
                {}
            ],
            [
                "0x5ade7ae8660293f2ebfcefaba91d141d72d221e8",
                "0xaad3ec96",
                "complete",
                6906,
                7250,
                "call",
                {
                    "0x5ade7ae8660293f2ebfcefaba91d141d72d221e8": [
                        [
                            "sload",
                            "0xc67e03c13a68efce33d790d1e644386ec5f7ecdc2e2f0d97f5b1ac99de6ff824",
                            "0x1",
                            5767
                        ],
                        [
                            "sload",
                            "0x2e9e812ba49c6620ec3801f8adb3b32ee6406b4d8ce314625d3523ae24e6bc5f",
                            "0xc4b1db2f37059ffdde35",
                            9726
                        ],
                        [
                            "sstore",
                            "0x2e9e812ba49c6620ec3801f8adb3b32ee6406b4d8ce314625d3523ae24e6bc5f",
                            "0x852ad2d79324bc7dde35",
                            9806
                        ],
                        [
                            "sload",
                            "0x2",
                            "0x107f1c049dbb7f16e6d006",
                            9814
                        ],
                        [
                            "sstore",
                            "0x2",
                            "0x103f94fc46179e3366d006",
                            9833
                        ]
                    ]
                }
            ]
        ],
        []
    ],
    "0x9ba18fbbef7f522a10c95484f592267057c3af459326d4621092c1506cd7176f": [
        [
            [
                "0x5ade7ae8660293f2ebfcefaba91d141d72d221e8",
                "0xa9059cbb",
                "complete",
                2777,
                3139,
                "call",
                {
                    "0x5ade7ae8660293f2ebfcefaba91d141d72d221e8": [
                        [
                            "sload",
                            "0x55b91fb95307b5d559958238471c03242b9eb0f4d0f88762e32505930424070d",
                            "0x2dc6c8f601a769ffff2f",
                            8395
                        ],
                        [
                            "sstore",
                            "0x55b91fb95307b5d559958238471c03242b9eb0f4d0f88762e32505930424070d",
                            "0x25b6a45e2b39d0355522",
                            8475
                        ],
                        [
                            "sload",
                            "0xca81d5fbd5fa7305d2c545c5fd5aa342a840242722738189addcc0257ec09165",
                            "0x0",
                            8543
                        ],
                        [
                            "sstore",
                            "0xca81d5fbd5fa7305d2c545c5fd5aa342a840242722738189addcc0257ec09165",
                            "0x8102497d66d99caaa0d",
                            8622
                        ]
                    ]
                }
            ],
            [
                "0x5ade7ae8660293f2ebfcefaba91d141d72d221e8",
                "0x70a08231",
                "complete",
                3274,
                3403,
                "staticcall",
                {
                    "0x5ade7ae8660293f2ebfcefaba91d141d72d221e8": [
                        [
                            "sload",
                            "0x55b91fb95307b5d559958238471c03242b9eb0f4d0f88762e32505930424070d",
                            "0x25b6a45e2b39d0355522",
                            4643
                        ]
                    ]
                }
            ]
        ],
        []
    ],
    "0x62b84f278a444e20f8318efcc45bc93d89fce5cceaa6266d40907d566a809ad3": [
        [
            [
                "0x5ade7ae8660293f2ebfcefaba91d141d72d221e8",
                "0xa9059cbb",
                "complete",
                6463,
                6825,
                "call",
                {
                    "0x5ade7ae8660293f2ebfcefaba91d141d72d221e8": [
                        [
                            "sload",
                            "0x55b91fb95307b5d559958238471c03242b9eb0f4d0f88762e32505930424070d",
                            "0x25b6a45e2b39d0355522",
                            8395
                        ],
                        [
                            "sstore",
                            "0x55b91fb95307b5d559958238471c03242b9eb0f4d0f88762e32505930424070d",
                            "0x21aabc26aac1dad40880",
                            8475
                        ],
                        [
                            "sload",
                            "0xb52f273e05968759d10c846c51c649b9a252d8cdf40207810dbed6cdade8a142",
                            "0x10ee4bb17b7198637701",
                            8543
                        ],
                        [
                            "sstore",
                            "0xb52f273e05968759d10c846c51c649b9a252d8cdf40207810dbed6cdade8a142",
                            "0x14fa33e8fbe98dc4c3a3",
                            8622
                        ]
                    ]
                }
            ],
            [
                "0x5ade7ae8660293f2ebfcefaba91d141d72d221e8",
                "0x70a08231",
                "complete",
                6960,
                7089,
                "staticcall",
                {
                    "0x5ade7ae8660293f2ebfcefaba91d141d72d221e8": [
                        [
                            "sload",
                            "0x55b91fb95307b5d559958238471c03242b9eb0f4d0f88762e32505930424070d",
                            "0x21aabc26aac1dad40880",
                            4643
                        ]
                    ]
                }
            ]
        ],
        []
    ]
}