{
    "0x4c2527269729217286807d6466016604272360655a82e31537b316d3a817e5a4": [
        [
            [
                "0x5ade7ae8660293f2ebfcefaba91d141d72d221e8",
                "0xa9059cbb",
                "complete",
                2777,
                3139,
                "call",
                {
                    "0x5ade7ae8660293f2ebfcefaba91d141d72d221e8": [
                        [
                            "sload",
                            "0x55b91fb95307b5d559958238471c03242b9eb0f4d0f88762e32505930424070d",
                            "0x44e13bac9daa6b042e20",
                            8395
                        ],
                        [
                            "sstore",
                            "0x55b91fb95307b5d559958238471c03242b9eb0f4d0f88762e32505930424070d",
                            "0x3eea79541d9fb272f2a1",
                            8475
                        ],
                        [
                            "sload",
                            "0x5d144657ac37b279ed4c34afe836c8c6599d806d98e64f65df87d63cade329a4",
                            "0x1f17377731386e5afb5d",
                            8543
                        ],
                        [
                            "sstore",
                            "0x5d144657ac37b279ed4c34afe836c8c6599d806d98e64f65df87d63cade329a4",
                            "0x250df9cfb14326ec36dc",
                            8622
                        ]
                    ]
                }
            ],
            [
                "0x5ade7ae8660293f2ebfcefaba91d141d72d221e8",
                "0x70a08231",
                "complete",
                3274,
                3403,
                "staticcall",
                {
                    "0x5ade7ae8660293f2ebfcefaba91d141d72d221e8": [
                        [
                            "sload",
                            "0x55b91fb95307b5d559958238471c03242b9eb0f4d0f88762e32505930424070d",
                            "0x3eea79541d9fb272f2a1",
                            4643
                        ]
                    ]
                }
            ]
        ],
        []
    ],
    "0x99b357fd32eb097c869efd4ef39635e85470f8bca9541d8301cdfd11c74237e0": [
        [
            [
                "0x5ade7ae8660293f2ebfcefaba91d141d72d221e8",
                "0x23b872dd",
                "complete",
                1511,
                2072,
                "call",
                {
                    "0x5ade7ae8660293f2ebfcefaba91d141d72d221e8": [
                        [
                            "sload",
                            "0x417d94321b112972c61d47371d5e16c5d714c77aeb1106d7f6d8b5fdd3265239",
                            "0x146233eb536742446b9d",
                            8395
                        ],
                        [
                            "sstore",
                            "0x417d94321b112972c61d47371d5e16c5d714c77aeb1106d7f6d8b5fdd3265239",
                            "0x9cbb28762c1c7046b9d",
                            8475
                        ],
                        [
                            "sload",
                            "0x55b91fb95307b5d559958238471c03242b9eb0f4d0f88762e32505930424070d",
                            "0x4a69d292748439e7a4c3",
                            8543
                        ],
                        [
                            "sstore",
                            "0x55b91fb95307b5d559958238471c03242b9eb0f4d0f88762e32505930424070d",
                            "0x550053f66529b527a4c3",
                            8622
                        ],
                        [
                            "sload",
                            "0xdcd3876dd193667121235861e3d26072c07126884b951f415afdce163ed325e8",
                            "0xffffffffffffffffffffffffffffffffffffffffffffd3110c88c5b617ddae9c",
                            3526
                        ],
                        [
                            "sstore",
                            "0xdcd3876dd193667121235861e3d26072c07126884b951f415afdce163ed325e8",
                            "0xffffffffffffffffffffffffffffffffffffffffffffc87a8b24d5109c9dae9c",
                            7928
                        ]
                    ]
                }
            ],
            [
                "0x5ade7ae8660293f2ebfcefaba91d141d72d221e8",
                "0x70a08231",
                "complete",
                3518,
                3647,
                "staticcall",
                {
                    "0x5ade7ae8660293f2ebfcefaba91d141d72d221e8": [
                        [
                            "sload",
                            "0x55b91fb95307b5d559958238471c03242b9eb0f4d0f88762e32505930424070d",
                            "0x550053f66529b527a4c3",
                            4643
                        ]
                    ]
                }
            ]
        ],
        []
    ],
    "0xc87bbcbb1dd363126ed633ac197399b7d760b771d6ea2d14f97c56ef9eb01d70": [
        [
            [
                "0x5ade7ae8660293f2ebfcefaba91d141d72d221e8",
                "0xa9059cbb",
                "complete",
                2777,
                3139,
                "call",
                {
                    "0x5ade7ae8660293f2ebfcefaba91d141d72d221e8": [
                        [
                            "sload",
                            "0x55b91fb95307b5d559958238471c03242b9eb0f4d0f88762e32505930424070d",
                            "0x550053f66529b527a4c3",
                            8395
                        ],
                        [
                            "sstore",
                            "0x55b91fb95307b5d559958238471c03242b9eb0f4d0f88762e32505930424070d",
                            "0x51cf33934149797adc33",
                            8475
                        ],
                        [
                            "sload",
                            "0xb2e0dfce6d495c999bdfd54330f0500b7f72ab5eb4c84d777081b497a4629ccf",
                            "0x17286adfe9e32ec0000",
                            8543
                        ],
                        [
                            "sstore",
                            "0xb2e0dfce6d495c999bdfd54330f0500b7f72ab5eb4c84d777081b497a4629ccf",
                            "0x4a3a711227e6e98c890",
                            8622
                        ]
                    ]
                }
            ],
            [
                "0x5ade7ae8660293f2ebfcefaba91d141d72d221e8",
                "0x70a08231",
                "complete",
                3274,
                3403,
                "staticcall",
                {
                    "0x5ade7ae8660293f2ebfcefaba91d141d72d221e8": [
                        [
                            "sload",
                            "0x55b91fb95307b5d559958238471c03242b9eb0f4d0f88762e32505930424070d",
                            "0x51cf33934149797adc33",
                            4643
                        ]
                    ]
                }
            ]
        ],
        []
    ],
    "0xf7277194f4c12bba28dd04fb815c4ceba8b3cdc897010313a8de7fe060999641": [
        [
            [
                "0x5ade7ae8660293f2ebfcefaba91d141d72d221e8",
                "0xa9059cbb",
                "complete",
                2777,
                3139,
                "call",
                {
                    "0x5ade7ae8660293f2ebfcefaba91d141d72d221e8": [
                        [
                            "sload",
                            "0x55b91fb95307b5d559958238471c03242b9eb0f4d0f88762e32505930424070d",
                            "0x51cf33934149797adc33",
                            8395
                        ],
                        [
                            "sstore",
                            "0x55b91fb95307b5d559958238471c03242b9eb0f4d0f88762e32505930424070d",
                            "0x4986f747e3b2dcc4886c",
                            8475
                        ],
                        [
                            "sload",
                            "0x40e22779161716275f323b5c0379fa640f234bd25102958040589a68d37aa96f",
                            "0x0",
                            8543
                        ],
                        [
                            "sstore",
                            "0x40e22779161716275f323b5c0379fa640f234bd25102958040589a68d37aa96f",
                            "0x8483c4b5d969cb653c7",
                            8622
                        ]
                    ]
                }
            ],
            [
                "0x5ade7ae8660293f2ebfcefaba91d141d72d221e8",
                "0x70a08231",
                "complete",
                3274,
                3403,
                "staticcall",
                {
                    "0x5ade7ae8660293f2ebfcefaba91d141d72d221e8": [
                        [
                            "sload",
                            "0x55b91fb95307b5d559958238471c03242b9eb0f4d0f88762e32505930424070d",
                            "0x4986f747e3b2dcc4886c",
                            4643
                        ]
                    ]
                }
            ]
        ],
        []
    ],
    "0x4e46992071fb029bece9d4263998526b163feee8420f77db51b3d01dd791909e": [
        [
            [
                "0x5ade7ae8660293f2ebfcefaba91d141d72d221e8",
                "0xa9059cbb",
                "complete",
                2777,
                3139,
                "call",
                {
                    "0x5ade7ae8660293f2ebfcefaba91d141d72d221e8": [
                        [
                            "sload",
                            "0x55b91fb95307b5d559958238471c03242b9eb0f4d0f88762e32505930424070d",
                            "0x4986f747e3b2dcc4886c",
                            8395
                        ],
                        [
                            "sstore",
                            "0x55b91fb95307b5d559958238471c03242b9eb0f4d0f88762e32505930424070d",
                            "0x44e13bac9daa6b042e20",
                            8475
                        ],
                        [
                            "sload",
                            "0x1cb78aac51bff814944c01f2736f03c07b2d6ffb2e3fbafe4d1965fd04bb56e3",
                            "0xf9c319e1759dd30d2ed",
                            8543
                        ],
                        [
                            "sstore",
                            "0x1cb78aac51bff814944c01f2736f03c07b2d6ffb2e3fbafe4d1965fd04bb56e3",
                            "0x1441ed395d624ef12d39",
                            8622
                        ]
                    ]
                }
            ],
            [
                "0x5ade7ae8660293f2ebfcefaba91d141d72d221e8",
                "0x70a08231",
                "complete",
                3274,
                3403,
                "staticcall",
                {
                    "0x5ade7ae8660293f2ebfcefaba91d141d72d221e8": [
                        [
                            "sload",
                            "0x55b91fb95307b5d559958238471c03242b9eb0f4d0f88762e32505930424070d",
                            "0x44e13bac9daa6b042e20",
                            4643
                        ]
                    ]
                }
            ]
        ],
        []
    ]
}