{
    "0x423e0e92e4bf813e19fc0e53d601129776c99721148d2b8bfa2b132f540a01e3": [
        [
            [
                "0x5ade7ae8660293f2ebfcefaba91d141d72d221e8",
                "0x095ea7b3",
                "complete",
                -1,
                221,
                "firstcall",
                {
                    "0x5ade7ae8660293f2ebfcefaba91d141d72d221e8": [
                        [
                            "sstore",
                            "0xaee07c579995bc9ba663e0146e2c863d1547b2f8ec0132a0f475f750351372e3",
                            "0xffffffffffffffffffffffffffffffffffffffffffffffffffffffffffffffff",
                            7928
                        ]
                    ]
                }
            ]
        ],
        []
    ],
    "0x50df36336b7724de60e6e8aceb59b2ddf7a639f39f021797a12967e8234a3618": [],
    "0xd266dbb005513c2ba7a6ced9ba26c6f763d72bfe0ac49ff92e0d9ed1d7142706": [
        [
            [
                "0x5ade7ae8660293f2ebfcefaba91d141d72d221e8",
                "0x23b872dd",
                "complete",
                2212,
                2773,
                "call",
                {
                    "0x5ade7ae8660293f2ebfcefaba91d141d72d221e8": [
                        [
                            "sload",
                            "0xaa16c1f1a8e68d7c75544ddc064650e880e38b8b394ff601f1e089c91848d186",
                            "0x1f30fa732da02d93c48f",
                            8395
                        ],
                        [
                            "sstore",
                            "0xaa16c1f1a8e68d7c75544ddc064650e880e38b8b394ff601f1e089c91848d186",
                            "0x0",
                            8475
                        ],
                        [
                            "sload",
                            "0x55b91fb95307b5d559958238471c03242b9eb0f4d0f88762e32505930424070d",
                            "0x3f226805ad1d942f28bf8",
                            8543
                        ],
                        [
                            "sstore",
                            "0x55b91fb95307b5d559958238471c03242b9eb0f4d0f88762e32505930424070d",
                            "0x411577acdff7970865087",
                            8622
                        ],
                        [
                            "sload",
                            "0xf75ab70611456b3218e2024269181f887f59aa688432f4718245081bdc0c84ef",
                            "0xffffffffffffffffffffffffffffffffffffffffffffffffffffffffffffffff",
                            3526
                        ],
                        [
                            "sstore",
                            "0xf75ab70611456b3218e2024269181f887f59aa688432f4718245081bdc0c84ef",
                            "0xffffffffffffffffffffffffffffffffffffffffffffe0cf058cd25fd26c3b70",
                            7928
                        ]
                    ]
                }
            ],
            [
                "0x5ade7ae8660293f2ebfcefaba91d141d72d221e8",
                "0x70a08231",
                "complete",
                4405,
                4534,
                "staticcall",
                {
                    "0x5ade7ae8660293f2ebfcefaba91d141d72d221e8": [
                        [
                            "sload",
                            "0x55b91fb95307b5d559958238471c03242b9eb0f4d0f88762e32505930424070d",
                            "0x411577acdff7970865087",
                            4643
                        ]
                    ]
                }
            ]
        ],
        []
    ],
    "0x8a930e1083c369a5df5538f0e9152b72f0a40eaf817ae00af8373dbe5f714147": [],
    "0x477e5a924da90e733c4d6a45015d1352af1c2327369d5c914cf226b45ff2e836": [],
    "0x2bb0dbd88b3b9526f119645e3b61fa003838bfcaf834289e720cc6afb72a8822": [],
    "0x7585b099b786269f1dba85af8e0b4ee4db0b39aac613edde76ff572911d0a48e": [
        [
            [
                "0x5ade7ae8660293f2ebfcefaba91d141d72d221e8",
                "0xa9059cbb",
                "complete",
                6191,
                6553,
                "call",
                {
                    "0x5ade7ae8660293f2ebfcefaba91d141d72d221e8": [
                        [
                            "sload",
                            "0x55b91fb95307b5d559958238471c03242b9eb0f4d0f88762e32505930424070d",
                            "0x411577acdff7970865087",
                            8395
                        ],
                        [
                            "sstore",
                            "0x55b91fb95307b5d559958238471c03242b9eb0f4d0f88762e32505930424070d",
                            "0x41009818390ada850c449",
                            8475
                        ],
                        [
                            "sload",
                            "0xb42779392fcef54342102c916def70b3b9d45e3a3f2029f42f2f853cae777a06",
                            "0x7670ca794edc1f69277",
                            8543
                        ],
                        [
                            "sstore",
                            "0xb42779392fcef54342102c916def70b3b9d45e3a3f2029f42f2f853cae777a06",
                            "0x8b505f203b98a2c1eb5",
                            8622
                        ]
                    ]
                }
            ],
            [
                "0x5ade7ae8660293f2ebfcefaba91d141d72d221e8",
                "0x70a08231",
                "complete",
                6688,
                6817,
                "staticcall",
                {
                    "0x5ade7ae8660293f2ebfcefaba91d141d72d221e8": [
                        [
                            "sload",
                            "0x55b91fb95307b5d559958238471c03242b9eb0f4d0f88762e32505930424070d",
                            "0x41009818390ada850c449",
                            4643
                        ]
                    ]
                }
            ]
        ],
        []
    ],
    "0xa90091ddfb6f44feaeee6b6d47793c5cbadc9681ef74909b91818ea5ee7cf3e3": [
        [
            [
                "0x5ade7ae8660293f2ebfcefaba91d141d72d221e8",
                "0xd6febde8",
                "complete",
                -1,
                2262,
                "firstcall",
                {
                    "0x5ade7ae8660293f2ebfcefaba91d141d72d221e8": [
                        [
                            "sload",
                            "0x2",
                            "0xcdff0c25084ecaa28fe212",
                            3349
                        ],
                        [
                            "sload",
                            "0x4",
                            "0x122bdaf9a821474b7dfa2",
                            3618
                        ],
                        [
                            "sload",
                            "0x5",
                            "0xf3e58",
                            3624
                        ],
                        [
                            "sload",
                            "0x4",
                            "0x122bdaf9a821474b7dfa2",
                            10071
                        ],
                        [
                            "sstore",
                            "0x4",
                            "0x1236050f78b661097dfa2",
                            10090
                        ],
                        [
                            "sload",
                            "0x2",
                            "0xcdff0c25084ecaa28fe212",
                            9227
                        ],
                        [
                            "sstore",
                            "0x2",
                            "0xce7228c173d68bafb706c5",
                            9246
                        ],
                        [
                            "sload",
                            "0x5af94906dcb4de4b45da49f59f56f68b70d5777ec2027d5d97209a3171e11a76",
                            "0x306004c45628cee5a678b",
                            9314
                        ],
                        [
                            "sstore",
                            "0x5af94906dcb4de4b45da49f59f56f68b70d5777ec2027d5d97209a3171e11a76",
                            "0x3791ce8b0ea4dfb818c3e",
                            9393
                        ]
                    ],
                    "0x6b175474e89094c44da98b954eedeac495271d0f": [
                        [
                            "sload",
                            "0xf9644361db945c435298ded3eefcfd716ee398782a1f946b2c075536401c1aa",
                            "0xaf8bc0937429b1dc74",
                            2664
                        ],
                        [
                            "sload",
                            "0x6602d5cb8095c17d23c86542a520349b1d765db8f7e7cd44afcba9d9cb79040a",
                            "0xa2a15d09519be00000",
                            2993
                        ],
                        [
                            "sload",
                            "0x6602d5cb8095c17d23c86542a520349b1d765db8f7e7cd44afcba9d9cb79040a",
                            "0xa2a15d09519be00000",
                            3127
                        ],
                        [
                            "sload",
                            "0x6602d5cb8095c17d23c86542a520349b1d765db8f7e7cd44afcba9d9cb79040a",
                            "0xa2a15d09519be00000",
                            3371
                        ],
                        [
                            "sstore",
                            "0x6602d5cb8095c17d23c86542a520349b1d765db8f7e7cd44afcba9d9cb79040a",
                            "0x0",
                            3504
                        ],
                        [
                            "sload",
                            "0xf9644361db945c435298ded3eefcfd716ee398782a1f946b2c075536401c1aa",
                            "0xaf8bc0937429b1dc74",
                            3573
                        ],
                        [
                            "sstore",
                            "0xf9644361db945c435298ded3eefcfd716ee398782a1f946b2c075536401c1aa",
                            "0xcea638a228dd1dc74",
                            3645
                        ],
                        [
                            "sload",
                            "0x15faa59cd19891e9621a3bba273a9f040887cde9f44ce391e7a85ff4c6110dc6",
                            "0x122d4588145ed21395fa2",
                            3713
                        ],
                        [
                            "sstore",
                            "0x15faa59cd19891e9621a3bba273a9f040887cde9f44ce391e7a85ff4c6110dc6",
                            "0x12376f9de4f3ebd195fa2",
                            3785
                        ]
                    ]
                }
            ],
            [
                "0x16f6664c16bede5d70818654defef11769d40983",
                "0x29a00e7c",
                "complete",
                201,
                1305,
                "staticcall",
                {}
            ]
        ],
        [
            [
                "0x6b175474e89094c44da98b954eedeac495271d0f",
                "0xc97c2905b706eb7a69094e0d0ed7986b34df9d25",
                "0x5ade7ae8660293f2ebfcefaba91d141d72d221e8",
                3000000000000000000000
            ]
        ]
    ],
    "0x7a5c7c4cf8df13d152b7518087a16ed7b294004417e5c5087fd814a80160e7af": [
        [],
        []
    ],
    "0xfccfacbcd2cbf678e6f0da41ec0c1b43211e03c141af85d43ca83b8c9304a527": [
        [
            [
                "0x5ade7ae8660293f2ebfcefaba91d141d72d221e8",
                "0xa9059cbb",
                "complete",
                6409,
                6771,
                "call",
                {
                    "0x5ade7ae8660293f2ebfcefaba91d141d72d221e8": [
                        [
                            "sload",
                            "0x55b91fb95307b5d559958238471c03242b9eb0f4d0f88762e32505930424070d",
                            "0x41009818390ada850c449",
                            8395
                        ],
                        [
                            "sstore",
                            "0x55b91fb95307b5d559958238471c03242b9eb0f4d0f88762e32505930424070d",
                            "0x40abe40d1985aeab0c449",
                            8475
                        ],
                        [
                            "sload",
                            "0xf34216c5dfe97bf603863ae3a88cad0ece8d94556da35abbeb89934ae3d87f82",
                            "0x44d249099c33a1200000",
                            8543
                        ],
                        [
                            "sstore",
                            "0xf34216c5dfe97bf603863ae3a88cad0ece8d94556da35abbeb89934ae3d87f82",
                            "0x4a1d89bb94865ec00000",
                            8622
                        ]
                    ]
                }
            ],
            [
                "0x5ade7ae8660293f2ebfcefaba91d141d72d221e8",
                "0x70a08231",
                "complete",
                6906,
                7035,
                "staticcall",
                {
                    "0x5ade7ae8660293f2ebfcefaba91d141d72d221e8": [
                        [
                            "sload",
                            "0x55b91fb95307b5d559958238471c03242b9eb0f4d0f88762e32505930424070d",
                            "0x40abe40d1985aeab0c449",
                            4643
                        ]
                    ]
                }
            ]
        ],
        []
    ],
    "0x57f70228d4bebcd85716df929fd070c06a69b1278a9fb5e0770b798f316cfb9e": [],
    "0x5c5b74138557e86e80e386c08aca690ddc8ab5fcf6254336a56aac64d55e32f7": [
        [
            [
                "0x5ade7ae8660293f2ebfcefaba91d141d72d221e8",
                "0xd6febde8",
                "complete",
                -1,
                2262,
                "firstcall",
                {
                    "0x5ade7ae8660293f2ebfcefaba91d141d72d221e8": [
                        [
                            "sload",
                            "0x2",
                            "0xce7228c173d68bafb706c5",
                            3349
                        ],
                        [
                            "sload",
                            "0x4",
                            "0x1236050f78b661097dfa2",
                            3618
                        ],
                        [
                            "sload",
                            "0x5",
                            "0xf3e58",
                            3624
                        ],
                        [
                            "sload",
                            "0x4",
                            "0x1236050f78b661097dfa2",
                            10071
                        ],
                        [
                            "sstore",
                            "0x4",
                            "0x12362f8fa83c91abbdfa2",
                            10090
                        ],
                        [
                            "sload",
                            "0x2",
                            "0xce7228c173d68bafb706c5",
                            9227
                        ],
                        [
                            "sstore",
                            "0x2",
                            "0xce740a1366c2758d0a96d6",
                            9246
                        ],
                        [
                            "sload",
                            "0x78b4245a30f831151feaa89c67cb0197ee4eed87d11770fe915c84b721436e0c",
                            "0x0",
                            9314
                        ],
                        [
                            "sstore",
                            "0x78b4245a30f831151feaa89c67cb0197ee4eed87d11770fe915c84b721436e0c",
                            "0x1e151f2ebe9dd539011",
                            9393
                        ]
                    ],
                    "0x6b175474e89094c44da98b954eedeac495271d0f": [
                        [
                            "sload",
                            "0xf97b0d9dc7ff805d5c89bd7d20f1bd2b2d91b24058912d474d475adfb56693",
                            "0x2b5085e669a1f8c4a",
                            2664
                        ],
                        [
                            "sload",
                            "0xe662c36beddc6eb94f1128832589dc2185fa53a40b0cebbbe3b6706a97ec1f8f",
                            "0x2a802f8630a240000",
                            2993
                        ],
                        [
                            "sload",
                            "0xe662c36beddc6eb94f1128832589dc2185fa53a40b0cebbbe3b6706a97ec1f8f",
                            "0x2a802f8630a240000",
                            3127
                        ],
                        [
                            "sload",
                            "0xe662c36beddc6eb94f1128832589dc2185fa53a40b0cebbbe3b6706a97ec1f8f",
                            "0x2a802f8630a240000",
                            3371
                        ],
                        [
                            "sstore",
                            "0xe662c36beddc6eb94f1128832589dc2185fa53a40b0cebbbe3b6706a97ec1f8f",
                            "0x0",
                            3504
                        ],
                        [
                            "sload",
                            "0xf97b0d9dc7ff805d5c89bd7d20f1bd2b2d91b24058912d474d475adfb56693",
                            "0x2b5085e669a1f8c4a",
                            3573
                        ],
                        [
                            "sstore",
                            "0xf97b0d9dc7ff805d5c89bd7d20f1bd2b2d91b24058912d474d475adfb56693",
                            "0xd0566038ffb8c4a",
                            3645
                        ],
                        [
                            "sload",
                            "0x15faa59cd19891e9621a3bba273a9f040887cde9f44ce391e7a85ff4c6110dc6",
                            "0x12376f9de4f3ebd195fa2",
                            3713
                        ],
                        [
                            "sstore",
                            "0x15faa59cd19891e9621a3bba273a9f040887cde9f44ce391e7a85ff4c6110dc6",
                            "0x12379a1e147a1c73d5fa2",
                            3785
                        ]
                    ]
                }
            ],
            [
                "0x16f6664c16bede5d70818654defef11769d40983",
                "0x29a00e7c",
                "complete",
                201,
                1305,
                "staticcall",
                {}
            ]
        ],
        [
            [
                "0x6b175474e89094c44da98b954eedeac495271d0f",
                "0xee6cb93db009b053b1f7fc7ac12014353edff648",
                "0x5ade7ae8660293f2ebfcefaba91d141d72d221e8",
                49000000000000000000
            ]
        ]
    ],
    "0xeaeeb33b38c5c2d73bc2fe93ada5e43140edac23189a7563fcabf12b05bf6be8": [
        [
            [
                "0x5ade7ae8660293f2ebfcefaba91d141d72d221e8",
                "0x095ea7b3",
                "complete",
                -1,
                221,
                "firstcall",
                {
                    "0x5ade7ae8660293f2ebfcefaba91d141d72d221e8": [
                        [
                            "sstore",
                            "0xaee07c579995bc9ba663e0146e2c863d1547b2f8ec0132a0f475f750351372e3",
                            "0xffffffffffffffffffffffffffffffffffffffffffffffffffffffffffffffff",
                            7928
                        ]
                    ]
                }
            ]
        ],
        []
    ]
}