{
    "0x877c43fe9369f261d0acaa60095db3bd3954e6ee99a691c5a1445c7416f91ef9": [
        [
            [
                "0x5ade7ae8660293f2ebfcefaba91d141d72d221e8",
                "0xa9059cbb",
                "complete",
                2777,
                3139,
                "call",
                {
                    "0x5ade7ae8660293f2ebfcefaba91d141d72d221e8": [
                        [
                            "sload",
                            "0x55b91fb95307b5d559958238471c03242b9eb0f4d0f88762e32505930424070d",
                            "0x4e1d5b5be6ad8a58d763c2",
                            8395
                        ],
                        [
                            "sstore",
                            "0x55b91fb95307b5d559958238471c03242b9eb0f4d0f88762e32505930424070d",
                            "0x4e15e0be7304f8f3d5719f",
                            8475
                        ],
                        [
                            "sload",
                            "0x31c0646d7dcbff8348809c6ce28bdcac195206a90c5bc616268c4553dcace82",
                            "0x778942954b9e661dba7",
                            8543
                        ],
                        [
                            "sstore",
                            "0x31c0646d7dcbff8348809c6ce28bdcac195206a90c5bc616268c4553dcace82",
                            "0xef3319cfd4b4b63cdca",
                            8622
                        ]
                    ]
                }
            ],
            [
                "0x5ade7ae8660293f2ebfcefaba91d141d72d221e8",
                "0x70a08231",
                "complete",
                3274,
                3403,
                "staticcall",
                {
                    "0x5ade7ae8660293f2ebfcefaba91d141d72d221e8": [
                        [
                            "sload",
                            "0x55b91fb95307b5d559958238471c03242b9eb0f4d0f88762e32505930424070d",
                            "0x4e15e0be7304f8f3d5719f",
                            4643
                        ]
                    ]
                }
            ]
        ],
        []
    ],
    "0x447ace46862b474922fd0d3c67d7d7d3f9a40c41ea24d6ac4aed718012a12e56": [
        [
            [
                "0x5ade7ae8660293f2ebfcefaba91d141d72d221e8",
                "0x28c3d701",
                "complete",
                9710,
                11055,
                "staticcall",
                {
                    "0x5ade7ae8660293f2ebfcefaba91d141d72d221e8": [
                        [
                            "sload",
                            "0x2",
                            "0x44d9988d29db571d82b5558",
                            3349
                        ],
                        [
                            "sload",
                            "0x4",
                            "0xad128ad614327d94aca7c",
                            3618
                        ],
                        [
                            "sload",
                            "0x5",
                            "0xf3e58",
                            3624
                        ]
                    ]
                }
            ],
            [
                "0x16f6664c16bede5d70818654defef11769d40983",
                "0x29a00e7c",
                "complete",
                9890,
                10994,
                "staticcall",
                {}
            ],
            [
                "0x5ade7ae8660293f2ebfcefaba91d141d72d221e8",
                "0xd6febde8",
                "complete",
                31464,
                33586,
                "call",
                {
                    "0x5ade7ae8660293f2ebfcefaba91d141d72d221e8": [
                        [
                            "sload",
                            "0x2",
                            "0x44d9988d29db571d82b5558",
                            3349
                        ],
                        [
                            "sload",
                            "0x4",
                            "0xad128ad614327d94aca7c",
                            3618
                        ],
                        [
                            "sload",
                            "0x5",
                            "0xf3e58",
                            3624
                        ],
                        [
                            "sload",
                            "0x4",
                            "0xad128ad614327d94aca7c",
                            10071
                        ],
                        [
                            "sstore",
                            "0x4",
                            "0xad367e7b7e57dfe7282eb",
                            10090
                        ],
                        [
                            "sload",
                            "0x2",
                            "0x44d9988d29db571d82b5558",
                            9227
                        ],
                        [
                            "sstore",
                            "0x2",
                            "0x44e7e231789cb11e6d8e01c",
                            9246
                        ],
                        [
                            "sload",
                            "0xcf1ebd270c9e98b45655fefc8ac3f96c271014d258e730be3e370958b08a8a68",
                            "0x0",
                            9314
                        ],
                        [
                            "sstore",
                            "0xcf1ebd270c9e98b45655fefc8ac3f96c271014d258e730be3e370958b08a8a68",
                            "0xe49a44ec15a00ead8ac4",
                            9393
                        ]
                    ],
                    "0x6b175474e89094c44da98b954eedeac495271d0f": [
                        [
                            "sload",
                            "0x80b3dc911f3762b423a97146f3ef9efbf188a1bc8bbfa303df03f0f2a8079e55",
                            "0x23f3a56a2562527b86f",
                            2664
                        ],
                        [
                            "sload",
                            "0x354c3bbafba8b173da80e80fa8a9d416e96f4762d6dad8a46e5a4ce8d4e674ec",
                            "0xffffffffffffffffffffffffffffffffffffffffffffffffffffffffffffffff",
                            2993
                        ],
                        [
                            "sload",
                            "0x80b3dc911f3762b423a97146f3ef9efbf188a1bc8bbfa303df03f0f2a8079e55",
                            "0x23f3a56a2562527b86f",
                            3573
                        ],
                        [
                            "sstore",
                            "0x80b3dc911f3762b423a97146f3ef9efbf188a1bc8bbfa303df03f0f2a8079e55",
                            "0x0",
                            3645
                        ],
                        [
                            "sload",
                            "0x15faa59cd19891e9621a3bba273a9f040887cde9f44ce391e7a85ff4c6110dc6",
                            "0xad82cf64f51b1e3177c85",
                            3713
                        ],
                        [
                            "sstore",
                            "0x15faa59cd19891e9621a3bba273a9f040887cde9f44ce391e7a85ff4c6110dc6",
                            "0xada6c30a5f408083f34f4",
                            3785
                        ]
                    ]
                }
            ],
            [
                "0x16f6664c16bede5d70818654defef11769d40983",
                "0x29a00e7c",
                "complete",
                31666,
                32770,
                "staticcall",
                {}
            ],
            [
                "0x5ade7ae8660293f2ebfcefaba91d141d72d221e8",
                "0xdd62ed3e",
                "complete",
                33872,
                34024,
                "staticcall",
                {
                    "0x5ade7ae8660293f2ebfcefaba91d141d72d221e8": [
                        [
                            "sload",
                            "0x318e877804fa38a9977c3b47bc179680f82c7f29e0bb99f1a29a47541820d071",
                            "0xffffffffffffffffffffffffffffffffffffffffffde5f7a1950282a75cf19cb",
                            7494
                        ]
                    ]
                }
            ],
            [
                "0x5ade7ae8660293f2ebfcefaba91d141d72d221e8",
                "0x23b872dd",
                "complete",
                35833,
                36394,
                "call",
                {
                    "0x5ade7ae8660293f2ebfcefaba91d141d72d221e8": [
                        [
                            "sload",
                            "0xcf1ebd270c9e98b45655fefc8ac3f96c271014d258e730be3e370958b08a8a68",
                            "0xe49a44ec15a00ead8ac4",
                            8395
                        ],
                        [
                            "sstore",
                            "0xcf1ebd270c9e98b45655fefc8ac3f96c271014d258e730be3e370958b08a8a68",
                            "0x0",
                            8475
                        ],
                        [
                            "sload",
                            "0x55b91fb95307b5d559958238471c03242b9eb0f4d0f88762e32505930424070d",
                            "0x4cf25f2b153ed03b8db9aa",
                            8543
                        ],
                        [
                            "sstore",
                            "0x55b91fb95307b5d559958238471c03242b9eb0f4d0f88762e32505930424070d",
                            "0x4dd6f9700154704a3b446e",
                            8622
                        ],
                        [
                            "sload",
                            "0x318e877804fa38a9977c3b47bc179680f82c7f29e0bb99f1a29a47541820d071",
                            "0xffffffffffffffffffffffffffffffffffffffffffde5f7a1950282a75cf19cb",
                            3526
                        ],
                        [
                            "sstore",
                            "0x318e877804fa38a9977c3b47bc179680f82c7f29e0bb99f1a29a47541820d071",
                            "0xffffffffffffffffffffffffffffffffffffffffffdd7adfd464128a67218f07",
                            7928
                        ]
                    ]
                }
            ],
            [
                "0x5ade7ae8660293f2ebfcefaba91d141d72d221e8",
                "0x70a08231",
                "complete",
                37840,
                37969,
                "staticcall",
                {
                    "0x5ade7ae8660293f2ebfcefaba91d141d72d221e8": [
                        [
                            "sload",
                            "0x55b91fb95307b5d559958238471c03242b9eb0f4d0f88762e32505930424070d",
                            "0x4dd6f9700154704a3b446e",
                            4643
                        ]
                    ]
                }
            ]
        ],
        [
            [
                "0x6b175474e89094c44da98b954eedeac495271d0f",
                "0xe69902f347c77a2ea18e23efbcc3f0acc5eb1609",
                "0x5ade7ae8660293f2ebfcefaba91d141d72d221e8",
                10611081568176063363183
            ]
        ]
    ],
    "0xc6ce9e5541b911f8c55287bb352915523d9c03fd8b5b57d18dceda9160055a1e": [
        [
            [
                "0x5ade7ae8660293f2ebfcefaba91d141d72d221e8",
                "0xd79875eb",
                "complete",
                -1,
                2277,
                "firstcall",
                {
                    "0x5ade7ae8660293f2ebfcefaba91d141d72d221e8": [
                        [
                            "sload",
                            "0x2",
                            "0x44e7e231789cb11e6d8e01c",
                            3349
                        ],
                        [
                            "sload",
                            "0x4",
                            "0xad367e7b7e57dfe7282eb",
                            4775
                        ],
                        [
                            "sload",
                            "0x5",
                            "0xf3e58",
                            4781
                        ],
                        [
                            "sload",
                            "0x4",
                            "0xad367e7b7e57dfe7282eb",
                            10121
                        ],
                        [
                            "sstore",
                            "0x4",
                            "0xad367e794f9deeffe9d41",
                            10140
                        ],
                        [
                            "sload",
                            "0xee667f0f7e62e5ec377519f460ca4e28705c62eab25583ab733d06c52be3ba57",
                            "0x1b2acd1fe339b8ee5bd42",
                            9726
                        ],
                        [
                            "sstore",
                            "0xee667f0f7e62e5ec377519f460ca4e28705c62eab25583ab733d06c52be3ba57",
                            "0x1b2acc41d7ce7e781bd42",
                            9806
                        ],
                        [
                            "sload",
                            "0x2",
                            "0x44e7e231789cb11e6d8e01c",
                            9814
                        ],
                        [
                            "sstore",
                            "0x2",
                            "0x44e7e2309a9145e3f74e01c",
                            9833
                        ]
                    ],
                    "0x6b175474e89094c44da98b954eedeac495271d0f": [
                        [
                            "sload",
                            "0x15faa59cd19891e9621a3bba273a9f040887cde9f44ce391e7a85ff4c6110dc6",
                            "0xada6c30a5f408083f34f4",
                            2664
                        ],
                        [
                            "sload",
                            "0x15faa59cd19891e9621a3bba273a9f040887cde9f44ce391e7a85ff4c6110dc6",
                            "0xada6c30a5f408083f34f4",
                            3573
                        ],
                        [
                            "sstore",
                            "0x15faa59cd19891e9621a3bba273a9f040887cde9f44ce391e7a85ff4c6110dc6",
                            "0xada6c30830868f9cb4f4a",
                            3645
                        ],
                        [
                            "sload",
                            "0x382507b852dce7210f19d6db4ff2ebf84a9af7496cba95269ab1e64ea086545b",
                            "0xf831ca2391976c8d986",
                            3713
                        ],
                        [
                            "sstore",
                            "0x382507b852dce7210f19d6db4ff2ebf84a9af7496cba95269ab1e64ea086545b",
                            "0xf831cc524b8853cbf30",
                            3785
                        ]
                    ]
                }
            ],
            [
                "0x16f6664c16bede5d70818654defef11769d40983",
                "0x49f9b0f7",
                "complete",
                190,
                1430,
                "staticcall",
                {}
            ]
        ],
        [
            [
                "0x6b175474e89094c44da98b954eedeac495271d0f",
                "0x5ade7ae8660293f2ebfcefaba91d141d72d221e8",
                "0x2488f090656bddb63fe3bdb506d0d109aaad93bb",
                9829217582966186
            ]
        ]
    ],
    "0xe4c0d5cfa0e4e19765fd1be29398077bbede96821b1811c43cc9dd0fc483a679": [
        [
            [
                "0x5ade7ae8660293f2ebfcefaba91d141d72d221e8",
                "0x23b872dd",
                "complete",
                1275,
                1836,
                "call",
                {
                    "0x5ade7ae8660293f2ebfcefaba91d141d72d221e8": [
                        [
                            "sload",
                            "0x654d07b31eb928f6804cf00dbcbf9941c7e5f03cd878990e98ad0eb79b95aee6",
                            "0x45d5e652e87bed4e902d",
                            8395
                        ],
                        [
                            "sstore",
                            "0x654d07b31eb928f6804cf00dbcbf9941c7e5f03cd878990e98ad0eb79b95aee6",
                            "0x0",
                            8475
                        ],
                        [
                            "sload",
                            "0x55b91fb95307b5d559958238471c03242b9eb0f4d0f88762e32505930424070d",
                            "0x4dd6f9700154704a3b446e",
                            8543
                        ],
                        [
                            "sstore",
                            "0x55b91fb95307b5d559958238471c03242b9eb0f4d0f88762e32505930424070d",
                            "0x4e1ccf56543cec3789d49b",
                            8622
                        ],
                        [
                            "sload",
                            "0x787eb792ae5dd6375f94abf9b5443b4fc317e4efc3691dd428a00003ddb52519",
                            "0xfffffffffffffffffffffffffffffffffffffffffffcba5144c4aaf00af476b0",
                            3526
                        ],
                        [
                            "sstore",
                            "0x787eb792ae5dd6375f94abf9b5443b4fc317e4efc3691dd428a00003ddb52519",
                            "0xfffffffffffffffffffffffffffffffffffffffffffc747b5e71c2741da5e683",
                            7928
                        ]
                    ]
                }
            ],
            [
                "0x5ade7ae8660293f2ebfcefaba91d141d72d221e8",
                "0x70a08231",
                "complete",
                2652,
                2781,
                "staticcall",
                {
                    "0x5ade7ae8660293f2ebfcefaba91d141d72d221e8": [
                        [
                            "sload",
                            "0x55b91fb95307b5d559958238471c03242b9eb0f4d0f88762e32505930424070d",
                            "0x4e1ccf56543cec3789d49b",
                            4643
                        ]
                    ]
                }
            ]
        ],
        []
    ],
    "0x5f896c043644c4f6491c775ea294ce4c701c0a192046222a5c4c7aa2c3234be0": [
        [
            [
                "0x5ade7ae8660293f2ebfcefaba91d141d72d221e8",
                "0xd6febde8",
                "complete",
                -1,
                2310,
                "firstcall",
                {
                    "0x5ade7ae8660293f2ebfcefaba91d141d72d221e8": [
                        [
                            "sload",
                            "0x2",
                            "0x44e7e2309a9145e3f74e01c",
                            3349
                        ],
                        [
                            "sload",
                            "0x4",
                            "0xad367e794f9deeffe9d41",
                            3618
                        ],
                        [
                            "sload",
                            "0x5",
                            "0xf3e58",
                            3624
                        ],
                        [
                            "sload",
                            "0x4",
                            "0xad367e794f9deeffe9d41",
                            10071
                        ],
                        [
                            "sstore",
                            "0x4",
                            "0xb67a2fb0c22ebad7e9d41",
                            10090
                        ],
                        [
                            "sload",
                            "0x2",
                            "0x44e7e2309a9145e3f74e01c",
                            9227
                        ],
                        [
                            "sstore",
                            "0x2",
                            "0x489665e24e3fde65f07ca86",
                            9246
                        ],
                        [
                            "sload",
                            "0x430238b73a41275a604821ffe500d74e76093a59aa0de2f2e3dcff2d403f5928",
                            "0x0",
                            9314
                        ],
                        [
                            "sstore",
                            "0x430238b73a41275a604821ffe500d74e76093a59aa0de2f2e3dcff2d403f5928",
                            "0x3ae83b1b3ae9881f92ea6a",
                            9393
                        ]
                    ],
                    "0x6b175474e89094c44da98b954eedeac495271d0f": [
                        [
                            "sload",
                            "0x655719b29863490a40cc04f4b5457bc68b47b8672a71bf633f9ecc8a1ec8253c",
                            "0xa1647ffe6e9d58ef1ac4",
                            2664
                        ],
                        [
                            "sload",
                            "0x8ac374630f1cc259a531c8ce91816796f4bb0d6bdf9c1678703f98661d1eb3e5",
                            "0x47bf19673df52e37ecf5bf5fd8ad425ffffff",
                            2993
                        ],
                        [
                            "sload",
                            "0x8ac374630f1cc259a531c8ce91816796f4bb0d6bdf9c1678703f98661d1eb3e5",
                            "0x47bf19673df52e37ecf5bf5fd8ad425ffffff",
                            3127
                        ],
                        [
                            "sload",
                            "0x8ac374630f1cc259a531c8ce91816796f4bb0d6bdf9c1678703f98661d1eb3e5",
                            "0x47bf19673df52e37ecf5bf5fd8ad425ffffff",
                            3371
                        ],
                        [
                            "sstore",
                            "0x8ac374630f1cc259a531c8ce91816796f4bb0d6bdf9c1678703f98661d1eb3e5",
                            "0x47bf19673df52e37e3b20e28661c7687fffff",
                            3504
                        ],
                        [
                            "sload",
                            "0x655719b29863490a40cc04f4b5457bc68b47b8672a71bf633f9ecc8a1ec8253c",
                            "0xa1647ffe6e9d58ef1ac4",
                            3573
                        ],
                        [
                            "sstore",
                            "0x655719b29863490a40cc04f4b5457bc68b47b8672a71bf633f9ecc8a1ec8253c",
                            "0xd296c8745909b6f1ac4",
                            3645
                        ],
                        [
                            "sload",
                            "0x15faa59cd19891e9621a3bba273a9f040887cde9f44ce391e7a85ff4c6110dc6",
                            "0xada6c30830868f9cb4f4a",
                            3713
                        ],
                        [
                            "sstore",
                            "0x15faa59cd19891e9621a3bba273a9f040887cde9f44ce391e7a85ff4c6110dc6",
                            "0xb6ea743fa3175b74b4f4a",
                            3785
                        ]
                    ]
                }
            ],
            [
                "0x16f6664c16bede5d70818654defef11769d40983",
                "0x29a00e7c",
                "complete",
                201,
                1353,
                "staticcall",
                {}
            ]
        ],
        [
            [
                "0x6b175474e89094c44da98b954eedeac495271d0f",
                "0xf0b145a02139f91f998d093f2a12b9ecf2ef5405",
                "0x5ade7ae8660293f2ebfcefaba91d141d72d221e8",
                700000000000000000000000
            ]
        ]
    ],
    "0xeb1d4d5529738cbcb316cf2dbb71d1ccb17c2eb4aa285f9e6e634404ee033f74": [
        [
            [
                "0xe4ffd682380c571a6a07dd8f20b402412e02830e",
                "0xd6febde8",
                "complete",
                -1,
                2040,
                "firstcall",
                {
                    "0xe4ffd682380c571a6a07dd8f20b402412e02830e": [
                        [
                            "sload",
                            "0x2",
                            "0x34fc4620d69fd5a47051",
                            3349
                        ],
                        [
                            "sload",
                            "0x4",
                            "0x33c9d7b9c61505c92a21a1",
                            3618
                        ],
                        [
                            "sload",
                            "0x5",
                            "0x7a120",
                            3624
                        ],
                        [
                            "sload",
                            "0x4",
                            "0x33c9d7b9c61505c92a21a1",
                            9947
                        ],
                        [
                            "sstore",
                            "0x4",
                            "0x33f431bf55d79bb62a21a1",
                            9966
                        ],
                        [
                            "sload",
                            "0x2",
                            "0x34fc4620d69fd5a47051",
                            9103
                        ],
                        [
                            "sstore",
                            "0x2",
                            "0x3511ec038701d5b486e3",
                            9122
                        ],
                        [
                            "sload",
                            "0xafbce99a2a9279a1361d1ce981f40e0c46653ae1ff885a2d0284847af06ecd7f",
                            "0x0",
                            9190
                        ],
                        [
                            "sstore",
                            "0xafbce99a2a9279a1361d1ce981f40e0c46653ae1ff885a2d0284847af06ecd7f",
                            "0x15a5e2b06200101692",
                            9269
                        ]
                    ],
                    "0x5ade7ae8660293f2ebfcefaba91d141d72d221e8": [
                        [
                            "sload",
                            "0x38b87d70d14495111f09602cb283025cd374a927f27c7ad296fe733416c143ac",
                            "0x1",
                            5767
                        ],
                        [
                            "sload",
                            "0xafbce99a2a9279a1361d1ce981f40e0c46653ae1ff885a2d0284847af06ecd7f",
                            "0x2a5a058fc295ed000000",
                            9726
                        ],
                        [
                            "sstore",
                            "0xafbce99a2a9279a1361d1ce981f40e0c46653ae1ff885a2d0284847af06ecd7f",
                            "0x0",
                            9806
                        ],
                        [
                            "sload",
                            "0x2",
                            "0x489665e24e3fde65f07ca86",
                            9814
                        ],
                        [
                            "sstore",
                            "0x2",
                            "0x4893c041f543b507207ca86",
                            9833
                        ]
                    ]
                }
            ],
            [
                "0x16f6664c16bede5d70818654defef11769d40983",
                "0x29a00e7c",
                "complete",
                190,
                1294,
                "staticcall",
                {}
            ],
            [
                "0x5ade7ae8660293f2ebfcefaba91d141d72d221e8",
                "0xaad3ec96",
                "complete",
                1461,
                1805,
                "call",
                {
                    "0x5ade7ae8660293f2ebfcefaba91d141d72d221e8": [
                        [
                            "sload",
                            "0x38b87d70d14495111f09602cb283025cd374a927f27c7ad296fe733416c143ac",
                            "0x1",
                            5767
                        ],
                        [
                            "sload",
                            "0xafbce99a2a9279a1361d1ce981f40e0c46653ae1ff885a2d0284847af06ecd7f",
                            "0x2a5a058fc295ed000000",
                            9726
                        ],
                        [
                            "sstore",
                            "0xafbce99a2a9279a1361d1ce981f40e0c46653ae1ff885a2d0284847af06ecd7f",
                            "0x0",
                            9806
                        ],
                        [
                            "sload",
                            "0x2",
                            "0x489665e24e3fde65f07ca86",
                            9814
                        ],
                        [
                            "sstore",
                            "0x2",
                            "0x4893c041f543b507207ca86",
                            9833
                        ]
                    ]
                }
            ]
        ],
        []
    ],
    "0x950b11dd9a700f76aca93474376dcc38d1dd272c677312a5687926914b7274db": [
        [
            [
                "0x16f6664c16bede5d70818654defef11769d40983",
                "0x29a00e7c",
                "complete",
                190,
                1294,
                "staticcall",
                {}
            ],
            [
                "0x5ade7ae8660293f2ebfcefaba91d141d72d221e8",
                "0xaad3ec96",
                "complete",
                1461,
                1805,
                "call",
                {
                    "0x5ade7ae8660293f2ebfcefaba91d141d72d221e8": [
                        [
                            "sload",
                            "0x53b537acfe1fd102612c97c02fd418e586d0015f3544c73509abc8022f6aa363",
                            "0x1",
                            5767
                        ],
                        [
                            "sload",
                            "0x2a5b64fded0413ee1bbd0604545469f6d8102358c18967f245b3c5ec93ffee59",
                            "0xc1caebdc66f8bb9ab916",
                            9726
                        ],
                        [
                            "sstore",
                            "0x2a5b64fded0413ee1bbd0604545469f6d8102358c18967f245b3c5ec93ffee59",
                            "0x9770e64ca462ce9ab916",
                            9806
                        ],
                        [
                            "sload",
                            "0x2",
                            "0x4893c041f543b507207ca86",
                            9814
                        ],
                        [
                            "sstore",
                            "0x2",
                            "0x48911aa19c478ba8507ca86",
                            9833
                        ]
                    ]
                }
            ]
        ],
        []
    ],
    "0xfdd8d4a4fc2239106693af73337c0d5ab5d85bc2e00a987b9f93799047bf1620": [
        [
            [
                "0x5ade7ae8660293f2ebfcefaba91d141d72d221e8",
                "0x23b872dd",
                "complete",
                1511,
                2072,
                "call",
                {
                    "0x5ade7ae8660293f2ebfcefaba91d141d72d221e8": [
                        [
                            "sload",
                            "0x22eede000a1ece2cfc3b7f809f475405a4afc41d11d053e54db72d3f67886ed1",
                            "0x22b73da03f757d2b607d",
                            8395
                        ],
                        [
                            "sstore",
                            "0x22eede000a1ece2cfc3b7f809f475405a4afc41d11d053e54db72d3f67886ed1",
                            "0x192fc92cb3ad5b0b607d",
                            8475
                        ],
                        [
                            "sload",
                            "0x55b91fb95307b5d559958238471c03242b9eb0f4d0f88762e32505930424070d",
                            "0x4e1ccf56543cec3789d49b",
                            8543
                        ],
                        [
                            "sstore",
                            "0x55b91fb95307b5d559958238471c03242b9eb0f4d0f88762e32505930424070d",
                            "0x4e2656cac7c8b459a9d49b",
                            8622
                        ],
                        [
                            "sload",
                            "0x84fd2580348165df582b962a34b931297ffc5660ec3df333f2e3054afe528783",
                            "0xfffffffffffffffffffffffffffffffffffffffffffb79f7764cb7f129c3e681",
                            3526
                        ],
                        [
                            "sstore",
                            "0x84fd2580348165df582b962a34b931297ffc5660ec3df333f2e3054afe528783",
                            "0xfffffffffffffffffffffffffffffffffffffffffffb707001d92c2907a3e681",
                            7928
                        ]
                    ]
                }
            ],
            [
                "0x5ade7ae8660293f2ebfcefaba91d141d72d221e8",
                "0x70a08231",
                "complete",
                3518,
                3647,
                "staticcall",
                {
                    "0x5ade7ae8660293f2ebfcefaba91d141d72d221e8": [
                        [
                            "sload",
                            "0x55b91fb95307b5d559958238471c03242b9eb0f4d0f88762e32505930424070d",
                            "0x4e2656cac7c8b459a9d49b",
                            4643
                        ]
                    ]
                }
            ]
        ],
        []
    ],
    "0xbd74de59ac26aadc25aa1966ef15cf1e6451db18268b922fc684d17e44818a65": [
        [
            [
                "0x16f6664c16bede5d70818654defef11769d40983",
                "0x49f9b0f7",
                "complete",
                195,
                1435,
                "staticcall",
                {}
            ],
            [
                "0x5ade7ae8660293f2ebfcefaba91d141d72d221e8",
                "0x5d8a776e",
                "complete",
                1859,
                2141,
                "call",
                {
                    "0x5ade7ae8660293f2ebfcefaba91d141d72d221e8": [
                        [
                            "sload",
                            "0x53b537acfe1fd102612c97c02fd418e586d0015f3544c73509abc8022f6aa363",
                            "0x1",
                            4068
                        ],
                        [
                            "sload",
                            "0x2",
                            "0x48911aa19c478ba8507ca86",
                            9227
                        ],
                        [
                            "sstore",
                            "0x2",
                            "0x489226f42704666483c781d",
                            9246
                        ],
                        [
                            "sload",
                            "0x22c8ff3ee00304e9015acc73250d370ab14e9b07e9a5dafadedcae805aaf39bb",
                            "0x36b0824f94f4e3d46428",
                            9314
                        ],
                        [
                            "sstore",
                            "0x22c8ff3ee00304e9015acc73250d370ab14e9b07e9a5dafadedcae805aaf39bb",
                            "0x4775aafb62a0a70911bf",
                            9393
                        ]
                    ]
                }
            ]
        ],
        []
    ],
    "0x86b15de1fb6b2525c64d499dc4a6661c4d4c5681b3d02ec202345b4a85106520": [
        [
            [
                "0xd77c2ab1cd0faa4b79e16a0e7472cb222a9ee175",
                "0xd79875eb",
                "complete",
                -1,
                2213,
                "firstcall",
                {
                    "0xd77c2ab1cd0faa4b79e16a0e7472cb222a9ee175": [
                        [
                            "sload",
                            "0x2",
                            "0x313c39868bf69764a8ec",
                            3349
                        ],
                        [
                            "sload",
                            "0x4",
                            "0x2cb7894ede14c6647e940f",
                            4775
                        ],
                        [
                            "sload",
                            "0x5",
                            "0x7a120",
                            4781
                        ],
                        [
                            "sload",
                            "0x4",
                            "0x2cb7894ede14c6647e940f",
                            9997
                        ],
                        [
                            "sstore",
                            "0x4",
                            "0x2cadb101571bccd01f3e93",
                            10016
                        ],
                        [
                            "sload",
                            "0x22c8ff3ee00304e9015acc73250d370ab14e9b07e9a5dafadedcae805aaf39bb",
                            "0x368194110bdccc4ec3",
                            9602
                        ],
                        [
                            "sstore",
                            "0x22c8ff3ee00304e9015acc73250d370ab14e9b07e9a5dafadedcae805aaf39bb",
                            "0x3115ccb2de79bc4ec3",
                            9682
                        ],
                        [
                            "sload",
                            "0x2",
                            "0x313c39868bf69764a8ec",
                            9690
                        ],
                        [
                            "sstore",
                            "0x2",
                            "0x3136cdbf2dc93454a8ec",
                            9709
                        ]
                    ],
                    "0x5ade7ae8660293f2ebfcefaba91d141d72d221e8": [
                        [
                            "sload",
                            "0xbb7f75af9ee4c243e190d2ab367265101aa816d4e4743015a851608dd6e1fcfa",
                            "0x1",
                            4068
                        ],
                        [
                            "sload",
                            "0x2",
                            "0x489226f42704666483c781d",
                            9227
                        ],
                        [
                            "sstore",
                            "0x2",
                            "0x4892c478ff73f5fdc9bcd99",
                            9246
                        ],
                        [
                            "sload",
                            "0x22c8ff3ee00304e9015acc73250d370ab14e9b07e9a5dafadedcae805aaf39bb",
                            "0x4775aafb62a0a70911bf",
                            9314
                        ],
                        [
                            "sstore",
                            "0x22c8ff3ee00304e9015acc73250d370ab14e9b07e9a5dafadedcae805aaf39bb",
                            "0x514df8825b9a3b68673b",
                            9393
                        ]
                    ]
                }
            ],
            [
                "0x16f6664c16bede5d70818654defef11769d40983",
                "0x49f9b0f7",
                "complete",
                195,
                1435,
                "staticcall",
                {}
            ],
            [
                "0x5ade7ae8660293f2ebfcefaba91d141d72d221e8",
                "0x5d8a776e",
                "complete",
                1859,
                2141,
                "call",
                {
                    "0x5ade7ae8660293f2ebfcefaba91d141d72d221e8": [
                        [
                            "sload",
                            "0xbb7f75af9ee4c243e190d2ab367265101aa816d4e4743015a851608dd6e1fcfa",
                            "0x1",
                            4068
                        ],
                        [
                            "sload",
                            "0x2",
                            "0x489226f42704666483c781d",
                            9227
                        ],
                        [
                            "sstore",
                            "0x2",
                            "0x4892c478ff73f5fdc9bcd99",
                            9246
                        ],
                        [
                            "sload",
                            "0x22c8ff3ee00304e9015acc73250d370ab14e9b07e9a5dafadedcae805aaf39bb",
                            "0x4775aafb62a0a70911bf",
                            9314
                        ],
                        [
                            "sstore",
                            "0x22c8ff3ee00304e9015acc73250d370ab14e9b07e9a5dafadedcae805aaf39bb",
                            "0x514df8825b9a3b68673b",
                            9393
                        ]
                    ]
                }
            ]
        ],
        []
    ],
    "0xf31c9eb728feb8885fcb7444cdb2e8c0ec82c93d3aa9b4183ba50540be2a1f0d": [
        [
            [
                "0x5ade7ae8660293f2ebfcefaba91d141d72d221e8",
                "0xa9059cbb",
                "complete",
                2777,
                3139,
                "call",
                {
                    "0x5ade7ae8660293f2ebfcefaba91d141d72d221e8": [
                        [
                            "sload",
                            "0x55b91fb95307b5d559958238471c03242b9eb0f4d0f88762e32505930424070d",
                            "0x4e2656cac7c8b459a9d49b",
                            8395
                        ],
                        [
                            "sstore",
                            "0x55b91fb95307b5d559958238471c03242b9eb0f4d0f88762e32505930424070d",
                            "0x4e1d5b5be6ad8a58d763c2",
                            8475
                        ],
                        [
                            "sload",
                            "0x5753837e454661f95d2c8c81acac34e5e5fc5f3cff2773f0778b114884433654",
                            "0x0",
                            8543
                        ],
                        [
                            "sstore",
                            "0x5753837e454661f95d2c8c81acac34e5e5fc5f3cff2773f0778b114884433654",
                            "0x8fb6ee11b2a00d270d9",
                            8622
                        ]
                    ]
                }
            ],
            [
                "0x5ade7ae8660293f2ebfcefaba91d141d72d221e8",
                "0x70a08231",
                "complete",
                3274,
                3403,
                "staticcall",
                {
                    "0x5ade7ae8660293f2ebfcefaba91d141d72d221e8": [
                        [
                            "sload",
                            "0x55b91fb95307b5d559958238471c03242b9eb0f4d0f88762e32505930424070d",
                            "0x4e1d5b5be6ad8a58d763c2",
                            4643
                        ]
                    ]
                }
            ]
        ],
        []
    ],
    "0xa514394627dc426144e2ec7008f922d26d73ea6ca125722bc565c53ceaaf5bbb": [
        [
            [
                "0xc08f38f43adb64d16fe9f9efcc2949d9eddec198",
                "0xd79875eb",
                "complete",
                -1,
                2213,
                "firstcall",
                {
                    "0xc08f38f43adb64d16fe9f9efcc2949d9eddec198": [
                        [
                            "sload",
                            "0x2",
                            "0x428dbd10f1e97d21a3c7",
                            3349
                        ],
                        [
                            "sload",
                            "0x4",
                            "0x51b53484756b23bb31dcee",
                            4775
                        ],
                        [
                            "sload",
                            "0x5",
                            "0x7a120",
                            4781
                        ],
                        [
                            "sload",
                            "0x4",
                            "0x51b53484756b23bb31dcee",
                            9997
                        ],
                        [
                            "sstore",
                            "0x4",
                            "0x51a7e58305f75ff8dfeed2",
                            10016
                        ],
                        [
                            "sload",
                            "0x22c8ff3ee00304e9015acc73250d370ab14e9b07e9a5dafadedcae805aaf39bb",
                            "0x270fdd76da911f6801",
                            9602
                        ],
                        [
                            "sstore",
                            "0x22c8ff3ee00304e9015acc73250d370ab14e9b07e9a5dafadedcae805aaf39bb",
                            "0x21a41618ad2e0f6801",
                            9682
                        ],
                        [
                            "sload",
                            "0x2",
                            "0x428dbd10f1e97d21a3c7",
                            9690
                        ],
                        [
                            "sstore",
                            "0x2",
                            "0x4288514993bc1a11a3c7",
                            9709
                        ]
                    ],
                    "0x5ade7ae8660293f2ebfcefaba91d141d72d221e8": [
                        [
                            "sload",
                            "0x8c46ca77f0ee03a453b1e6fca0f29fef94f0e1e38c07851c3f25d947fb6be7cc",
                            "0x1",
                            4068
                        ],
                        [
                            "sload",
                            "0x2",
                            "0x4892c478ff73f5fdc9bcd99",
                            9227
                        ],
                        [
                            "sstore",
                            "0x2",
                            "0x48939969166b3239eedbbb5",
                            9246
                        ],
                        [
                            "sload",
                            "0x22c8ff3ee00304e9015acc73250d370ab14e9b07e9a5dafadedcae805aaf39bb",
                            "0x514df8825b9a3b68673b",
                            9314
                        ],
                        [
                            "sstore",
                            "0x22c8ff3ee00304e9015acc73250d370ab14e9b07e9a5dafadedcae805aaf39bb",
                            "0x5e9cf9f1cf5dfdba5557",
                            9393
                        ]
                    ]
                }
            ],
            [
                "0x16f6664c16bede5d70818654defef11769d40983",
                "0x49f9b0f7",
                "complete",
                195,
                1435,
                "staticcall",
                {}
            ],
            [
                "0x5ade7ae8660293f2ebfcefaba91d141d72d221e8",
                "0x5d8a776e",
                "complete",
                1859,
                2141,
                "call",
                {
                    "0x5ade7ae8660293f2ebfcefaba91d141d72d221e8": [
                        [
                            "sload",
                            "0x8c46ca77f0ee03a453b1e6fca0f29fef94f0e1e38c07851c3f25d947fb6be7cc",
                            "0x1",
                            4068
                        ],
                        [
                            "sload",
                            "0x2",
                            "0x4892c478ff73f5fdc9bcd99",
                            9227
                        ],
                        [
                            "sstore",
                            "0x2",
                            "0x48939969166b3239eedbbb5",
                            9246
                        ],
                        [
                            "sload",
                            "0x22c8ff3ee00304e9015acc73250d370ab14e9b07e9a5dafadedcae805aaf39bb",
                            "0x514df8825b9a3b68673b",
                            9314
                        ],
                        [
                            "sstore",
                            "0x22c8ff3ee00304e9015acc73250d370ab14e9b07e9a5dafadedcae805aaf39bb",
                            "0x5e9cf9f1cf5dfdba5557",
                            9393
                        ]
                    ]
                }
            ]
        ],
        []
    ],
    "0x8d67c9ec001a8f6107e29d56e1da96b219347dcdde4c9b190b9273bb8ff96a6b": [
        [
            [
                "0xe4ffd682380c571a6a07dd8f20b402412e02830e",
                "0xd6febde8",
                "complete",
                -1,
                2040,
                "firstcall",
                {
                    "0xe4ffd682380c571a6a07dd8f20b402412e02830e": [
                        [
                            "sload",
                            "0x2",
                            "0x3511ec038701d5b486e3",
                            3349
                        ],
                        [
                            "sload",
                            "0x4",
                            "0x33f431bf55d79bb62a21a1",
                            3618
                        ],
                        [
                            "sload",
                            "0x5",
                            "0x7a120",
                            3624
                        ],
                        [
                            "sload",
                            "0x4",
                            "0x33f431bf55d79bb62a21a1",
                            9947
                        ],
                        [
                            "sstore",
                            "0x4",
                            "0x33f64fd936a156686a21a1",
                            9966
                        ],
                        [
                            "sload",
                            "0x2",
                            "0x3511ec038701d5b486e3",
                            9103
                        ],
                        [
                            "sstore",
                            "0x2",
                            "0x351300e053533017a06f",
                            9122
                        ],
                        [
                            "sload",
                            "0x969b5e5926d6d806fbaf1a3563e10587ebd07965466cd6cd292abf55b18ac421",
                            "0x1cc465dcb1896",
                            9190
                        ],
                        [
                            "sstore",
                            "0x969b5e5926d6d806fbaf1a3563e10587ebd07965466cd6cd292abf55b18ac421",
                            "0x114de9897b82e3222",
                            9269
                        ]
                    ],
                    "0x5ade7ae8660293f2ebfcefaba91d141d72d221e8": [
                        [
                            "sload",
                            "0x38b87d70d14495111f09602cb283025cd374a927f27c7ad296fe733416c143ac",
                            "0x1",
                            5767
                        ],
                        [
                            "sload",
                            "0x969b5e5926d6d806fbaf1a3563e10587ebd07965466cd6cd292abf55b18ac421",
                            "0x1fc382c88c60cb265a70",
                            9726
                        ],
                        [
                            "sstore",
                            "0x969b5e5926d6d806fbaf1a3563e10587ebd07965466cd6cd292abf55b18ac421",
                            "0x1da568e7c2a618e65a70",
                            9806
                        ],
                        [
                            "sload",
                            "0x2",
                            "0x48939969166b3239eedbbb5",
                            9814
                        ],
                        [
                            "sstore",
                            "0x2",
                            "0x48937787785e968ecadbbb5",
                            9833
                        ]
                    ]
                }
            ],
            [
                "0x16f6664c16bede5d70818654defef11769d40983",
                "0x29a00e7c",
                "complete",
                190,
                1294,
                "staticcall",
                {}
            ],
            [
                "0x5ade7ae8660293f2ebfcefaba91d141d72d221e8",
                "0xaad3ec96",
                "complete",
                1461,
                1805,
                "call",
                {
                    "0x5ade7ae8660293f2ebfcefaba91d141d72d221e8": [
                        [
                            "sload",
                            "0x38b87d70d14495111f09602cb283025cd374a927f27c7ad296fe733416c143ac",
                            "0x1",
                            5767
                        ],
                        [
                            "sload",
                            "0x969b5e5926d6d806fbaf1a3563e10587ebd07965466cd6cd292abf55b18ac421",
                            "0x1fc382c88c60cb265a70",
                            9726
                        ],
                        [
                            "sstore",
                            "0x969b5e5926d6d806fbaf1a3563e10587ebd07965466cd6cd292abf55b18ac421",
                            "0x1da568e7c2a618e65a70",
                            9806
                        ],
                        [
                            "sload",
                            "0x2",
                            "0x48939969166b3239eedbbb5",
                            9814
                        ],
                        [
                            "sstore",
                            "0x2",
                            "0x48937787785e968ecadbbb5",
                            9833
                        ]
                    ]
                }
            ]
        ],
        []
    ],
    "0xa6a8ad5737938876d47c8454f41c6f7aacfba9a92db32553922674c9ea767042": [
        [
            [
                "0x16f6664c16bede5d70818654defef11769d40983",
                "0x29a00e7c",
                "complete",
                190,
                1294,
                "staticcall",
                {}
            ],
            [
                "0x5ade7ae8660293f2ebfcefaba91d141d72d221e8",
                "0xaad3ec96",
                "complete",
                1461,
                1805,
                "call",
                {
                    "0x5ade7ae8660293f2ebfcefaba91d141d72d221e8": [
                        [
                            "sload",
                            "0x53b537acfe1fd102612c97c02fd418e586d0015f3544c73509abc8022f6aa363",
                            "0x1",
                            5767
                        ],
                        [
                            "sload",
                            "0xe0862645f3970e6f42b2330344c56722b1b1a967738bc3071a0af49a1564067f",
                            "0x1aeb2cbabaa937d9c8c7",
                            9726
                        ],
                        [
                            "sstore",
                            "0xe0862645f3970e6f42b2330344c56722b1b1a967738bc3071a0af49a1564067f",
                            "0x1272c53793be6ed9c8c7",
                            9806
                        ],
                        [
                            "sload",
                            "0x2",
                            "0x48937787785e968ecadbbb5",
                            9814
                        ],
                        [
                            "sstore",
                            "0x2",
                            "0x4892f001002c27e23adbbb5",
                            9833
                        ]
                    ]
                }
            ]
        ],
        []
    ],
    "0xcf5657c5ec907ca8d35624dc4430ca2f742deb954937e7e81ebd67fdd1790817": [
        [
            [
                "0x5ade7ae8660293f2ebfcefaba91d141d72d221e8",
                "0xd6febde8",
                "complete",
                -1,
                2262,
                "firstcall",
                {
                    "0x5ade7ae8660293f2ebfcefaba91d141d72d221e8": [
                        [
                            "sload",
                            "0x2",
                            "0x4892f001002c27e23adbbb5",
                            3349
                        ],
                        [
                            "sload",
                            "0x4",
                            "0xb67a2fb0c22ebad7e9d41",
                            3618
                        ],
                        [
                            "sload",
                            "0x5",
                            "0xf3e58",
                            3624
                        ],
                        [
                            "sload",
                            "0x4",
                            "0xb67a2fb0c22ebad7e9d41",
                            10071
                        ],
                        [
                            "sstore",
                            "0x4",
                            "0xb67d930d5d0b18c1e9d41",
                            10090
                        ],
                        [
                            "sload",
                            "0x2",
                            "0x4892f001002c27e23adbbb5",
                            9227
                        ],
                        [
                            "sstore",
                            "0x2",
                            "0x4894489f2e2dfc9bbe6bd1c",
                            9246
                        ],
                        [
                            "sload",
                            "0x599c5e2ff5c4cd96f3dcec33f82d3b961b2be98de0fc7a97fe8ce65af00ba6eb",
                            "0x1a7bde7307b2d170e6ae",
                            9314
                        ],
                        [
                            "sstore",
                            "0x599c5e2ff5c4cd96f3dcec33f82d3b961b2be98de0fc7a97fe8ce65af00ba6eb",
                            "0x3005c15324fe69a9e815",
                            9393
                        ]
                    ],
                    "0x6b175474e89094c44da98b954eedeac495271d0f": [
                        [
                            "sload",
                            "0x1c235c79aa8c6e32f0848297db7d5c54888e91e319508b68d8835943643c1100",
                            "0x1fefe53af46b31d9eb8",
                            2664
                        ],
                        [
                            "sload",
                            "0x28043715c73018cd9cd72cc417a34157173463ec8f080132e5fe87e648845988",
                            "0x3635c9adc5dea00000",
                            2993
                        ],
                        [
                            "sload",
                            "0x28043715c73018cd9cd72cc417a34157173463ec8f080132e5fe87e648845988",
                            "0x3635c9adc5dea00000",
                            3127
                        ],
                        [
                            "sload",
                            "0x28043715c73018cd9cd72cc417a34157173463ec8f080132e5fe87e648845988",
                            "0x3635c9adc5dea00000",
                            3371
                        ],
                        [
                            "sstore",
                            "0x28043715c73018cd9cd72cc417a34157173463ec8f080132e5fe87e648845988",
                            "0x0",
                            3504
                        ],
                        [
                            "sload",
                            "0x1c235c79aa8c6e32f0848297db7d5c54888e91e319508b68d8835943643c1100",
                            "0x1fefe53af46b31d9eb8",
                            3573
                        ],
                        [
                            "sstore",
                            "0x1c235c79aa8c6e32f0848297db7d5c54888e91e319508b68d8835943643c1100",
                            "0x1c8c88a0180d47d9eb8",
                            3645
                        ],
                        [
                            "sload",
                            "0x15faa59cd19891e9621a3bba273a9f040887cde9f44ce391e7a85ff4c6110dc6",
                            "0xb6ea743fa3175b74b4f4a",
                            3713
                        ],
                        [
                            "sstore",
                            "0x15faa59cd19891e9621a3bba273a9f040887cde9f44ce391e7a85ff4c6110dc6",
                            "0xb6edd79c3df3b95eb4f4a",
                            3785
                        ]
                    ]
                }
            ],
            [
                "0x16f6664c16bede5d70818654defef11769d40983",
                "0x29a00e7c",
                "complete",
                201,
                1305,
                "staticcall",
                {}
            ]
        ],
        [
            [
                "0x6b175474e89094c44da98b954eedeac495271d0f",
                "0x40379df460e9500c2f79c4d1b0c4b3adfe351689",
                "0x5ade7ae8660293f2ebfcefaba91d141d72d221e8",
                1000000000000000000000
            ]
        ]
    ],
    "0xeec5e3163f8b9247d29b7f3c1b32d2e44dde0f434ecf68890987f7c3db8ba732": [],
    "0x065cff89e7365ccf153b7cc35238319c43e615e33e769ed401e3959743c51e2c": [
        [
            [
                "0x16f6664c16bede5d70818654defef11769d40983",
                "0x49f9b0f7",
                "complete",
                195,
                1435,
                "staticcall",
                {}
            ],
            [
                "0x5ade7ae8660293f2ebfcefaba91d141d72d221e8",
                "0x5d8a776e",
                "complete",
                1859,
                2141,
                "call",
                {
                    "0x5ade7ae8660293f2ebfcefaba91d141d72d221e8": [
                        [
                            "sload",
                            "0x53b537acfe1fd102612c97c02fd418e586d0015f3544c73509abc8022f6aa363",
                            "0x1",
                            4068
                        ],
                        [
                            "sload",
                            "0x2",
                            "0x4894489f2e2dfc9bbe6bd1c",
                            9227
                        ],
                        [
                            "sstore",
                            "0x2",
                            "0x489c6014b18edd5cdb9bdb7",
                            9246
                        ],
                        [
                            "sload",
                            "0x61b5aceb7efca60bd214b7277eba3c4323c175b5156f78d123a2916a9dd032e1",
                            "0x0",
                            9314
                        ],
                        [
                            "sstore",
                            "0x61b5aceb7efca60bd214b7277eba3c4323c175b5156f78d123a2916a9dd032e1",
                            "0x817758360e0c11d3009b",
                            9393
                        ]
                    ]
                }
            ]
        ],
        []
    ],
    "0x578761aae5b6f9361c67afcf4a057de02ad827b273c0a39493e8eca0ea4ecb4c": [
        [
            [
                "0x5ade7ae8660293f2ebfcefaba91d141d72d221e8",
                "0x28c3d701",
                "complete",
                211,
                1556,
                "staticcall",
                {
                    "0x5ade7ae8660293f2ebfcefaba91d141d72d221e8": [
                        [
                            "sload",
                            "0x2",
                            "0x489c6014b18edd5cdb9bdb7",
                            3349
                        ],
                        [
                            "sload",
                            "0x4",
                            "0xb67d930d5d0b18c1e9d41",
                            3618
                        ],
                        [
                            "sload",
                            "0x5",
                            "0xf3e58",
                            3624
                        ]
                    ]
                }
            ],
            [
                "0x16f6664c16bede5d70818654defef11769d40983",
                "0x29a00e7c",
                "complete",
                391,
                1495,
                "staticcall",
                {}
            ],
            [
                "0x5ade7ae8660293f2ebfcefaba91d141d72d221e8",
                "0x90f0c2ea",
                "complete",
                6141,
                7612,
                "staticcall",
                {
                    "0x5ade7ae8660293f2ebfcefaba91d141d72d221e8": [
                        [
                            "sload",
                            "0x2",
                            "0x489c6014b18edd5cdb9bdb7",
                            3349
                        ],
                        [
                            "sload",
                            "0x4",
                            "0xb67d930d5d0b18c1e9d41",
                            4775
                        ],
                        [
                            "sload",
                            "0x5",
                            "0xf3e58",
                            4781
                        ]
                    ]
                }
            ],
            [
                "0x16f6664c16bede5d70818654defef11769d40983",
                "0x49f9b0f7",
                "complete",
                6311,
                7551,
                "staticcall",
                {}
            ]
        ],
        []
    ],
    "0x70ddd90a3690f29e7c14b7a481a6406fe4be1acac796eab96ba48495db7170d1": [
        [
            [
                "0xc08f38f43adb64d16fe9f9efcc2949d9eddec198",
                "0xd6febde8",
                "complete",
                -1,
                2040,
                "firstcall",
                {
                    "0xc08f38f43adb64d16fe9f9efcc2949d9eddec198": [
                        [
                            "sload",
                            "0x2",
                            "0x4288514993bc1a11a3c7",
                            3349
                        ],
                        [
                            "sload",
                            "0x4",
                            "0x51a7e58305f75ff8dfeed2",
                            3618
                        ],
                        [
                            "sload",
                            "0x5",
                            "0x7a120",
                            3624
                        ],
                        [
                            "sload",
                            "0x4",
                            "0x51a7e58305f75ff8dfeed2",
                            9947
                        ],
                        [
                            "sstore",
                            "0x4",
                            "0x51bc1c156176687197eed2",
                            9966
                        ],
                        [
                            "sload",
                            "0x2",
                            "0x4288514993bc1a11a3c7",
                            9103
                        ],
                        [
                            "sstore",
                            "0x2",
                            "0x42908ce06964c99d56a0",
                            9122
                        ],
                        [
                            "sload",
                            "0xd3648d100179b7dd948b8d91ab0eaedc8763fbc931856cfa793320529a9cced",
                            "0x4cc9539cc139a6d5",
                            9190
                        ],
                        [
                            "sstore",
                            "0xd3648d100179b7dd948b8d91ab0eaedc8763fbc931856cfa793320529a9cced",
                            "0x88860294570c559ae",
                            9269
                        ]
                    ],
                    "0x5ade7ae8660293f2ebfcefaba91d141d72d221e8": [
                        [
                            "sload",
                            "0x8c46ca77f0ee03a453b1e6fca0f29fef94f0e1e38c07851c3f25d947fb6be7cc",
                            "0x1",
                            5767
                        ],
                        [
                            "sload",
                            "0xd3648d100179b7dd948b8d91ab0eaedc8763fbc931856cfa793320529a9cced",
                            "0x1436a020cd8179ed3ddb",
                            9726
                        ],
                        [
                            "sstore",
                            "0xd3648d100179b7dd948b8d91ab0eaedc8763fbc931856cfa793320529a9cced",
                            "0xdc54e7901353ddb",
                            9806
                        ],
                        [
                            "sload",
                            "0x2",
                            "0x489c6014b18edd5cdb9bdb7",
                            9814
                        ],
                        [
                            "sstore",
                            "0x2",
                            "0x489b1cab8bd6ecd5501bdb7",
                            9833
                        ]
                    ]
                }
            ],
            [
                "0x16f6664c16bede5d70818654defef11769d40983",
                "0x29a00e7c",
                "complete",
                190,
                1294,
                "staticcall",
                {}
            ],
            [
                "0x5ade7ae8660293f2ebfcefaba91d141d72d221e8",
                "0xaad3ec96",
                "complete",
                1461,
                1805,
                "call",
                {
                    "0x5ade7ae8660293f2ebfcefaba91d141d72d221e8": [
                        [
                            "sload",
                            "0x8c46ca77f0ee03a453b1e6fca0f29fef94f0e1e38c07851c3f25d947fb6be7cc",
                            "0x1",
                            5767
                        ],
                        [
                            "sload",
                            "0xd3648d100179b7dd948b8d91ab0eaedc8763fbc931856cfa793320529a9cced",
                            "0x1436a020cd8179ed3ddb",
                            9726
                        ],
                        [
                            "sstore",
                            "0xd3648d100179b7dd948b8d91ab0eaedc8763fbc931856cfa793320529a9cced",
                            "0xdc54e7901353ddb",
                            9806
                        ],
                        [
                            "sload",
                            "0x2",
                            "0x489c6014b18edd5cdb9bdb7",
                            9814
                        ],
                        [
                            "sstore",
                            "0x2",
                            "0x489b1cab8bd6ecd5501bdb7",
                            9833
                        ]
                    ]
                }
            ]
        ],
        []
    ],
    "0xa7ea6b18bddb66558f9d45e9e6db2415ee6f771fd7642b339fee92c78c424d9e": [
        [
            [
                "0x16f6664c16bede5d70818654defef11769d40983",
                "0x29a00e7c",
                "complete",
                190,
                1294,
                "staticcall",
                {}
            ],
            [
                "0x5ade7ae8660293f2ebfcefaba91d141d72d221e8",
                "0xaad3ec96",
                "complete",
                1461,
                1805,
                "call",
                {
                    "0x5ade7ae8660293f2ebfcefaba91d141d72d221e8": [
                        [
                            "sload",
                            "0x53b537acfe1fd102612c97c02fd418e586d0015f3544c73509abc8022f6aa363",
                            "0x1",
                            5767
                        ],
                        [
                            "sload",
                            "0xca956d600d3bfdbf718a4a995fb55e266e71cf06c106fe830551003a002c1cd",
                            "0x10327a85842fa80d51c27",
                            9726
                        ],
                        [
                            "sstore",
                            "0xca956d600d3bfdbf718a4a995fb55e266e71cf06c106fe830551003a002c1cd",
                            "0x10327a85842e3385e3427",
                            9806
                        ],
                        [
                            "sload",
                            "0x2",
                            "0x489b1cab8bd6ecd5501bdb7",
                            9814
                        ],
                        [
                            "sstore",
                            "0x2",
                            "0x489b1cab8bd6eb60c8ad5b7",
                            9833
                        ]
                    ]
                }
            ]
        ],
        []
    ],
    "0x338d40b9cc8b8bb284e71646b1b36634359454b7bfc2b6bdd501176f46322e63": [
        [
            [
                "0x5ade7ae8660293f2ebfcefaba91d141d72d221e8",
                "0xa9059cbb",
                "complete",
                -1,
                361,
                "firstcall",
                {
                    "0x5ade7ae8660293f2ebfcefaba91d141d72d221e8": [
                        [
                            "sload",
                            "0xfcdc309d9cccff6d3611475f3f81857618ad600df09799cb6af9e6708e254f61",
                            "0xac7735ed8da6554602d",
                            8395
                        ],
                        [
                            "sstore",
                            "0xfcdc309d9cccff6d3611475f3f81857618ad600df09799cb6af9e6708e254f61",
                            "0x0",
                            8475
                        ],
                        [
                            "sload",
                            "0xebf6027424ab54b19dd0abc2040fb37db8b05a71d1b325165dd938dd3bc61503",
                            "0x0",
                            8543
                        ],
                        [
                            "sstore",
                            "0xebf6027424ab54b19dd0abc2040fb37db8b05a71d1b325165dd938dd3bc61503",
                            "0xac7735ed8da6554602d",
                            8622
                        ]
                    ]
                }
            ]
        ],
        []
    ]
}