{
    "0x692408987ee1ba88b38a5c003463876f88ba9d021ddab99625fcb61b72661ed0": [
        [],
        []
    ],
    "0x5a80185d3770a3ae2edc373cdffdfc29fc6404f5e8ce374c061ed5c5eb30d6df": [],
    "0x0078f3add6c708517e57f7d4e53256bf56650b71de327db7040e845408d9a5ca": [
        [
            [
                "0x5ade7ae8660293f2ebfcefaba91d141d72d221e8",
                "0xa9059cbb",
                "complete",
                2777,
                3139,
                "call",
                {
                    "0x5ade7ae8660293f2ebfcefaba91d141d72d221e8": [
                        [
                            "sload",
                            "0x55b91fb95307b5d559958238471c03242b9eb0f4d0f88762e32505930424070d",
                            "0x11a364b63c0db9173e976a",
                            8395
                        ],
                        [
                            "sstore",
                            "0x55b91fb95307b5d559958238471c03242b9eb0f4d0f88762e32505930424070d",
                            "0x10d63051989986fae87fcc",
                            8475
                        ],
                        [
                            "sload",
                            "0xfb8b129a925e2fb57d96e7edb960621d9f378ca3f40329c4597e69a3e3548fdc",
                            "0xb895c0c09d04f27feb8a",
                            8543
                        ],
                        [
                            "sstore",
                            "0xfb8b129a925e2fb57d96e7edb960621d9f378ca3f40329c4597e69a3e3548fdc",
                            "0x185ca256411370ed60328",
                            8622
                        ]
                    ]
                }
            ],
            [
                "0x5ade7ae8660293f2ebfcefaba91d141d72d221e8",
                "0x70a08231",
                "complete",
                3274,
                3403,
                "staticcall",
                {
                    "0x5ade7ae8660293f2ebfcefaba91d141d72d221e8": [
                        [
                            "sload",
                            "0x55b91fb95307b5d559958238471c03242b9eb0f4d0f88762e32505930424070d",
                            "0x10d63051989986fae87fcc",
                            4643
                        ]
                    ]
                }
            ]
        ],
        []
    ],
    "0x411e75f34f9a530dc257c8ef8c6fd4b29f2985b8b50ba53189454870e8707779": [
        [],
        []
    ],
    "0x47dcc0e09272c73fee6e9c2acb0c8d66d068beeaf70f86b194238f0581d6a113": [
        [
            [
                "0x5ade7ae8660293f2ebfcefaba91d141d72d221e8",
                "0x23b872dd",
                "complete",
                2215,
                2776,
                "call",
                {
                    "0x5ade7ae8660293f2ebfcefaba91d141d72d221e8": [
                        [
                            "sload",
                            "0xbbe73ea482a356988e088f60ccb38fb6dc18fa6733f18dae56b97ebcd794c5ea",
                            "0x8f295b417f6c526461d5",
                            8395
                        ],
                        [
                            "sstore",
                            "0xbbe73ea482a356988e088f60ccb38fb6dc18fa6733f18dae56b97ebcd794c5ea",
                            "0x3a755021fa40786461d5",
                            8475
                        ],
                        [
                            "sload",
                            "0x55b91fb95307b5d559958238471c03242b9eb0f4d0f88762e32505930424070d",
                            "0x10d63051989986fae87fcc",
                            8543
                        ],
                        [
                            "sstore",
                            "0x55b91fb95307b5d559958238471c03242b9eb0f4d0f88762e32505930424070d",
                            "0x112ae45cb81eb2d4e87fcc",
                            8622
                        ],
                        [
                            "sload",
                            "0x4ae367bb77ecfa8e6dbc4325ef5d907a12fec2eab1248924fba5034561461422",
                            "0xfffffffffffffffffffffffffffffffffffffffffffd0380794fb7f04ab6075d",
                            3526
                        ],
                        [
                            "sstore",
                            "0x4ae367bb77ecfa8e6dbc4325ef5d907a12fec2eab1248924fba5034561461422",
                            "0xfffffffffffffffffffffffffffffffffffffffffffcaecc6e3032c470b6075d",
                            7928
                        ]
                    ]
                }
            ],
            [
                "0x5ade7ae8660293f2ebfcefaba91d141d72d221e8",
                "0x70a08231",
                "complete",
                4409,
                4538,
                "staticcall",
                {
                    "0x5ade7ae8660293f2ebfcefaba91d141d72d221e8": [
                        [
                            "sload",
                            "0x55b91fb95307b5d559958238471c03242b9eb0f4d0f88762e32505930424070d",
                            "0x112ae45cb81eb2d4e87fcc",
                            4643
                        ]
                    ]
                }
            ]
        ],
        []
    ],
    "0x3a5549e6470101d093246a03c5e7de778142a24ad4ce6f65c15eb4df9f273b6a": [
        [
            [
                "0x5ade7ae8660293f2ebfcefaba91d141d72d221e8",
                "0xd6febde8",
                "complete",
                -1,
                2278,
                "firstcall",
                {
                    "0x5ade7ae8660293f2ebfcefaba91d141d72d221e8": [
                        [
                            "sload",
                            "0x2",
                            "0x3ce396a7c312cab25fcb937",
                            3349
                        ],
                        [
                            "sload",
                            "0x4",
                            "0x9685febe2a57c49aad01c",
                            3618
                        ],
                        [
                            "sload",
                            "0x5",
                            "0xf3e58",
                            3624
                        ],
                        [
                            "sload",
                            "0x4",
                            "0x9685febe2a57c49aad01c",
                            10071
                        ],
                        [
                            "sstore",
                            "0x4",
                            "0x972f66d469621c4ead01c",
                            10090
                        ],
                        [
                            "sload",
                            "0x2",
                            "0x3ce396a7c312cab25fcb937",
                            9227
                        ],
                        [
                            "sstore",
                            "0x2",
                            "0x3d280c204a661066a53ae6a",
                            9246
                        ],
                        [
                            "sload",
                            "0xe6e279389c6a8f69e76d10caf6564f9b5f7ab5fb288a161dc7f2cd4fdea60e9c",
                            "0x1666116586966c32541336",
                            9314
                        ],
                        [
                            "sstore",
                            "0xe6e279389c6a8f69e76d10caf6564f9b5f7ab5fb288a161dc7f2cd4fdea60e9c",
                            "0x1aad68edfbcac776ab0869",
                            9393
                        ]
                    ],
                    "0x6b175474e89094c44da98b954eedeac495271d0f": [
                        [
                            "sload",
                            "0xba6b652e721f132579135a1087016c240a2bfc0c20820b26ba8320f80a96daf8",
                            "0x2e3990573eed842fa2cb",
                            2664
                        ],
                        [
                            "sload",
                            "0x1b6de450b0f1d78406f4eb00cca9539a6eb7378645dfefb65c5b1be3dec15ed5",
                            "0x266d70ce665b277b00000",
                            2993
                        ],
                        [
                            "sload",
                            "0x1b6de450b0f1d78406f4eb00cca9539a6eb7378645dfefb65c5b1be3dec15ed5",
                            "0x266d70ce665b277b00000",
                            3127
                        ],
                        [
                            "sload",
                            "0x1b6de450b0f1d78406f4eb00cca9539a6eb7378645dfefb65c5b1be3dec15ed5",
                            "0x266d70ce665b277b00000",
                            3371
                        ],
                        [
                            "sstore",
                            "0x1b6de450b0f1d78406f4eb00cca9539a6eb7378645dfefb65c5b1be3dec15ed5",
                            "0x25c408b82750cfc700000",
                            3504
                        ],
                        [
                            "sload",
                            "0xba6b652e721f132579135a1087016c240a2bfc0c20820b26ba8320f80a96daf8",
                            "0x2e3990573eed842fa2cb",
                            3573
                        ],
                        [
                            "sstore",
                            "0xba6b652e721f132579135a1087016c240a2bfc0c20820b26ba8320f80a96daf8",
                            "0x23a30ef34e4808efa2cb",
                            3645
                        ],
                        [
                            "sload",
                            "0x15faa59cd19891e9621a3bba273a9f040887cde9f44ce391e7a85ff4c6110dc6",
                            "0x96f17982ed86d8f9f2e84",
                            3713
                        ],
                        [
                            "sstore",
                            "0x15faa59cd19891e9621a3bba273a9f040887cde9f44ce391e7a85ff4c6110dc6",
                            "0x979ae1992c9130adf2e84",
                            3785
                        ]
                    ]
                }
            ],
            [
                "0x16f6664c16bede5d70818654defef11769d40983",
                "0x29a00e7c",
                "complete",
                201,
                1321,
                "staticcall",
                {}
            ]
        ],
        [
            [
                "0x6b175474e89094c44da98b954eedeac495271d0f",
                "0x28d804bf2212e220bc2b7b6252993db8286df07f",
                "0x5ade7ae8660293f2ebfcefaba91d141d72d221e8",
                50000000000000000000000
            ]
        ]
    ],
    "0xf3bce69a83f1d1b0bef1ce70a9b3e507303e53d027b112e2e6b714b8f1367d58": [],
    "0xb4658a9890017ba177bbba2293fb3bc626e2cd18d19b5423ebd1c2e8bb76f2e8": [
        [],
        []
    ],
    "0x0fae24bbb6825d1d91fe2b8259d0327e91ba2aa1c9cb6c95d5f4c74827344d39": [],
    "0x406ace495711f3922413cfe9a93bb060774c6ead8199d0dcf1b2257ddac7b44d": [
        [
            [
                "0x5ade7ae8660293f2ebfcefaba91d141d72d221e8",
                "0xa9059cbb",
                "complete",
                6355,
                6717,
                "call",
                {
                    "0x5ade7ae8660293f2ebfcefaba91d141d72d221e8": [
                        [
                            "sload",
                            "0x55b91fb95307b5d559958238471c03242b9eb0f4d0f88762e32505930424070d",
                            "0x112ae45cb81eb2d4e87fcc",
                            8395
                        ],
                        [
                            "sstore",
                            "0x55b91fb95307b5d559958238471c03242b9eb0f4d0f88762e32505930424070d",
                            "0x111522386289838645b9c7",
                            8475
                        ],
                        [
                            "sload",
                            "0x6283e71ce7d01185d98ad7ad88f882fa8cea4884f7b2ddc244e09afd8c63d612",
                            "0x0",
                            8543
                        ],
                        [
                            "sstore",
                            "0x6283e71ce7d01185d98ad7ad88f882fa8cea4884f7b2ddc244e09afd8c63d612",
                            "0x15c22455952f4ea2c605",
                            8622
                        ]
                    ]
                }
            ],
            [
                "0x5ade7ae8660293f2ebfcefaba91d141d72d221e8",
                "0x70a08231",
                "complete",
                6852,
                6981,
                "staticcall",
                {
                    "0x5ade7ae8660293f2ebfcefaba91d141d72d221e8": [
                        [
                            "sload",
                            "0x55b91fb95307b5d559958238471c03242b9eb0f4d0f88762e32505930424070d",
                            "0x111522386289838645b9c7",
                            4643
                        ]
                    ]
                }
            ]
        ],
        []
    ],
    "0xa8b8d0f13e486fdb4c25a8006b3a14032846ec7afbae6af655fb39ecbaaa71f3": [
        [
            [
                "0x5ade7ae8660293f2ebfcefaba91d141d72d221e8",
                "0x095ea7b3",
                "complete",
                -1,
                221,
                "firstcall",
                {
                    "0x5ade7ae8660293f2ebfcefaba91d141d72d221e8": [
                        [
                            "sstore",
                            "0xecc250f88dabb25359887a0eb6c5004e53bb53d3f4242857a085e01e7a43af4",
                            "0x2cd76fe086b93ce2f768a00b22a00000000000",
                            7928
                        ]
                    ]
                }
            ]
        ],
        []
    ],
    "0x9dd8a5682655e403727318e140c884edc01197d0a7139b122ce1775853c73809": [],
    "0x9b73d8c2ce7bfa94d98dfe53f01e0d80b4efb477e18927e2169dc26b0744cd26": [],
    "0x0bee161f16653093e85f8f75fae6d34437ef1bd41fb0d6f4fb96b0464c8e73ae": [
        [
            [
                "0x5ade7ae8660293f2ebfcefaba91d141d72d221e8",
                "0xd6febde8",
                "complete",
                -1,
                2262,
                "firstcall",
                {
                    "0x5ade7ae8660293f2ebfcefaba91d141d72d221e8": [
                        [
                            "sload",
                            "0x2",
                            "0x3d280c204a661066a53ae6a",
                            3349
                        ],
                        [
                            "sload",
                            "0x4",
                            "0x972f66d469621c4ead01c",
                            3618
                        ],
                        [
                            "sload",
                            "0x5",
                            "0xf3e58",
                            3624
                        ],
                        [
                            "sload",
                            "0x4",
                            "0x972f66d469621c4ead01c",
                            10071
                        ],
                        [
                            "sstore",
                            "0x4",
                            "0x9731c91c0c606e41caf8e",
                            10090
                        ],
                        [
                            "sload",
                            "0x2",
                            "0x3d280c204a661066a53ae6a",
                            9227
                        ],
                        [
                            "sstore",
                            "0x2",
                            "0x3d2902bee47fb8a01d22008",
                            9246
                        ],
                        [
                            "sload",
                            "0x961ef60b7b1caff05d2b3bc7fe16b73ce4d078a663c541ea5f31e84eaea73aa7",
                            "0x0",
                            9314
                        ],
                        [
                            "sstore",
                            "0x961ef60b7b1caff05d2b3bc7fe16b73ce4d078a663c541ea5f31e84eaea73aa7",
                            "0xf69e9a19a83977e719e",
                            9393
                        ]
                    ],
                    "0x6b175474e89094c44da98b954eedeac495271d0f": [
                        [
                            "sload",
                            "0xb3046d6cf0398f9c9aa7210f1a1c9712a3a2905e9f62256daa7cf254599d8425",
                            "0x29cc43f94d087964fe",
                            2664
                        ],
                        [
                            "sload",
                            "0x748440681508daf050e1ee4f09ba0653b34c80371d6f31c2c4dd1558f3cc7a61",
                            "0x26247a2fe51f31df72",
                            2993
                        ],
                        [
                            "sload",
                            "0x748440681508daf050e1ee4f09ba0653b34c80371d6f31c2c4dd1558f3cc7a61",
                            "0x26247a2fe51f31df72",
                            3127
                        ],
                        [
                            "sload",
                            "0x748440681508daf050e1ee4f09ba0653b34c80371d6f31c2c4dd1558f3cc7a61",
                            "0x26247a2fe51f31df72",
                            3371
                        ],
                        [
                            "sstore",
                            "0x748440681508daf050e1ee4f09ba0653b34c80371d6f31c2c4dd1558f3cc7a61",
                            "0x0",
                            3504
                        ],
                        [
                            "sload",
                            "0xb3046d6cf0398f9c9aa7210f1a1c9712a3a2905e9f62256daa7cf254599d8425",
                            "0x29cc43f94d087964fe",
                            3573
                        ],
                        [
                            "sstore",
                            "0xb3046d6cf0398f9c9aa7210f1a1c9712a3a2905e9f62256daa7cf254599d8425",
                            "0x3a7c9c967e947858c",
                            3645
                        ],
                        [
                            "sload",
                            "0x15faa59cd19891e9621a3bba273a9f040887cde9f44ce391e7a85ff4c6110dc6",
                            "0x979ae1992c9130adf2e84",
                            3713
                        ],
                        [
                            "sstore",
                            "0x15faa59cd19891e9621a3bba273a9f040887cde9f44ce391e7a85ff4c6110dc6",
                            "0x979d43e0cf8f82a110df6",
                            3785
                        ]
                    ]
                }
            ],
            [
                "0x16f6664c16bede5d70818654defef11769d40983",
                "0x29a00e7c",
                "complete",
                201,
                1305,
                "staticcall",
                {}
            ]
        ],
        [
            [
                "0x6b175474e89094c44da98b954eedeac495271d0f",
                "0x5bb26afd1a8325ce40819f263d94a05ab3ec9de5",
                "0x5ade7ae8660293f2ebfcefaba91d141d72d221e8",
                703604740794604445554
            ]
        ]
    ],
    "0x20d089d25ed73c42710a7497763298fcd2df701bc99693691ad8841cb1be7d39": [
        [
            [
                "0x5ade7ae8660293f2ebfcefaba91d141d72d221e8",
                "0xd6febde8",
                "complete",
                -1,
                2121,
                "firstcall",
                {
                    "0x5ade7ae8660293f2ebfcefaba91d141d72d221e8": [
                        [
                            "sload",
                            "0x2",
                            "0x3d2902bee47fb8a01d22008",
                            3349
                        ],
                        [
                            "sload",
                            "0x4",
                            "0x9731c91c0c606e41caf8e",
                            3618
                        ],
                        [
                            "sload",
                            "0x5",
                            "0xf3e58",
                            3624
                        ],
                        [
                            "sload",
                            "0x4",
                            "0x9731c91c0c606e41caf8e",
                            10071
                        ],
                        [
                            "sstore",
                            "0x4",
                            "0x973bf331dcf587ffcaf8e",
                            10090
                        ],
                        [
                            "sload",
                            "0x2",
                            "0x3d2902bee47fb8a01d22008",
                            9227
                        ],
                        [
                            "sstore",
                            "0x2",
                            "0x3d2d1e457b7cfbf56fc3c3c",
                            9246
                        ],
                        [
                            "sload",
                            "0x7e827e6bcf37f216aec4484f7dbe2427c5207925a54d048ebebc545336bbe46c",
                            "0x5910591e1be711f5bc9e",
                            9314
                        ],
                        [
                            "sstore",
                            "0x7e827e6bcf37f216aec4484f7dbe2427c5207925a54d048ebebc545336bbe46c",
                            "0x9ac8c28df01c671fd8d2",
                            9393
                        ]
                    ],
                    "0x6b175474e89094c44da98b954eedeac495271d0f": [
                        [
                            "sload",
                            "0xd03cfcbb3fbb56585c1a9ee8b0ba8df254fe4878ebbd282ff216ec397b1bfa6f",
                            "0xa2a15e9c8ba4049afd",
                            2664
                        ],
                        [
                            "sload",
                            "0x7852b6b68b2d4aed965e52a0fbacaea34bb8f544bae44c14c8c7b21795a74271",
                            "0xffffffffffffffffffffffffffffffffffffffffffffffffffffffffffffffff",
                            2993
                        ],
                        [
                            "sload",
                            "0xd03cfcbb3fbb56585c1a9ee8b0ba8df254fe4878ebbd282ff216ec397b1bfa6f",
                            "0xa2a15e9c8ba4049afd",
                            3573
                        ],
                        [
                            "sstore",
                            "0xd03cfcbb3fbb56585c1a9ee8b0ba8df254fe4878ebbd282ff216ec397b1bfa6f",
                            "0x1933a08249afd",
                            3645
                        ],
                        [
                            "sload",
                            "0x15faa59cd19891e9621a3bba273a9f040887cde9f44ce391e7a85ff4c6110dc6",
                            "0x979d43e0cf8f82a110df6",
                            3713
                        ],
                        [
                            "sstore",
                            "0x15faa59cd19891e9621a3bba273a9f040887cde9f44ce391e7a85ff4c6110dc6",
                            "0x97a76df6a0249c5f10df6",
                            3785
                        ]
                    ]
                }
            ],
            [
                "0x16f6664c16bede5d70818654defef11769d40983",
                "0x29a00e7c",
                "complete",
                201,
                1305,
                "staticcall",
                {}
            ]
        ],
        [
            [
                "0x6b175474e89094c44da98b954eedeac495271d0f",
                "0x70af43c7fbc3b83adbb03bf7e56e1d57fa89870c",
                "0x5ade7ae8660293f2ebfcefaba91d141d72d221e8",
                3000000000000000000000
            ]
        ]
    ],
    "0x652f52fd2ed2d650edcc513d03418debe5bfdbc421cf561bcc06b98378e09938": [],
    "0x18da615b48d6eb9534333dc85bd46081530d476f0085274579163713498c8f1a": [
        [
            [
                "0x5ade7ae8660293f2ebfcefaba91d141d72d221e8",
                "0xa9059cbb",
                "complete",
                2777,
                3139,
                "call",
                {
                    "0x5ade7ae8660293f2ebfcefaba91d141d72d221e8": [
                        [
                            "sload",
                            "0x55b91fb95307b5d559958238471c03242b9eb0f4d0f88762e32505930424070d",
                            "0x111522386289838645b9c7",
                            8395
                        ],
                        [
                            "sstore",
                            "0x55b91fb95307b5d559958238471c03242b9eb0f4d0f88762e32505930424070d",
                            "0x10ed2e9d09c4317044d7bb",
                            8475
                        ],
                        [
                            "sload",
                            "0x55128c1e246ce4a5e238fd466004a8e6b208edde3ad585afea0631fe5a9c91b6",
                            "0x0",
                            8543
                        ],
                        [
                            "sstore",
                            "0x55128c1e246ce4a5e238fd466004a8e6b208edde3ad585afea0631fe5a9c91b6",
                            "0x27f39b58c5521600e20c",
                            8622
                        ]
                    ]
                }
            ],
            [
                "0x5ade7ae8660293f2ebfcefaba91d141d72d221e8",
                "0x70a08231",
                "complete",
                3274,
                3403,
                "staticcall",
                {
                    "0x5ade7ae8660293f2ebfcefaba91d141d72d221e8": [
                        [
                            "sload",
                            "0x55b91fb95307b5d559958238471c03242b9eb0f4d0f88762e32505930424070d",
                            "0x10ed2e9d09c4317044d7bb",
                            4643
                        ]
                    ]
                }
            ]
        ],
        []
    ],
    "0x7dd355d8e49bdd1cce57f07d650d47992699a6d8475aa9dcbe9c908324deca62": [
        [
            [
                "0xb387e90367f1e621e656900ed2a762dc7d71da8c",
                "0xd6febde8",
                "complete",
                -1,
                2056,
                "firstcall",
                {
                    "0xb387e90367f1e621e656900ed2a762dc7d71da8c": [
                        [
                            "sload",
                            "0x2",
                            "0x2a3b5c53297d69fef3a7",
                            3349
                        ],
                        [
                            "sload",
                            "0x4",
                            "0x20e67d41223f0c82a2c091",
                            3618
                        ],
                        [
                            "sload",
                            "0x5",
                            "0x7a120",
                            3624
                        ],
                        [
                            "sload",
                            "0x4",
                            "0x20e67d41223f0c82a2c091",
                            9947
                        ],
                        [
                            "sstore",
                            "0x4",
                            "0x2126044979e2ed6622c091",
                            9966
                        ],
                        [
                            "sload",
                            "0x2",
                            "0x2a3b5c53297d69fef3a7",
                            9103
                        ],
                        [
                            "sstore",
                            "0x2",
                            "0x2a640e935758a3ede3f3",
                            9122
                        ],
                        [
                            "sload",
                            "0x49676ed50d7daf3712dbd04e2137a811b6dc4ebb0b4922019b0d7b2c15188664",
                            "0x383ae5671af681c48b",
                            9190
                        ],
                        [
                            "sstore",
                            "0x49676ed50d7daf3712dbd04e2137a811b6dc4ebb0b4922019b0d7b2c15188664",
                            "0x60ed2594f63070b4d7",
                            9269
                        ]
                    ],
                    "0x5ade7ae8660293f2ebfcefaba91d141d72d221e8": [
                        [
                            "sload",
                            "0xc67e03c13a68efce33d790d1e644386ec5f7ecdc2e2f0d97f5b1ac99de6ff824",
                            "0x1",
                            5767
                        ],
                        [
                            "sload",
                            "0x49676ed50d7daf3712dbd04e2137a811b6dc4ebb0b4922019b0d7b2c15188664",
                            "0x5828e89b1533cf624895",
                            9726
                        ],
                        [
                            "sstore",
                            "0x49676ed50d7daf3712dbd04e2137a811b6dc4ebb0b4922019b0d7b2c15188664",
                            "0x18a1e0437152ebe24895",
                            9806
                        ],
                        [
                            "sload",
                            "0x2",
                            "0x3d2d1e457b7cfbf56fc3c3c",
                            9814
                        ],
                        [
                            "sstore",
                            "0x2",
                            "0x3d2925d4f602bde737c3c3c",
                            9833
                        ]
                    ]
                }
            ],
            [
                "0x16f6664c16bede5d70818654defef11769d40983",
                "0x29a00e7c",
                "complete",
                190,
                1310,
                "staticcall",
                {}
            ],
            [
                "0x5ade7ae8660293f2ebfcefaba91d141d72d221e8",
                "0xaad3ec96",
                "complete",
                1477,
                1821,
                "call",
                {
                    "0x5ade7ae8660293f2ebfcefaba91d141d72d221e8": [
                        [
                            "sload",
                            "0xc67e03c13a68efce33d790d1e644386ec5f7ecdc2e2f0d97f5b1ac99de6ff824",
                            "0x1",
                            5767
                        ],
                        [
                            "sload",
                            "0x49676ed50d7daf3712dbd04e2137a811b6dc4ebb0b4922019b0d7b2c15188664",
                            "0x5828e89b1533cf624895",
                            9726
                        ],
                        [
                            "sstore",
                            "0x49676ed50d7daf3712dbd04e2137a811b6dc4ebb0b4922019b0d7b2c15188664",
                            "0x18a1e0437152ebe24895",
                            9806
                        ],
                        [
                            "sload",
                            "0x2",
                            "0x3d2d1e457b7cfbf56fc3c3c",
                            9814
                        ],
                        [
                            "sstore",
                            "0x2",
                            "0x3d2925d4f602bde737c3c3c",
                            9833
                        ]
                    ]
                }
            ]
        ],
        []
    ],
    "0x00a29e353c064af626b52a9a8f43d19c0dd56e43bbcf5714c6edc3bf7e470346": [],
    "0x26f31df55c5ee894b50507ad2b5535881326c9e3d95a97d989c4fad4375f1a68": [
        [
            [
                "0x5ade7ae8660293f2ebfcefaba91d141d72d221e8",
                "0x23b872dd",
                "complete",
                1511,
                2072,
                "call",
                {
                    "0x5ade7ae8660293f2ebfcefaba91d141d72d221e8": [
                        [
                            "sload",
                            "0xcfb661b3945c8ece1e0d511cb1bd5032b7dce381b2624f138f529e71ddf6e20f",
                            "0x280789a1e93b0daa177c",
                            8395
                        ],
                        [
                            "sstore",
                            "0xcfb661b3945c8ece1e0d511cb1bd5032b7dce381b2624f138f529e71ddf6e20f",
                            "0x0",
                            8475
                        ],
                        [
                            "sload",
                            "0x55b91fb95307b5d559958238471c03242b9eb0f4d0f88762e32505930424070d",
                            "0x10ed2e9d09c4317044d7bb",
                            8543
                        ],
                        [
                            "sstore",
                            "0x55b91fb95307b5d559958238471c03242b9eb0f4d0f88762e32505930424070d",
                            "0x11153626abad6c7deeef37",
                            8622
                        ],
                        [
                            "sload",
                            "0xf03b0b8b763180ca65120d80bf25c46512adef41541a50f183f1a80837aff21c",
                            "0xffffffffffffffffffffffffffffffffffffffffffff95a1c684119a982041f8",
                            3526
                        ],
                        [
                            "sstore",
                            "0xf03b0b8b763180ca65120d80bf25c46512adef41541a50f183f1a80837aff21c",
                            "0xffffffffffffffffffffffffffffffffffffffffffff6d9a3ce2285f8a762a7c",
                            7928
                        ]
                    ]
                }
            ],
            [
                "0x5ade7ae8660293f2ebfcefaba91d141d72d221e8",
                "0x70a08231",
                "complete",
                3518,
                3647,
                "staticcall",
                {
                    "0x5ade7ae8660293f2ebfcefaba91d141d72d221e8": [
                        [
                            "sload",
                            "0x55b91fb95307b5d559958238471c03242b9eb0f4d0f88762e32505930424070d",
                            "0x11153626abad6c7deeef37",
                            4643
                        ]
                    ]
                }
            ]
        ],
        []
    ],
    "0xb34a4ad85a17f4d3cf62520a8829936eda499f61bb7d1033ce2cf43e4333a095": [
        [
            [
                "0xe4ffd682380c571a6a07dd8f20b402412e02830e",
                "0xd6febde8",
                "complete",
                -1,
                2040,
                "firstcall",
                {
                    "0xe4ffd682380c571a6a07dd8f20b402412e02830e": [
                        [
                            "sload",
                            "0x2",
                            "0x3f3b0f54fc60644d20f8",
                            3349
                        ],
                        [
                            "sload",
                            "0x4",
                            "0x49c098a146be00b968e439",
                            3618
                        ],
                        [
                            "sload",
                            "0x5",
                            "0x7a120",
                            3624
                        ],
                        [
                            "sload",
                            "0x4",
                            "0x49c098a146be00b968e439",
                            9947
                        ],
                        [
                            "sstore",
                            "0x4",
                            "0x49d5c5a40e9f4bafe8e439",
                            9966
                        ],
                        [
                            "sload",
                            "0x2",
                            "0x3f3b0f54fc60644d20f8",
                            9103
                        ],
                        [
                            "sstore",
                            "0x2",
                            "0x3f442280490f63a42f0e",
                            9122
                        ],
                        [
                            "sload",
                            "0xfcff327876562a00ca13cd2fc42cdda398409d3496dff31c7f7ec1cd14a0eb16",
                            "0x0",
                            9190
                        ],
                        [
                            "sstore",
                            "0xfcff327876562a00ca13cd2fc42cdda398409d3496dff31c7f7ec1cd14a0eb16",
                            "0x9132b4caeff570e16",
                            9269
                        ]
                    ],
                    "0x5ade7ae8660293f2ebfcefaba91d141d72d221e8": [
                        [
                            "sload",
                            "0x38b87d70d14495111f09602cb283025cd374a927f27c7ad296fe733416c143ac",
                            "0x1",
                            5767
                        ],
                        [
                            "sload",
                            "0xfcff327876562a00ca13cd2fc42cdda398409d3496dff31c7f7ec1cd14a0eb16",
                            "0x6b77e883d765f8d82699",
                            9726
                        ],
                        [
                            "sstore",
                            "0xfcff327876562a00ca13cd2fc42cdda398409d3496dff31c7f7ec1cd14a0eb16",
                            "0x564ae5bbf61b02582699",
                            9806
                        ],
                        [
                            "sload",
                            "0x2",
                            "0x3d2925d4f602bde737c3c3c",
                            9814
                        ],
                        [
                            "sstore",
                            "0x2",
                            "0x3d27d304c984a937cfc3c3c",
                            9833
                        ]
                    ]
                }
            ],
            [
                "0x16f6664c16bede5d70818654defef11769d40983",
                "0x29a00e7c",
                "complete",
                190,
                1294,
                "staticcall",
                {}
            ],
            [
                "0x5ade7ae8660293f2ebfcefaba91d141d72d221e8",
                "0xaad3ec96",
                "complete",
                1461,
                1805,
                "call",
                {
                    "0x5ade7ae8660293f2ebfcefaba91d141d72d221e8": [
                        [
                            "sload",
                            "0x38b87d70d14495111f09602cb283025cd374a927f27c7ad296fe733416c143ac",
                            "0x1",
                            5767
                        ],
                        [
                            "sload",
                            "0xfcff327876562a00ca13cd2fc42cdda398409d3496dff31c7f7ec1cd14a0eb16",
                            "0x6b77e883d765f8d82699",
                            9726
                        ],
                        [
                            "sstore",
                            "0xfcff327876562a00ca13cd2fc42cdda398409d3496dff31c7f7ec1cd14a0eb16",
                            "0x564ae5bbf61b02582699",
                            9806
                        ],
                        [
                            "sload",
                            "0x2",
                            "0x3d2925d4f602bde737c3c3c",
                            9814
                        ],
                        [
                            "sstore",
                            "0x2",
                            "0x3d27d304c984a937cfc3c3c",
                            9833
                        ]
                    ]
                }
            ]
        ],
        []
    ],
    "0xd55ce3442933ac319a65131f8c4e70d51d0440ceecfdec3ac6867fc84f7268e9": [
        [],
        []
    ],
    "0x2762eef624fe42f86d92d916bf6f4bb593040acee3d4b95765e0fe50dd5208f2": [
        [
            [
                "0x5ade7ae8660293f2ebfcefaba91d141d72d221e8",
                "0x095ea7b3",
                "complete",
                -1,
                221,
                "firstcall",
                {
                    "0x5ade7ae8660293f2ebfcefaba91d141d72d221e8": [
                        [
                            "sstore",
                            "0xa7299d1f0e8c4102fb411313ac3f99b0d694d3880f896984d30e23e284fb6afb",
                            "0xffffffffffffffffffffffffffffffffffffffffffffffffffffffffffffffff",
                            7928
                        ]
                    ]
                }
            ]
        ],
        []
    ],
    "0xf848ac427356abb24e43954488e43f7f6e7007b9bb3c740dd9cc9d2abf15f2dc": [
        [
            [
                "0x5ade7ae8660293f2ebfcefaba91d141d72d221e8",
                "0xd6febde8",
                "complete",
                -1,
                2262,
                "firstcall",
                {
                    "0x5ade7ae8660293f2ebfcefaba91d141d72d221e8": [
                        [
                            "sload",
                            "0x2",
                            "0x3d27d304c984a937cfc3c3c",
                            3349
                        ],
                        [
                            "sload",
                            "0x4",
                            "0x973bf331dcf587ffcaf8e",
                            3618
                        ],
                        [
                            "sload",
                            "0x5",
                            "0xf3e58",
                            3624
                        ],
                        [
                            "sload",
                            "0x4",
                            "0x973bf331dcf587ffcaf8e",
                            10071
                        ],
                        [
                            "sstore",
                            "0x4",
                            "0x9790a73cfc7ab3d9caf8e",
                            10090
                        ],
                        [
                            "sload",
                            "0x2",
                            "0x3d27d304c984a937cfc3c3c",
                            9227
                        ],
                        [
                            "sstore",
                            "0x2",
                            "0x3d4a0ac2aa3ed45a1178cf2",
                            9246
                        ],
                        [
                            "sload",
                            "0x4d90d8879530cd7e64ef6b4dcf80e01098fcd0a0e78cdaec19b12c7f200e98d8",
                            "0x0",
                            9314
                        ],
                        [
                            "sstore",
                            "0x4d90d8879530cd7e64ef6b4dcf80e01098fcd0a0e78cdaec19b12c7f200e98d8",
                            "0x2237bde0ba2b2241b50b6",
                            9393
                        ]
                    ],
                    "0x6b175474e89094c44da98b954eedeac495271d0f": [
                        [
                            "sload",
                            "0x296bb9406cc441ef4edbc42992f537a59626fe3964c01513df42b55bdc21220b",
                            "0x559af8f8afe427452ff",
                            2664
                        ],
                        [
                            "sload",
                            "0x17da642977e86c7401edd6f9dada656d22172c82493aca19a00c82eff2b0ce65",
                            "0x2cd76fe086b93ce2f7658df15536a3f076f600",
                            2993
                        ],
                        [
                            "sload",
                            "0x17da642977e86c7401edd6f9dada656d22172c82493aca19a00c82eff2b0ce65",
                            "0x2cd76fe086b93ce2f7658df15536a3f076f600",
                            3127
                        ],
                        [
                            "sload",
                            "0x17da642977e86c7401edd6f9dada656d22172c82493aca19a00c82eff2b0ce65",
                            "0x2cd76fe086b93ce2f7658df15536a3f076f600",
                            3371
                        ],
                        [
                            "sstore",
                            "0x17da642977e86c7401edd6f9dada656d22172c82493aca19a00c82eff2b0ce65",
                            "0x2cd76fe086b93ce2f76042b0a33e5132d6f600",
                            3504
                        ],
                        [
                            "sload",
                            "0x296bb9406cc441ef4edbc42992f537a59626fe3964c01513df42b55bdc21220b",
                            "0x559af8f8afe427452ff",
                            3573
                        ],
                        [
                            "sstore",
                            "0x296bb9406cc441ef4edbc42992f537a59626fe3964c01513df42b55bdc21220b",
                            "0xe6edd92ab84d452ff",
                            3645
                        ],
                        [
                            "sload",
                            "0x15faa59cd19891e9621a3bba273a9f040887cde9f44ce391e7a85ff4c6110dc6",
                            "0x97a76df6a0249c5f10df6",
                            3713
                        ],
                        [
                            "sstore",
                            "0x15faa59cd19891e9621a3bba273a9f040887cde9f44ce391e7a85ff4c6110dc6",
                            "0x97fc2201bfa9c83910df6",
                            3785
                        ]
                    ]
                }
            ],
            [
                "0x16f6664c16bede5d70818654defef11769d40983",
                "0x29a00e7c",
                "complete",
                201,
                1305,
                "staticcall",
                {}
            ]
        ],
        [
            [
                "0x6b175474e89094c44da98b954eedeac495271d0f",
                "0x0707fd320c96b54182475b22a9d47b4045e74668",
                "0x5ade7ae8660293f2ebfcefaba91d141d72d221e8",
                25000000000000000000000
            ]
        ]
    ],
    "0x1650ef9ba161e84e2b3f742e01df24dfc4e608234abf80f18a1559a3206ee43b": [],
    "0x0bcdc0fd150c7a46df04ac1ae5976d57b328311e0f5656b1ff53616b56e59897": [
        [
            [
                "0x5ade7ae8660293f2ebfcefaba91d141d72d221e8",
                "0xa9059cbb",
                "complete",
                2777,
                3139,
                "call",
                {
                    "0x5ade7ae8660293f2ebfcefaba91d141d72d221e8": [
                        [
                            "sload",
                            "0x55b91fb95307b5d559958238471c03242b9eb0f4d0f88762e32505930424070d",
                            "0x11153626abad6c7deeef37",
                            8395
                        ],
                        [
                            "sstore",
                            "0x55b91fb95307b5d559958238471c03242b9eb0f4d0f88762e32505930424070d",
                            "0x1112641903665c3ce09db7",
                            8475
                        ],
                        [
                            "sload",
                            "0xcf2b95e8766c2b4e41fa074b3783e1a43d3c9a5720cee1e1551e87c94b0e8447",
                            "0x0",
                            8543
                        ],
                        [
                            "sstore",
                            "0xcf2b95e8766c2b4e41fa074b3783e1a43d3c9a5720cee1e1551e87c94b0e8447",
                            "0x2d20da84710410e5180",
                            8622
                        ]
                    ]
                }
            ],
            [
                "0x5ade7ae8660293f2ebfcefaba91d141d72d221e8",
                "0x70a08231",
                "complete",
                3274,
                3403,
                "staticcall",
                {
                    "0x5ade7ae8660293f2ebfcefaba91d141d72d221e8": [
                        [
                            "sload",
                            "0x55b91fb95307b5d559958238471c03242b9eb0f4d0f88762e32505930424070d",
                            "0x1112641903665c3ce09db7",
                            4643
                        ]
                    ]
                }
            ]
        ],
        []
    ],
    "0x925e607559e5bbf781788d8ae9d81edbec98a5a5d475fd068841e802bc9f7673": [
        [
            [
                "0x5ade7ae8660293f2ebfcefaba91d141d72d221e8",
                "0x095ea7b3",
                "complete",
                -1,
                221,
                "firstcall",
                {
                    "0x5ade7ae8660293f2ebfcefaba91d141d72d221e8": [
                        [
                            "sstore",
                            "0x41e56920045608e513b97f55521c0752c14043fe7516e0f6d95df71190ad434e",
                            "0xffffffffffffffffffffffffffffffffffffffffffffffffffffffffffffffff",
                            7928
                        ]
                    ]
                }
            ]
        ],
        []
    ],
    "0xdba19b1032623a41ed5caa3c5ef65be118e5738b96072be77f248ef474025189": [
        [
            [
                "0x5ade7ae8660293f2ebfcefaba91d141d72d221e8",
                "0xa9059cbb",
                "complete",
                2777,
                3139,
                "call",
                {
                    "0x5ade7ae8660293f2ebfcefaba91d141d72d221e8": [
                        [
                            "sload",
                            "0x55b91fb95307b5d559958238471c03242b9eb0f4d0f88762e32505930424070d",
                            "0x1112641903665c3ce09db7",
                            8395
                        ],
                        [
                            "sstore",
                            "0x55b91fb95307b5d559958238471c03242b9eb0f4d0f88762e32505930424070d",
                            "0x110a5a36fcc65fb6520c8f",
                            8475
                        ],
                        [
                            "sload",
                            "0x318cc844134fb236584c5b324b55626359d488ab04adda459d50ead65cf36fce",
                            "0x0",
                            8543
                        ],
                        [
                            "sstore",
                            "0x318cc844134fb236584c5b324b55626359d488ab04adda459d50ead65cf36fce",
                            "0x809e2069ffc868e9128",
                            8622
                        ]
                    ]
                }
            ],
            [
                "0x5ade7ae8660293f2ebfcefaba91d141d72d221e8",
                "0x70a08231",
                "complete",
                3274,
                3403,
                "staticcall",
                {
                    "0x5ade7ae8660293f2ebfcefaba91d141d72d221e8": [
                        [
                            "sload",
                            "0x55b91fb95307b5d559958238471c03242b9eb0f4d0f88762e32505930424070d",
                            "0x110a5a36fcc65fb6520c8f",
                            4643
                        ]
                    ]
                }
            ]
        ],
        []
    ],
    "0x6dd2662672db8c9cbc688a559acac54b15424b71bedad508512afea5faa6b32c": [
        [
            [
                "0x16f6664c16bede5d70818654defef11769d40983",
                "0x29a00e7c",
                "complete",
                190,
                1294,
                "staticcall",
                {}
            ],
            [
                "0x5ade7ae8660293f2ebfcefaba91d141d72d221e8",
                "0xaad3ec96",
                "complete",
                1461,
                1805,
                "call",
                {
                    "0x5ade7ae8660293f2ebfcefaba91d141d72d221e8": [
                        [
                            "sload",
                            "0x53b537acfe1fd102612c97c02fd418e586d0015f3544c73509abc8022f6aa363",
                            "0x1",
                            5767
                        ],
                        [
                            "sload",
                            "0x296a60e9593908fe0c4d09ed6c9f166abe516c6e4a8b1ef9ec938f806c67a310",
                            "0x1636e44d8e50abd45f87",
                            9726
                        ],
                        [
                            "sstore",
                            "0x296a60e9593908fe0c4d09ed6c9f166abe516c6e4a8b1ef9ec938f806c67a310",
                            "0xdbe7cca6765e2d45f87",
                            9806
                        ],
                        [
                            "sload",
                            "0x2",
                            "0x3d4a0ac2aa3ed45a1178cf2",
                            9814
                        ],
                        [
                            "sstore",
                            "0x2",
                            "0x3d49833c320c65ad8178cf2",
                            9833
                        ]
                    ]
                }
            ]
        ],
        []
    ],
    "0xb34bbc5b325ce042102c1ba06b242535974549fa0498f96896a8ff3fd4d972c9": [
        [
            [
                "0x5ade7ae8660293f2ebfcefaba91d141d72d221e8",
                "0xa9059cbb",
                "complete",
                2777,
                3139,
                "call",
                {
                    "0x5ade7ae8660293f2ebfcefaba91d141d72d221e8": [
                        [
                            "sload",
                            "0x55b91fb95307b5d559958238471c03242b9eb0f4d0f88762e32505930424070d",
                            "0x110a5a36fcc65fb6520c8f",
                            8395
                        ],
                        [
                            "sstore",
                            "0x55b91fb95307b5d559958238471c03242b9eb0f4d0f88762e32505930424070d",
                            "0x1107252f2d569febea5586",
                            8475
                        ],
                        [
                            "sload",
                            "0xca3467649e7125ea56559f083e73452877308f98958803809e02257dcf04ebc1",
                            "0x52a512951f66d658ab2",
                            8543
                        ],
                        [
                            "sstore",
                            "0xca3467649e7125ea56559f083e73452877308f98958803809e02257dcf04ebc1",
                            "0x85f58f8c1b637cd41bb",
                            8622
                        ]
                    ]
                }
            ],
            [
                "0x5ade7ae8660293f2ebfcefaba91d141d72d221e8",
                "0x70a08231",
                "complete",
                3274,
                3403,
                "staticcall",
                {
                    "0x5ade7ae8660293f2ebfcefaba91d141d72d221e8": [
                        [
                            "sload",
                            "0x55b91fb95307b5d559958238471c03242b9eb0f4d0f88762e32505930424070d",
                            "0x1107252f2d569febea5586",
                            4643
                        ]
                    ]
                }
            ]
        ],
        []
    ],
    "0x0c0b8fa43ddd9fde80467e2bae9382220ad680d90871902a43a73fc8fd2cf09c": [
        [],
        []
    ],
    "0xda7a2f9ef9fd3745207d6b486358ae5093cf06cd5701162f0039bf1a88b2bd49": [],
    "0xace9bb2b9f1a3244a0a4b97583d98a8be6274ea66fee74887f0f61c8ca93254f": [
        [
            [
                "0x5ade7ae8660293f2ebfcefaba91d141d72d221e8",
                "0xa9059cbb",
                "complete",
                2777,
                3139,
                "call",
                {
                    "0x5ade7ae8660293f2ebfcefaba91d141d72d221e8": [
                        [
                            "sload",
                            "0x55b91fb95307b5d559958238471c03242b9eb0f4d0f88762e32505930424070d",
                            "0x1107252f2d569febea5586",
                            8395
                        ],
                        [
                            "sstore",
                            "0x55b91fb95307b5d559958238471c03242b9eb0f4d0f88762e32505930424070d",
                            "0x10df7341d65c781c0a9c6a",
                            8475
                        ],
                        [
                            "sload",
                            "0x67149a8bc870dd44119830d15955acaca1c736365dd3699de9e861ea5f7e25b7",
                            "0x491d82f9d00e4d4c8498",
                            8543
                        ],
                        [
                            "sstore",
                            "0x67149a8bc870dd44119830d15955acaca1c736365dd3699de9e861ea5f7e25b7",
                            "0x70cf7050ca361d2c3db4",
                            8622
                        ]
                    ]
                }
            ],
            [
                "0x5ade7ae8660293f2ebfcefaba91d141d72d221e8",
                "0x70a08231",
                "complete",
                3274,
                3403,
                "staticcall",
                {
                    "0x5ade7ae8660293f2ebfcefaba91d141d72d221e8": [
                        [
                            "sload",
                            "0x55b91fb95307b5d559958238471c03242b9eb0f4d0f88762e32505930424070d",
                            "0x10df7341d65c781c0a9c6a",
                            4643
                        ]
                    ]
                }
            ]
        ],
        []
    ]
}