{
    "0x23808c20db17a8ddeb2b0ae1bf14160bab94abce5347283078678feeb6b9463d": [],
    "0x5f22b7b7c600ef161edef82a0e3256717b1b3ef34d052ea497c7d269dbf0ff2e": [],
    "0xae812f724c0e6a9f4eb2da4930ce6983ebb5678cd8f861a4832674cf0a856b5a": [
        [],
        []
    ],
    "0x74f3e458f5f33372376abdfacc2424c01b59ac7ef1e64698ab203f5710f95913": [
        [],
        []
    ],
    "0xa0736858327f98ed3643e5cb76e7d309a784dc28ca4452d468dc22143dd4d1ad": [
        [
            [
                "0x5ade7ae8660293f2ebfcefaba91d141d72d221e8",
                "0xa9059cbb",
                "complete",
                8890,
                9252,
                "call",
                {
                    "0x5ade7ae8660293f2ebfcefaba91d141d72d221e8": [
                        [
                            "sload",
                            "0x55b91fb95307b5d559958238471c03242b9eb0f4d0f88762e32505930424070d",
                            "0x3c39df7ad46710f47db1af",
                            8395
                        ],
                        [
                            "sstore",
                            "0x55b91fb95307b5d559958238471c03242b9eb0f4d0f88762e32505930424070d",
                            "0x3c2dd20422d929c2e1a5ec",
                            8475
                        ],
                        [
                            "sload",
                            "0xd15a4dab6c034770999ed79f0a3887f4da9e1620cc6c21715d60a0a66332a94e",
                            "0x0",
                            8543
                        ],
                        [
                            "sstore",
                            "0xd15a4dab6c034770999ed79f0a3887f4da9e1620cc6c21715d60a0a66332a94e",
                            "0xc0d76b18de7319c0bc3",
                            8622
                        ]
                    ]
                }
            ],
            [
                "0x5ade7ae8660293f2ebfcefaba91d141d72d221e8",
                "0x70a08231",
                "complete",
                9387,
                9516,
                "staticcall",
                {
                    "0x5ade7ae8660293f2ebfcefaba91d141d72d221e8": [
                        [
                            "sload",
                            "0x55b91fb95307b5d559958238471c03242b9eb0f4d0f88762e32505930424070d",
                            "0x3c2dd20422d929c2e1a5ec",
                            4643
                        ]
                    ]
                }
            ],
            [
                "0x5ade7ae8660293f2ebfcefaba91d141d72d221e8",
                "0xa9059cbb",
                "complete",
                11045,
                11407,
                "call",
                {
                    "0x5ade7ae8660293f2ebfcefaba91d141d72d221e8": [
                        [
                            "sload",
                            "0xd15a4dab6c034770999ed79f0a3887f4da9e1620cc6c21715d60a0a66332a94e",
                            "0xc0d76b18de7319c0bc3",
                            8395
                        ],
                        [
                            "sstore",
                            "0xd15a4dab6c034770999ed79f0a3887f4da9e1620cc6c21715d60a0a66332a94e",
                            "0x0",
                            8475
                        ],
                        [
                            "sload",
                            "0x310cefba57cc5c94c41a0bbc7d3eaee4c0438325df6daf66ef97f62996b7f534",
                            "0x3c7ba7f0de5d10971a01",
                            8543
                        ],
                        [
                            "sstore",
                            "0x310cefba57cc5c94c41a0bbc7d3eaee4c0438325df6daf66ef97f62996b7f534",
                            "0x48891ea26c44423325c4",
                            8622
                        ]
                    ]
                }
            ],
            [
                "0x5ade7ae8660293f2ebfcefaba91d141d72d221e8",
                "0x70a08231",
                "complete",
                12693,
                12822,
                "staticcall",
                {
                    "0x5ade7ae8660293f2ebfcefaba91d141d72d221e8": [
                        [
                            "sload",
                            "0x310cefba57cc5c94c41a0bbc7d3eaee4c0438325df6daf66ef97f62996b7f534",
                            "0x48891ea26c44423325c4",
                            4643
                        ]
                    ]
                }
            ]
        ],
        []
    ],
    "0xd18bfa8d11124f995377dc8d391ef90cf44cd019e5e89d855e96519fd9b3e254": [
        [],
        []
    ],
    "0x3c8ed18f1732900dda84c8d097b224f1645cc1b3552de1ac9cd7e9de6243a7ff": [
        [],
        []
    ],
    "0x6493653689efeeecb5ffea903fb92c65f2c7908b2e20871bd242173b55b9e03e": [],
    "0x86e5bc38a3faea2b3bf3b9bbee6180c524eb95e26b42d3394390e50a093b8888": [
        [
            [
                "0x16f6664c16bede5d70818654defef11769d40983",
                "0x29a00e7c",
                "complete",
                190,
                1294,
                "staticcall",
                {}
            ],
            [
                "0x5ade7ae8660293f2ebfcefaba91d141d72d221e8",
                "0xaad3ec96",
                "complete",
                1461,
                1805,
                "call",
                {
                    "0x5ade7ae8660293f2ebfcefaba91d141d72d221e8": [
                        [
                            "sload",
                            "0x53b537acfe1fd102612c97c02fd418e586d0015f3544c73509abc8022f6aa363",
                            "0x1",
                            5767
                        ],
                        [
                            "sload",
                            "0x7a0ea027629e63d216d480e56ec6b5b59b464e4312689d93d7123a3c59f6c8f8",
                            "0x82a4c4a1cf526dcc44f",
                            9726
                        ],
                        [
                            "sstore",
                            "0x7a0ea027629e63d216d480e56ec6b5b59b464e4312689d93d7123a3c59f6c8f8",
                            "0x3ee1888897fc25cc44f",
                            9806
                        ],
                        [
                            "sload",
                            "0x2",
                            "0x43ab69d5f733bc77d563ec3",
                            9814
                        ],
                        [
                            "sstore",
                            "0x2",
                            "0x43ab2612bb1a85218d63ec3",
                            9833
                        ]
                    ]
                }
            ]
        ],
        []
    ],
    "0xe8aae7bdcb0834ca5d31681a284b009d03bf61596debfc4b87da9a70aaccc0b4": [
        [
            [
                "0x16f6664c16bede5d70818654defef11769d40983",
                "0x29a00e7c",
                "complete",
                190,
                1294,
                "staticcall",
                {}
            ],
            [
                "0x5ade7ae8660293f2ebfcefaba91d141d72d221e8",
                "0xaad3ec96",
                "complete",
                1461,
                1805,
                "call",
                {
                    "0x5ade7ae8660293f2ebfcefaba91d141d72d221e8": [
                        [
                            "sload",
                            "0x53b537acfe1fd102612c97c02fd418e586d0015f3544c73509abc8022f6aa363",
                            "0x1",
                            5767
                        ],
                        [
                            "sload",
                            "0xda2c727440770bd9a7a8cfa2d567d88dcd02331f3ac7ba59c0c2a314ec60a0f5",
                            "0x311092d8d7a2ac18b2c2",
                            9726
                        ],
                        [
                            "sstore",
                            "0xda2c727440770bd9a7a8cfa2d567d88dcd02331f3ac7ba59c0c2a314ec60a0f5",
                            "0x267a1174e6fd30d8b2c2",
                            9806
                        ],
                        [
                            "sload",
                            "0x2",
                            "0x43ab2612bb1a85218d63ec3",
                            9814
                        ],
                        [
                            "sstore",
                            "0x2",
                            "0x43aa7caaa4db7ac9d963ec3",
                            9833
                        ]
                    ]
                }
            ]
        ],
        []
    ],
    "0x7aeb0b4912e6bf72f58150bd9aa9b29a19d1fcd7e4f1119846feaec6efd9599a": [
        [
            [
                "0x16f6664c16bede5d70818654defef11769d40983",
                "0x29a00e7c",
                "complete",
                190,
                1294,
                "staticcall",
                {}
            ],
            [
                "0x5ade7ae8660293f2ebfcefaba91d141d72d221e8",
                "0xaad3ec96",
                "complete",
                1461,
                1805,
                "call",
                {
                    "0x5ade7ae8660293f2ebfcefaba91d141d72d221e8": [
                        [
                            "sload",
                            "0x53b537acfe1fd102612c97c02fd418e586d0015f3544c73509abc8022f6aa363",
                            "0x1",
                            5767
                        ],
                        [
                            "sload",
                            "0x22c8ff3ee00304e9015acc73250d370ab14e9b07e9a5dafadedcae805aaf39bb",
                            "0x188a8998dc8b9777c25e4",
                            9726
                        ],
                        [
                            "sstore",
                            "0x22c8ff3ee00304e9015acc73250d370ab14e9b07e9a5dafadedcae805aaf39bb",
                            "0x1887263c41af398dc25e4",
                            9806
                        ],
                        [
                            "sload",
                            "0x2",
                            "0x43aa7caaa4db7ac9d963ec3",
                            9814
                        ],
                        [
                            "sstore",
                            "0x2",
                            "0x43aa794748409e6bef63ec3",
                            9833
                        ]
                    ]
                }
            ]
        ],
        []
    ],
    "0x1ae953211937de8f6edd332f4227e36dc3c54a32738b5acdbe4bd588d240499a": [
        [],
        []
    ],
    "0xf7073396b760dfedc4a0537b0f1fda4e61b768ee3defcd6bbdf1e6430051e33e": [
        [
            [
                "0x5ade7ae8660293f2ebfcefaba91d141d72d221e8",
                "0x90f0c2ea",
                "complete",
                2703,
                4174,
                "staticcall",
                {
                    "0x5ade7ae8660293f2ebfcefaba91d141d72d221e8": [
                        [
                            "sload",
                            "0x2",
                            "0x43aa794748409e6bef63ec3",
                            3349
                        ],
                        [
                            "sload",
                            "0x4",
                            "0x9cccd24a146a007f344b3",
                            4775
                        ],
                        [
                            "sload",
                            "0x5",
                            "0xf3e58",
                            4781
                        ]
                    ]
                }
            ],
            [
                "0x16f6664c16bede5d70818654defef11769d40983",
                "0x49f9b0f7",
                "complete",
                2873,
                4113,
                "staticcall",
                {}
            ],
            [
                "0x5ade7ae8660293f2ebfcefaba91d141d72d221e8",
                "0xa9059cbb",
                "complete",
                11403,
                11765,
                "call",
                {
                    "0x5ade7ae8660293f2ebfcefaba91d141d72d221e8": [
                        [
                            "sload",
                            "0x55b91fb95307b5d559958238471c03242b9eb0f4d0f88762e32505930424070d",
                            "0x3c2dd20422d929c2e1a5ec",
                            8395
                        ],
                        [
                            "sstore",
                            "0x55b91fb95307b5d559958238471c03242b9eb0f4d0f88762e32505930424070d",
                            "0x3b59d80761b7e2d6354618",
                            8475
                        ],
                        [
                            "sload",
                            "0xe9d49fdd3f5bf21ba6fea227e0da2ae642a65ad61f8b0bf6602a23505683686d",
                            "0x0",
                            8543
                        ],
                        [
                            "sstore",
                            "0xe9d49fdd3f5bf21ba6fea227e0da2ae642a65ad61f8b0bf6602a23505683686d",
                            "0xd3f9fcc12146ecac5fd4",
                            8622
                        ]
                    ]
                }
            ],
            [
                "0x5ade7ae8660293f2ebfcefaba91d141d72d221e8",
                "0x70a08231",
                "complete",
                11900,
                12029,
                "staticcall",
                {
                    "0x5ade7ae8660293f2ebfcefaba91d141d72d221e8": [
                        [
                            "sload",
                            "0x55b91fb95307b5d559958238471c03242b9eb0f4d0f88762e32505930424070d",
                            "0x3b59d80761b7e2d6354618",
                            4643
                        ]
                    ]
                }
            ],
            [
                "0x5ade7ae8660293f2ebfcefaba91d141d72d221e8",
                "0x70a08231",
                "complete",
                13219,
                13348,
                "staticcall",
                {
                    "0x5ade7ae8660293f2ebfcefaba91d141d72d221e8": [
                        [
                            "sload",
                            "0xe9d49fdd3f5bf21ba6fea227e0da2ae642a65ad61f8b0bf6602a23505683686d",
                            "0xd3f9fcc12146ecac5fd4",
                            4643
                        ]
                    ]
                }
            ],
            [
                "0x5ade7ae8660293f2ebfcefaba91d141d72d221e8",
                "0xd79875eb",
                "complete",
                13431,
                15709,
                "call",
                {
                    "0x5ade7ae8660293f2ebfcefaba91d141d72d221e8": [
                        [
                            "sload",
                            "0x2",
                            "0x43aa794748409e6bef63ec3",
                            3349
                        ],
                        [
                            "sload",
                            "0x4",
                            "0x9cccd24a146a007f344b3",
                            4775
                        ],
                        [
                            "sload",
                            "0x5",
                            "0xf3e58",
                            4781
                        ],
                        [
                            "sload",
                            "0x4",
                            "0x9cccd24a146a007f344b3",
                            10121
                        ],
                        [
                            "sstore",
                            "0x4",
                            "0x9cae171f1ca6ee5a6aa8c",
                            10140
                        ],
                        [
                            "sload",
                            "0xe9d49fdd3f5bf21ba6fea227e0da2ae642a65ad61f8b0bf6602a23505683686d",
                            "0xd3f9fcc12146ecac5fd4",
                            9726
                        ],
                        [
                            "sstore",
                            "0xe9d49fdd3f5bf21ba6fea227e0da2ae642a65ad61f8b0bf6602a23505683686d",
                            "0x0",
                            9806
                        ],
                        [
                            "sload",
                            "0x2",
                            "0x43aa794748409e6bef63ec3",
                            9814
                        ],
                        [
                            "sstore",
                            "0x2",
                            "0x439d39a77c2e89fd249deef",
                            9833
                        ]
                    ],
                    "0x6b175474e89094c44da98b954eedeac495271d0f": [
                        [
                            "sload",
                            "0x15faa59cd19891e9621a3bba273a9f040887cde9f44ce391e7a85ff4c6110dc6",
                            "0x9d3d02e5eeb0607c3f6bc",
                            2664
                        ],
                        [
                            "sload",
                            "0x15faa59cd19891e9621a3bba273a9f040887cde9f44ce391e7a85ff4c6110dc6",
                            "0x9d3d02e5eeb0607c3f6bc",
                            3573
                        ],
                        [
                            "sstore",
                            "0x15faa59cd19891e9621a3bba273a9f040887cde9f44ce391e7a85ff4c6110dc6",
                            "0x9d1e47baf6ed4e5775c95",
                            3645
                        ],
                        [
                            "sload",
                            "0x6a81d252de4269dabab176c32da912fcfcce4c95ee12173ca3ae05c9ee623448",
                            "0x0",
                            3713
                        ],
                        [
                            "sstore",
                            "0x6a81d252de4269dabab176c32da912fcfcce4c95ee12173ca3ae05c9ee623448",
                            "0x1ebb2af7c31224c9a27",
                            3785
                        ]
                    ]
                }
            ],
            [
                "0x16f6664c16bede5d70818654defef11769d40983",
                "0x49f9b0f7",
                "complete",
                13622,
                14862,
                "staticcall",
                {}
            ]
        ],
        [
            [
                "0x6b175474e89094c44da98b954eedeac495271d0f",
                "0x5ade7ae8660293f2ebfcefaba91d141d72d221e8",
                "0x196c3a943748504d695413167fc3eb77c0832ade",
                9070226986601536068135
            ]
        ]
    ],
    "0x96297f5f01e071fe41661b1125afca8b607c97c66184bdfae3d6c9c389400ab7": [
        [
            [
                "0x5ade7ae8660293f2ebfcefaba91d141d72d221e8",
                "0x70a08231",
                "complete",
                145,
                274,
                "staticcall",
                {
                    "0x5ade7ae8660293f2ebfcefaba91d141d72d221e8": [
                        [
                            "sload",
                            "0x7b3bd7e054c541074d10153deb76cf22e3a5a0a3ada2fdea39d1ab7f316dc960",
                            "0x1",
                            4643
                        ]
                    ]
                }
            ]
        ],
        []
    ],
    "0xb14c390bf948fe95d92f1a97be1eee43b2eee3b6093e1b657a784d0e65432059": [
        [
            [
                "0x5ade7ae8660293f2ebfcefaba91d141d72d221e8",
                "0xa9059cbb",
                "complete",
                6061,
                6423,
                "call",
                {
                    "0x5ade7ae8660293f2ebfcefaba91d141d72d221e8": [
                        [
                            "sload",
                            "0x55b91fb95307b5d559958238471c03242b9eb0f4d0f88762e32505930424070d",
                            "0x3b59d80761b7e2d6354618",
                            8395
                        ],
                        [
                            "sstore",
                            "0x55b91fb95307b5d559958238471c03242b9eb0f4d0f88762e32505930424070d",
                            "0x3b0a5556d8f4ee06c7b4af",
                            8475
                        ],
                        [
                            "sload",
                            "0xec733071eab806bfa6d4001703242fb98b5489d37922ebb0980a66ebfa449ac7",
                            "0xa0e4b372197a5094029",
                            8543
                        ],
                        [
                            "sstore",
                            "0xec733071eab806bfa6d4001703242fb98b5489d37922ebb0980a66ebfa449ac7",
                            "0x5990fbbfe48c7476d192",
                            8622
                        ]
                    ]
                }
            ],
            [
                "0x5ade7ae8660293f2ebfcefaba91d141d72d221e8",
                "0x70a08231",
                "complete",
                6558,
                6687,
                "staticcall",
                {
                    "0x5ade7ae8660293f2ebfcefaba91d141d72d221e8": [
                        [
                            "sload",
                            "0x55b91fb95307b5d559958238471c03242b9eb0f4d0f88762e32505930424070d",
                            "0x3b0a5556d8f4ee06c7b4af",
                            4643
                        ]
                    ]
                }
            ]
        ],
        []
    ],
    "0xe6dcba6ea5985aeff9dae00fd7510428f482adf1670886285c3cc5437a9e5795": [
        [],
        []
    ],
    "0x4b67d355f840d58cb9910e3052160dc0359c5c366c1ba7a51c40ab232c35bb3d": [
        [],
        []
    ],
    "0xe4d1f9fde4164b0aa06835898318d40edaac924279d36b11a54f139e2c2463ab": [
        [
            [
                "0x5ade7ae8660293f2ebfcefaba91d141d72d221e8",
                "0x70a08231",
                "complete",
                149,
                278,
                "staticcall",
                {
                    "0x5ade7ae8660293f2ebfcefaba91d141d72d221e8": [
                        [
                            "sload",
                            "0x7b3bd7e054c541074d10153deb76cf22e3a5a0a3ada2fdea39d1ab7f316dc960",
                            "0x1",
                            4643
                        ]
                    ]
                }
            ]
        ],
        []
    ],
    "0x0598722dd279029c8a741cf79020be18c55b424421b1164c18e118a5044808e9": [
        [
            [
                "0x5ade7ae8660293f2ebfcefaba91d141d72d221e8",
                "0x28c3d701",
                "complete",
                211,
                1556,
                "staticcall",
                {
                    "0x5ade7ae8660293f2ebfcefaba91d141d72d221e8": [
                        [
                            "sload",
                            "0x2",
                            "0x439d39a77c2e89fd249deef",
                            3349
                        ],
                        [
                            "sload",
                            "0x4",
                            "0x9cae171f1ca6ee5a6aa8c",
                            3618
                        ],
                        [
                            "sload",
                            "0x5",
                            "0xf3e58",
                            3624
                        ]
                    ]
                }
            ],
            [
                "0x16f6664c16bede5d70818654defef11769d40983",
                "0x29a00e7c",
                "complete",
                391,
                1495,
                "staticcall",
                {}
            ],
            [
                "0x5ade7ae8660293f2ebfcefaba91d141d72d221e8",
                "0x90f0c2ea",
                "complete",
                6141,
                7612,
                "staticcall",
                {
                    "0x5ade7ae8660293f2ebfcefaba91d141d72d221e8": [
                        [
                            "sload",
                            "0x2",
                            "0x439d39a77c2e89fd249deef",
                            3349
                        ],
                        [
                            "sload",
                            "0x4",
                            "0x9cae171f1ca6ee5a6aa8c",
                            4775
                        ],
                        [
                            "sload",
                            "0x5",
                            "0xf3e58",
                            4781
                        ]
                    ]
                }
            ],
            [
                "0x16f6664c16bede5d70818654defef11769d40983",
                "0x49f9b0f7",
                "complete",
                6311,
                7551,
                "staticcall",
                {}
            ]
        ],
        []
    ],
    "0x403d6bbd6b8555dd538918b3f687c60b2bfa497620305b114826f6ee1ef82d5b": [],
    "0xebd84a2ac6900da4dfd64ba4d979c5b5cb2c29099851d37a119848d17359c13c": [
        [
            [
                "0x16f6664c16bede5d70818654defef11769d40983",
                "0x29a00e7c",
                "complete",
                190,
                1294,
                "staticcall",
                {}
            ],
            [
                "0x5ade7ae8660293f2ebfcefaba91d141d72d221e8",
                "0xaad3ec96",
                "complete",
                1461,
                1805,
                "call",
                {
                    "0x5ade7ae8660293f2ebfcefaba91d141d72d221e8": [
                        [
                            "sload",
                            "0x53b537acfe1fd102612c97c02fd418e586d0015f3544c73509abc8022f6aa363",
                            "0x1",
                            5767
                        ],
                        [
                            "sload",
                            "0x4f6abd2d05e4404847ef126ef81374402471257401f8ebca81ed29024f542fe7",
                            "0x146621149fad010b0a41",
                            9726
                        ],
                        [
                            "sstore",
                            "0x4f6abd2d05e4404847ef126ef81374402471257401f8ebca81ed29024f542fe7",
                            "0x146621149fad010ae331",
                            9806
                        ],
                        [
                            "sload",
                            "0x2",
                            "0x439d39a77c2e89fd249deef",
                            9814
                        ],
                        [
                            "sstore",
                            "0x2",
                            "0x439d39a77c2e89fd249b7df",
                            9833
                        ]
                    ]
                }
            ]
        ],
        []
    ],
    "0x8ed3720fde74942e492dc9c2dfd8df7cdf86c62991bffa6cd4f90e8d2e788352": [],
    "0xdc9436c4bc2f57a84ffe6983686f06e9dcb7c494acd353c0bef7a4af567c0190": [
        [],
        []
    ],
    "0x9dfae5bfb9488afcd7512f99d8b62c8b7e2867bb0db05d7737593bd74ca947e3": [
        [
            [
                "0x5ade7ae8660293f2ebfcefaba91d141d72d221e8",
                "0x095ea7b3",
                "complete",
                -1,
                221,
                "firstcall",
                {
                    "0x5ade7ae8660293f2ebfcefaba91d141d72d221e8": [
                        [
                            "sstore",
                            "0x58ba349e68f46fd92a9bffba489e3b3d8602ff4cf86c1cdb74c1533b028c4b9a",
                            "0x3f86ec96367994b80000",
                            7928
                        ]
                    ]
                }
            ]
        ],
        []
    ],
    "0x67898a186b41727f4b065a4354e0801e8570c38d1858f1f97e0abaf352f7614f": [
        [
            [
                "0x5ade7ae8660293f2ebfcefaba91d141d72d221e8",
                "0x70a08231",
                "complete",
                884,
                1013,
                "staticcall",
                {
                    "0x5ade7ae8660293f2ebfcefaba91d141d72d221e8": [
                        [
                            "sload",
                            "0x55b91fb95307b5d559958238471c03242b9eb0f4d0f88762e32505930424070d",
                            "0x3b0a5556d8f4ee06c7b4af",
                            4643
                        ]
                    ]
                }
            ],
            [
                "0x5ade7ae8660293f2ebfcefaba91d141d72d221e8",
                "0xa9059cbb",
                "complete",
                6876,
                7238,
                "call",
                {
                    "0x5ade7ae8660293f2ebfcefaba91d141d72d221e8": [
                        [
                            "sload",
                            "0x55b91fb95307b5d559958238471c03242b9eb0f4d0f88762e32505930424070d",
                            "0x3b0a5556d8f4ee06c7b4af",
                            8395
                        ],
                        [
                            "sstore",
                            "0x55b91fb95307b5d559958238471c03242b9eb0f4d0f88762e32505930424070d",
                            "0x3af46eeaf307228fea170e",
                            8475
                        ],
                        [
                            "sload",
                            "0xe73a71a1226401bd51997a5c3b46f7fd9ecf312eeed4907675dc4bd89d57be82",
                            "0x0",
                            8543
                        ],
                        [
                            "sstore",
                            "0xe73a71a1226401bd51997a5c3b46f7fd9ecf312eeed4907675dc4bd89d57be82",
                            "0x15e66be5edcb76dd9da1",
                            8622
                        ]
                    ]
                }
            ],
            [
                "0x5ade7ae8660293f2ebfcefaba91d141d72d221e8",
                "0x70a08231",
                "complete",
                7373,
                7502,
                "staticcall",
                {
                    "0x5ade7ae8660293f2ebfcefaba91d141d72d221e8": [
                        [
                            "sload",
                            "0x55b91fb95307b5d559958238471c03242b9eb0f4d0f88762e32505930424070d",
                            "0x3af46eeaf307228fea170e",
                            4643
                        ]
                    ]
                }
            ],
            [
                "0x5ade7ae8660293f2ebfcefaba91d141d72d221e8",
                "0xdd62ed3e",
                "complete",
                8760,
                8912,
                "staticcall",
                {
                    "0x5ade7ae8660293f2ebfcefaba91d141d72d221e8": [
                        [
                            "sload",
                            "0x4c3bfad1e52cfccf778bf3ceb005eb12191e290be1a6d06c9c0f32dd3d6ecf34",
                            "0x0",
                            7494
                        ]
                    ]
                }
            ],
            [
                "0x5ade7ae8660293f2ebfcefaba91d141d72d221e8",
                "0x095ea7b3",
                "complete",
                9199,
                9421,
                "call",
                {
                    "0x5ade7ae8660293f2ebfcefaba91d141d72d221e8": [
                        [
                            "sstore",
                            "0x4c3bfad1e52cfccf778bf3ceb005eb12191e290be1a6d06c9c0f32dd3d6ecf34",
                            "0x15e66be5edcb76dd9da1",
                            7928
                        ]
                    ]
                }
            ],
            [
                "0x5ade7ae8660293f2ebfcefaba91d141d72d221e8",
                "0x23b872dd",
                "complete",
                11687,
                12248,
                "call",
                {
                    "0x5ade7ae8660293f2ebfcefaba91d141d72d221e8": [
                        [
                            "sload",
                            "0xe73a71a1226401bd51997a5c3b46f7fd9ecf312eeed4907675dc4bd89d57be82",
                            "0x15e66be5edcb76dd9da1",
                            8395
                        ],
                        [
                            "sstore",
                            "0xe73a71a1226401bd51997a5c3b46f7fd9ecf312eeed4907675dc4bd89d57be82",
                            "0x0",
                            8475
                        ],
                        [
                            "sload",
                            "0x3e8777c81d8477df7b5bf36cde7a12666f79ad1617fd7a559361e985e6886809",
                            "0x801fcfeae2570418628c",
                            8543
                        ],
                        [
                            "sstore",
                            "0x3e8777c81d8477df7b5bf36cde7a12666f79ad1617fd7a559361e985e6886809",
                            "0x96063bd0d0227af6002d",
                            8622
                        ],
                        [
                            "sload",
                            "0x4c3bfad1e52cfccf778bf3ceb005eb12191e290be1a6d06c9c0f32dd3d6ecf34",
                            "0x15e66be5edcb76dd9da1",
                            3526
                        ],
                        [
                            "sstore",
                            "0x4c3bfad1e52cfccf778bf3ceb005eb12191e290be1a6d06c9c0f32dd3d6ecf34",
                            "0x0",
                            7928
                        ]
                    ]
                }
            ]
        ],
        []
    ],
    "0x1d77483cdce560bb47704b532616a06b89936bd904720ff5882cdc5f27c353bb": [
        [],
        []
    ],
    "0xf9778c33a1c616a1ed16c09e3303af675396adf1fe37472127b3dfa792ea16ba": [
        [
            [
                "0x16f6664c16bede5d70818654defef11769d40983",
                "0x29a00e7c",
                "complete",
                190,
                1294,
                "staticcall",
                {}
            ],
            [
                "0x5ade7ae8660293f2ebfcefaba91d141d72d221e8",
                "0xaad3ec96",
                "complete",
                1461,
                1805,
                "call",
                {
                    "0x5ade7ae8660293f2ebfcefaba91d141d72d221e8": [
                        [
                            "sload",
                            "0x53b537acfe1fd102612c97c02fd418e586d0015f3544c73509abc8022f6aa363",
                            "0x1",
                            5767
                        ],
                        [
                            "sload",
                            "0x6dfac5abcdb338c6aca11bbe329cd1086eeca0ce01cd6459b44ff54189c903ff",
                            "0xb5db7bcaf9e6507d5d3",
                            9726
                        ],
                        [
                            "sstore",
                            "0x6dfac5abcdb338c6aca11bbe329cd1086eeca0ce01cd6459b44ff54189c903ff",
                            "0x72183fb1c290087d5d3",
                            9806
                        ],
                        [
                            "sload",
                            "0x2",
                            "0x439d39a77c2e89fd249b7df",
                            9814
                        ],
                        [
                            "sstore",
                            "0x2",
                            "0x439cf5e4401552a6dc9b7df",
                            9833
                        ]
                    ]
                }
            ]
        ],
        []
    ],
    "0xa06073ac7f7eaa599583c93bbfefb49b676e6352aff45a82e639110939235598": [
        [],
        []
    ],
    "0xee7732c393a6057f6b1006f278aacdc3cd0eb6d7ca31d68042ede9a506fe2930": [
        [],
        []
    ],
    "0x210b4c9aec32984e81dd74554ce9fc01792020a8c2ceecf49d401e943175ced2": [
        [],
        []
    ],
    "0x8a7a557ac66b3c78c9fe09e9d8cbad298e98d881066a55e54bfe230b0f225f1a": [
        [
            [
                "0xd77c2ab1cd0faa4b79e16a0e7472cb222a9ee175",
                "0xd79875eb",
                "complete",
                -1,
                2229,
                "firstcall",
                {
                    "0xd77c2ab1cd0faa4b79e16a0e7472cb222a9ee175": [
                        [
                            "sload",
                            "0x2",
                            "0x28b74afc3c5e72258752",
                            3349
                        ],
                        [
                            "sload",
                            "0x4",
                            "0x1e94b3285b7f7e847bbe12",
                            4775
                        ],
                        [
                            "sload",
                            "0x5",
                            "0x7a120",
                            4781
                        ],
                        [
                            "sload",
                            "0x4",
                            "0x1e94b3285b7f7e847bbe12",
                            9997
                        ],
                        [
                            "sstore",
                            "0x4",
                            "0x1e26a99f958243ac614c41",
                            10016
                        ],
                        [
                            "sload",
                            "0x59e947ee1a7eb8bafd5082e39442b1966f288c432bc06fcb9273721f8430f02c",
                            "0x49832924614f6c4360",
                            9602
                        ],
                        [
                            "sstore",
                            "0x59e947ee1a7eb8bafd5082e39442b1966f288c432bc06fcb9273721f8430f02c",
                            "0xc3b180b364360",
                            9682
                        ],
                        [
                            "sload",
                            "0x2",
                            "0x28b74afc3c5e72258752",
                            9690
                        ],
                        [
                            "sstore",
                            "0x2",
                            "0x286dc7df53152def8752",
                            9709
                        ]
                    ],
                    "0x5ade7ae8660293f2ebfcefaba91d141d72d221e8": [
                        [
                            "sload",
                            "0xbb7f75af9ee4c243e190d2ab367265101aa816d4e4743015a851608dd6e1fcfa",
                            "0x1",
                            4068
                        ],
                        [
                            "sload",
                            "0x2",
                            "0x439cf5e4401552a6dc9b7df",
                            9227
                        ],
                        [
                            "sstore",
                            "0x2",
                            "0x43a3d67ccc7526545e429b0",
                            9246
                        ],
                        [
                            "sload",
                            "0x59e947ee1a7eb8bafd5082e39442b1966f288c432bc06fcb9273721f8430f02c",
                            "0x3ca044d11b37f223c25e9",
                            9314
                        ],
                        [
                            "sstore",
                            "0x59e947ee1a7eb8bafd5082e39442b1966f288c432bc06fcb9273721f8430f02c",
                            "0x4380dd5d7b0b9fa5697ba",
                            9393
                        ]
                    ]
                }
            ],
            [
                "0x16f6664c16bede5d70818654defef11769d40983",
                "0x49f9b0f7",
                "complete",
                195,
                1451,
                "staticcall",
                {}
            ],
            [
                "0x5ade7ae8660293f2ebfcefaba91d141d72d221e8",
                "0x5d8a776e",
                "complete",
                1875,
                2157,
                "call",
                {
                    "0x5ade7ae8660293f2ebfcefaba91d141d72d221e8": [
                        [
                            "sload",
                            "0xbb7f75af9ee4c243e190d2ab367265101aa816d4e4743015a851608dd6e1fcfa",
                            "0x1",
                            4068
                        ],
                        [
                            "sload",
                            "0x2",
                            "0x439cf5e4401552a6dc9b7df",
                            9227
                        ],
                        [
                            "sstore",
                            "0x2",
                            "0x43a3d67ccc7526545e429b0",
                            9246
                        ],
                        [
                            "sload",
                            "0x59e947ee1a7eb8bafd5082e39442b1966f288c432bc06fcb9273721f8430f02c",
                            "0x3ca044d11b37f223c25e9",
                            9314
                        ],
                        [
                            "sstore",
                            "0x59e947ee1a7eb8bafd5082e39442b1966f288c432bc06fcb9273721f8430f02c",
                            "0x4380dd5d7b0b9fa5697ba",
                            9393
                        ]
                    ]
                }
            ]
        ],
        []
    ],
    "0x89d92e8d27bf553717e100ada230d91f8aa2c9740c6607c43fd0fbc2fbc62e36": [
        [
            [
                "0x5ade7ae8660293f2ebfcefaba91d141d72d221e8",
                "0xd6febde8",
                "complete",
                -1,
                2262,
                "firstcall",
                {
                    "0x5ade7ae8660293f2ebfcefaba91d141d72d221e8": [
                        [
                            "sload",
                            "0x2",
                            "0x43a3d67ccc7526545e429b0",
                            3349
                        ],
                        [
                            "sload",
                            "0x4",
                            "0x9cae171f1ca6ee5a6aa8c",
                            3618
                        ],
                        [
                            "sload",
                            "0x5",
                            "0xf3e58",
                            3624
                        ],
                        [
                            "sload",
                            "0x4",
                            "0x9cae171f1ca6ee5a6aa8c",
                            10071
                        ],
                        [
                            "sstore",
                            "0x4",
                            "0x9cbf07ee22f4c3ec6aa8c",
                            10090
                        ],
                        [
                            "sload",
                            "0x2",
                            "0x43a3d67ccc7526545e429b0",
                            9227
                        ],
                        [
                            "sstore",
                            "0x2",
                            "0x43ab24d951366b1ba4e65b7",
                            9246
                        ],
                        [
                            "sload",
                            "0x7b5f0383727b6fe3641933cc37175e5edb06c4b9a748a7c3cb82a897f54b783c",
                            "0x42fcc997",
                            9314
                        ],
                        [
                            "sstore",
                            "0x7b5f0383727b6fe3641933cc37175e5edb06c4b9a748a7c3cb82a897f54b783c",
                            "0x74e5c84c144cb767059e",
                            9393
                        ]
                    ],
                    "0x6b175474e89094c44da98b954eedeac495271d0f": [
                        [
                            "sload",
                            "0x569b6369fb7d0ec64c2971ec2186c1aaa6bae84f05580c74d594fbcd14136056",
                            "0x13b989c073f7e5da856",
                            2664
                        ],
                        [
                            "sload",
                            "0xcfaf1bc2bc482c3c20f5a27ca1de114e3a2286bd71d306aba12a8645c35884b9",
                            "0x294af89f5db893e00000",
                            2993
                        ],
                        [
                            "sload",
                            "0xcfaf1bc2bc482c3c20f5a27ca1de114e3a2286bd71d306aba12a8645c35884b9",
                            "0x294af89f5db893e00000",
                            3127
                        ],
                        [
                            "sload",
                            "0xcfaf1bc2bc482c3c20f5a27ca1de114e3a2286bd71d306aba12a8645c35884b9",
                            "0x294af89f5db893e00000",
                            3371
                        ],
                        [
                            "sstore",
                            "0xcfaf1bc2bc482c3c20f5a27ca1de114e3a2286bd71d306aba12a8645c35884b9",
                            "0x283bebaef8db3ac00000",
                            3504
                        ],
                        [
                            "sload",
                            "0x569b6369fb7d0ec64c2971ec2186c1aaa6bae84f05580c74d594fbcd14136056",
                            "0x13b989c073f7e5da856",
                            3573
                        ],
                        [
                            "sstore",
                            "0x569b6369fb7d0ec64c2971ec2186c1aaa6bae84f05580c74d594fbcd14136056",
                            "0x2c8baba262253da856",
                            3645
                        ],
                        [
                            "sload",
                            "0x15faa59cd19891e9621a3bba273a9f040887cde9f44ce391e7a85ff4c6110dc6",
                            "0x9d1e47baf6ed4e5775c95",
                            3713
                        ],
                        [
                            "sstore",
                            "0x15faa59cd19891e9621a3bba273a9f040887cde9f44ce391e7a85ff4c6110dc6",
                            "0x9d2f3889fd3b23e975c95",
                            3785
                        ]
                    ]
                }
            ],
            [
                "0x16f6664c16bede5d70818654defef11769d40983",
                "0x29a00e7c",
                "complete",
                201,
                1305,
                "staticcall",
                {}
            ]
        ],
        [
            [
                "0x6b175474e89094c44da98b954eedeac495271d0f",
                "0x9b616ac1d31f17be9b23560d93699ca7732e2808",
                "0x5ade7ae8660293f2ebfcefaba91d141d72d221e8",
                5000000000000000000000
            ]
        ]
    ],
    "0x8fe8b66f29fd9158e7d915e745831cde49f33163c8bdc9d3ceacf7609875a5e4": [
        [
            [
                "0x5ade7ae8660293f2ebfcefaba91d141d72d221e8",
                "0xa9059cbb",
                "complete",
                2794,
                3156,
                "call",
                {
                    "0x5ade7ae8660293f2ebfcefaba91d141d72d221e8": [
                        [
                            "sload",
                            "0x55b91fb95307b5d559958238471c03242b9eb0f4d0f88762e32505930424070d",
                            "0x3af46eeaf307228fea170e",
                            8395
                        ],
                        [
                            "sstore",
                            "0x55b91fb95307b5d559958238471c03242b9eb0f4d0f88762e32505930424070d",
                            "0x3af38064aed755892a170e",
                            8475
                        ],
                        [
                            "sload",
                            "0xf5208d59d9ea966b8e1a85d813f31cbcdf4087f2211371c1a5161bc5bcd72236",
                            "0x274d656ac90e3400000",
                            8543
                        ],
                        [
                            "sstore",
                            "0xf5208d59d9ea966b8e1a85d813f31cbcdf4087f2211371c1a5161bc5bcd72236",
                            "0x3635c9adc5dea000000",
                            8622
                        ]
                    ]
                }
            ],
            [
                "0x5ade7ae8660293f2ebfcefaba91d141d72d221e8",
                "0x70a08231",
                "complete",
                3291,
                3420,
                "staticcall",
                {
                    "0x5ade7ae8660293f2ebfcefaba91d141d72d221e8": [
                        [
                            "sload",
                            "0x55b91fb95307b5d559958238471c03242b9eb0f4d0f88762e32505930424070d",
                            "0x3af38064aed755892a170e",
                            4643
                        ]
                    ]
                }
            ]
        ],
        []
    ],
    "0xab423c95beb9b8748d90bab7afd6ec4229a0e2533abc2bf529780e27359095db": [
        [
            [
                "0x5ade7ae8660293f2ebfcefaba91d141d72d221e8",
                "0x095ea7b3",
                "complete",
                -1,
                221,
                "firstcall",
                {
                    "0x5ade7ae8660293f2ebfcefaba91d141d72d221e8": [
                        [
                            "sstore",
                            "0x30843a5c5508c5651fa9dbf9c8e3f710de135740a5d653cb9c96bb8325579c1e",
                            "0xffffffffffffffffffffffffffffffffffffffffffffffffffffffffffffffff",
                            7928
                        ]
                    ]
                }
            ]
        ],
        []
    ],
    "0xc4efa0910677dcc1d5fe68b01b098f999699ac4e0393a2dea96003e4997b2814": [
        [
            [
                "0x5ade7ae8660293f2ebfcefaba91d141d72d221e8",
                "0xd79875eb",
                "complete",
                -1,
                2277,
                "firstcall",
                {
                    "0x5ade7ae8660293f2ebfcefaba91d141d72d221e8": [
                        [
                            "sload",
                            "0x2",
                            "0x43ab24d951366b1ba4e65b7",
                            3349
                        ],
                        [
                            "sload",
                            "0x4",
                            "0x9cbf07ee22f4c3ec6aa8c",
                            4775
                        ],
                        [
                            "sload",
                            "0x5",
                            "0xf3e58",
                            4781
                        ],
                        [
                            "sload",
                            "0x4",
                            "0x9cbf07ee22f4c3ec6aa8c",
                            10121
                        ],
                        [
                            "sstore",
                            "0x4",
                            "0x9cbeedadac1499e77f5ad",
                            10140
                        ],
                        [
                            "sload",
                            "0xa35f3ddceb55c84dcba3c5085259efbef6bf109a053882bbe76456ae6352406e",
                            "0xb525fccb40707de737",
                            9726
                        ],
                        [
                            "sstore",
                            "0xa35f3ddceb55c84dcba3c5085259efbef6bf109a053882bbe76456ae6352406e",
                            "0x0",
                            9806
                        ],
                        [
                            "sload",
                            "0x2",
                            "0x43ab24d951366b1ba4e65b7",
                            9814
                        ],
                        [
                            "sstore",
                            "0x2",
                            "0x43ab1986f169b7149d07e80",
                            9833
                        ]
                    ],
                    "0x6b175474e89094c44da98b954eedeac495271d0f": [
                        [
                            "sload",
                            "0x15faa59cd19891e9621a3bba273a9f040887cde9f44ce391e7a85ff4c6110dc6",
                            "0x9d2f3889fd3b23e975c95",
                            2664
                        ],
                        [
                            "sload",
                            "0x15faa59cd19891e9621a3bba273a9f040887cde9f44ce391e7a85ff4c6110dc6",
                            "0x9d2f3889fd3b23e975c95",
                            3573
                        ],
                        [
                            "sstore",
                            "0x15faa59cd19891e9621a3bba273a9f040887cde9f44ce391e7a85ff4c6110dc6",
                            "0x9d2f1e49865af9e48a7b6",
                            3645
                        ],
                        [
                            "sload",
                            "0xc7a0f6e196aef880e9c92a17e150f656489cccb4a8a2015dd17f568b44d442df",
                            "0x0",
                            3713
                        ],
                        [
                            "sstore",
                            "0xc7a0f6e196aef880e9c92a17e150f656489cccb4a8a2015dd17f568b44d442df",
                            "0x1a4076e02a04eb4df",
                            3785
                        ]
                    ]
                }
            ],
            [
                "0x16f6664c16bede5d70818654defef11769d40983",
                "0x49f9b0f7",
                "complete",
                190,
                1430,
                "staticcall",
                {}
            ]
        ],
        [
            [
                "0x6b175474e89094c44da98b954eedeac495271d0f",
                "0x5ade7ae8660293f2ebfcefaba91d141d72d221e8",
                "0x37e79115991f580a009385691b9316389865cb17",
                30266280778325210335
            ]
        ]
    ],
    "0x0ed6d9882e52e34bec0d16141497ced53e65ddda54c40c2843c42f4cf3902cde": [
        [],
        []
    ],
    "0x7308ce2e2ad7b1985aedbcd218d43fe12931f965a2232d73f19ae05428982d83": [],
    "0x266b7e7512598acabdeccdf86a3563545850451adc5e3ddf316ee53a55caf11e": [
        [
            [
                "0x5ade7ae8660293f2ebfcefaba91d141d72d221e8",
                "0xa9059cbb",
                "complete",
                2777,
                3139,
                "call",
                {
                    "0x5ade7ae8660293f2ebfcefaba91d141d72d221e8": [
                        [
                            "sload",
                            "0x55b91fb95307b5d559958238471c03242b9eb0f4d0f88762e32505930424070d",
                            "0x3af38064aed755892a170e",
                            8395
                        ],
                        [
                            "sstore",
                            "0x55b91fb95307b5d559958238471c03242b9eb0f4d0f88762e32505930424070d",
                            "0x3af17ee2f837d0ef817619",
                            8475
                        ],
                        [
                            "sload",
                            "0xef3b8a1d2ccf6143a479838a5d6ffc84600d2e3951c5542d2a0a253b6b8c4637",
                            "0x0",
                            8543
                        ],
                        [
                            "sstore",
                            "0xef3b8a1d2ccf6143a479838a5d6ffc84600d2e3951c5542d2a0a253b6b8c4637",
                            "0x20181b69f8499a8a0f5",
                            8622
                        ]
                    ]
                }
            ],
            [
                "0x5ade7ae8660293f2ebfcefaba91d141d72d221e8",
                "0x70a08231",
                "complete",
                3274,
                3403,
                "staticcall",
                {
                    "0x5ade7ae8660293f2ebfcefaba91d141d72d221e8": [
                        [
                            "sload",
                            "0x55b91fb95307b5d559958238471c03242b9eb0f4d0f88762e32505930424070d",
                            "0x3af17ee2f837d0ef817619",
                            4643
                        ]
                    ]
                }
            ]
        ],
        []
    ]
}