{
    "0x37c58632a6e098862e3c34de0a93c946d8fadc377e6a43498243c6ec346cea19": [
        [
            [
                "0x5ade7ae8660293f2ebfcefaba91d141d72d221e8",
                "0x095ea7b3",
                "complete",
                -1,
                221,
                "firstcall",
                {
                    "0x5ade7ae8660293f2ebfcefaba91d141d72d221e8": [
                        [
                            "sstore",
                            "0x9592da82e26ecc43b48852738e219d6d2d27820c2821545d64136edfad7295b",
                            "0xffffffffffffffffffffffffffffffffffffffffffffffffffffffffffffffff",
                            7928
                        ]
                    ]
                }
            ]
        ],
        []
    ],
    "0xab42a11a523d61a2a01b4e1600a9f23a8bd1a26b4a10a7a288b7fd9f5efa29fe": [
        [
            [
                "0x5ade7ae8660293f2ebfcefaba91d141d72d221e8",
                "0x70a08231",
                "complete",
                143,
                272,
                "staticcall",
                {
                    "0x5ade7ae8660293f2ebfcefaba91d141d72d221e8": [
                        [
                            "sload",
                            "0x244b96a93cbd3c1606171387355601efa5bda22cd2f6228b279c2b8a90100240",
                            "0x11760f34e0152a5a968c",
                            4643
                        ]
                    ]
                }
            ],
            [
                "0x5ade7ae8660293f2ebfcefaba91d141d72d221e8",
                "0xa9059cbb",
                "complete",
                580,
                942,
                "call",
                {
                    "0x5ade7ae8660293f2ebfcefaba91d141d72d221e8": [
                        [
                            "sload",
                            "0x244b96a93cbd3c1606171387355601efa5bda22cd2f6228b279c2b8a90100240",
                            "0x11760f34e0152a5a968c",
                            8395
                        ],
                        [
                            "sstore",
                            "0x244b96a93cbd3c1606171387355601efa5bda22cd2f6228b279c2b8a90100240",
                            "0x0",
                            8475
                        ],
                        [
                            "sload",
                            "0x55b91fb95307b5d559958238471c03242b9eb0f4d0f88762e32505930424070d",
                            "0x28ad35a74f03f8b3f9e9",
                            8543
                        ],
                        [
                            "sstore",
                            "0x55b91fb95307b5d559958238471c03242b9eb0f4d0f88762e32505930424070d",
                            "0x3a2344dc2f19230e9075",
                            8622
                        ]
                    ]
                }
            ],
            [
                "0x5ade7ae8660293f2ebfcefaba91d141d72d221e8",
                "0x70a08231",
                "complete",
                1727,
                1856,
                "staticcall",
                {
                    "0x5ade7ae8660293f2ebfcefaba91d141d72d221e8": [
                        [
                            "sload",
                            "0x55b91fb95307b5d559958238471c03242b9eb0f4d0f88762e32505930424070d",
                            "0x3a2344dc2f19230e9075",
                            4643
                        ]
                    ]
                }
            ],
            [
                "0x5ade7ae8660293f2ebfcefaba91d141d72d221e8",
                "0x70a08231",
                "complete",
                3119,
                3248,
                "staticcall",
                {
                    "0x5ade7ae8660293f2ebfcefaba91d141d72d221e8": [
                        [
                            "sload",
                            "0x55b91fb95307b5d559958238471c03242b9eb0f4d0f88762e32505930424070d",
                            "0x3a2344dc2f19230e9075",
                            4643
                        ]
                    ]
                }
            ]
        ],
        []
    ],
    "0xa189dbc088a70e9b43db29fa992601e2c0e3e34e769fbb610c968df1b2df0376": [],
    "0x19ac79f455ebc200615359c2e9757f548a62a4b64bd1d6ec8466fc6fc455cc6d": [
        [
            [
                "0x5ade7ae8660293f2ebfcefaba91d141d72d221e8",
                "0xa9059cbb",
                "complete",
                2777,
                3139,
                "call",
                {
                    "0x5ade7ae8660293f2ebfcefaba91d141d72d221e8": [
                        [
                            "sload",
                            "0x55b91fb95307b5d559958238471c03242b9eb0f4d0f88762e32505930424070d",
                            "0x3a2344dc2f19230e9075",
                            8395
                        ],
                        [
                            "sstore",
                            "0x55b91fb95307b5d559958238471c03242b9eb0f4d0f88762e32505930424070d",
                            "0x36a36e6492c8eb2bd401",
                            8475
                        ],
                        [
                            "sload",
                            "0x963cda07ff1fa0e391b2ee3a820903b317c932cfb45e2b32d6958bcc3bb43a49",
                            "0x169f8c51738b6c8da49",
                            8543
                        ],
                        [
                            "sstore",
                            "0x963cda07ff1fa0e391b2ee3a820903b317c932cfb45e2b32d6958bcc3bb43a49",
                            "0x4e9cf3cb388eeab96bd",
                            8622
                        ]
                    ]
                }
            ],
            [
                "0x5ade7ae8660293f2ebfcefaba91d141d72d221e8",
                "0x70a08231",
                "complete",
                3274,
                3403,
                "staticcall",
                {
                    "0x5ade7ae8660293f2ebfcefaba91d141d72d221e8": [
                        [
                            "sload",
                            "0x55b91fb95307b5d559958238471c03242b9eb0f4d0f88762e32505930424070d",
                            "0x36a36e6492c8eb2bd401",
                            4643
                        ]
                    ]
                }
            ]
        ],
        []
    ],
    "0x45911e37db1f918dcfe481c16cb819263d77387670249384a50645d2b16aa8f8": [
        [
            [
                "0x5ade7ae8660293f2ebfcefaba91d141d72d221e8",
                "0xa9059cbb",
                "complete",
                2777,
                3139,
                "call",
                {
                    "0x5ade7ae8660293f2ebfcefaba91d141d72d221e8": [
                        [
                            "sload",
                            "0x55b91fb95307b5d559958238471c03242b9eb0f4d0f88762e32505930424070d",
                            "0x36a36e6492c8eb2bd401",
                            8395
                        ],
                        [
                            "sstore",
                            "0x55b91fb95307b5d559958238471c03242b9eb0f4d0f88762e32505930424070d",
                            "0x2f7e39b1da4675f44bfb",
                            8475
                        ],
                        [
                            "sload",
                            "0xc18d14cbe3b0aaa16eb63f68f3b97f0a47e0ab9a4ccc6f2ee34fff804ab70470",
                            "0x0",
                            8543
                        ],
                        [
                            "sstore",
                            "0xc18d14cbe3b0aaa16eb63f68f3b97f0a47e0ab9a4ccc6f2ee34fff804ab70470",
                            "0x72534b2b88275378806",
                            8622
                        ]
                    ]
                }
            ],
            [
                "0x5ade7ae8660293f2ebfcefaba91d141d72d221e8",
                "0x70a08231",
                "complete",
                3274,
                3403,
                "staticcall",
                {
                    "0x5ade7ae8660293f2ebfcefaba91d141d72d221e8": [
                        [
                            "sload",
                            "0x55b91fb95307b5d559958238471c03242b9eb0f4d0f88762e32505930424070d",
                            "0x2f7e39b1da4675f44bfb",
                            4643
                        ]
                    ]
                }
            ]
        ],
        []
    ],
    "0xa7558518e29727e49fb40121ca9239064e6acbaaafdcc004be22383f88d66657": [
        [
            [
                "0x5ade7ae8660293f2ebfcefaba91d141d72d221e8",
                "0x095ea7b3",
                "complete",
                -1,
                221,
                "firstcall",
                {
                    "0x5ade7ae8660293f2ebfcefaba91d141d72d221e8": [
                        [
                            "sstore",
                            "0xed59dcfeeea6954cdda70264637bf00828816901f663bec31cf9935850d73c88",
                            "0xffffffffffffffffffffffffffffffffffffffffffffffffffffffffffffffff",
                            7928
                        ]
                    ]
                }
            ]
        ],
        []
    ],
    "0xce640f55fe076fe490c0ba152be30a98696a44a1384da860fb9ec8080eb78ae6": [
        [
            [
                "0x5ade7ae8660293f2ebfcefaba91d141d72d221e8",
                "0x095ea7b3",
                "complete",
                -1,
                221,
                "firstcall",
                {
                    "0x5ade7ae8660293f2ebfcefaba91d141d72d221e8": [
                        [
                            "sstore",
                            "0xa582c77c9cfaf35a5868dbe7a69752a65df3e696b147d33cca6140179b2c0552",
                            "0xffffffffffffffffffffffffffffffffffffffffffffffffffffffffffffffff",
                            7928
                        ]
                    ]
                }
            ]
        ],
        []
    ],
    "0xc89c2c6b51c9a6ebc01cda90a8677adede828ce5d1bf320901ac932b37640f64": [
        [
            [
                "0x5ade7ae8660293f2ebfcefaba91d141d72d221e8",
                "0xa9059cbb",
                "complete",
                2777,
                3139,
                "call",
                {
                    "0x5ade7ae8660293f2ebfcefaba91d141d72d221e8": [
                        [
                            "sload",
                            "0x55b91fb95307b5d559958238471c03242b9eb0f4d0f88762e32505930424070d",
                            "0x2f7e39b1da4675f44bfb",
                            8395
                        ],
                        [
                            "sstore",
                            "0x55b91fb95307b5d559958238471c03242b9eb0f4d0f88762e32505930424070d",
                            "0x282556dd9d07d6e72fb2",
                            8475
                        ],
                        [
                            "sload",
                            "0x438ab86d9906421d42b39d2d2f8d3d49278b99d05b493708f9e0b5a910f69a16",
                            "0x0",
                            8543
                        ],
                        [
                            "sstore",
                            "0x438ab86d9906421d42b39d2d2f8d3d49278b99d05b493708f9e0b5a910f69a16",
                            "0x758e2d43d3e9f0d1c49",
                            8622
                        ]
                    ]
                }
            ],
            [
                "0x5ade7ae8660293f2ebfcefaba91d141d72d221e8",
                "0x70a08231",
                "complete",
                3274,
                3403,
                "staticcall",
                {
                    "0x5ade7ae8660293f2ebfcefaba91d141d72d221e8": [
                        [
                            "sload",
                            "0x55b91fb95307b5d559958238471c03242b9eb0f4d0f88762e32505930424070d",
                            "0x282556dd9d07d6e72fb2",
                            4643
                        ]
                    ]
                }
            ]
        ],
        []
    ]
}