{
    "0x35acc3792c08ac4201c71252c630a56831e690c2b729a9027d4f26f2a8bd4e98": [],
    "0xf3ab2866d6db875518df1c4c535b6ad8c6f7e46b2b5bdf6ab52097b515b1912f": [
        [
            [
                "0x5ade7ae8660293f2ebfcefaba91d141d72d221e8",
                "0xa9059cbb",
                "complete",
                2777,
                3139,
                "call",
                {
                    "0x5ade7ae8660293f2ebfcefaba91d141d72d221e8": [
                        [
                            "sload",
                            "0x55b91fb95307b5d559958238471c03242b9eb0f4d0f88762e32505930424070d",
                            "0x3dfe6f89396b99d43bea0",
                            8395
                        ],
                        [
                            "sstore",
                            "0x55b91fb95307b5d559958238471c03242b9eb0f4d0f88762e32505930424070d",
                            "0x3d32be9202891c887a066",
                            8475
                        ],
                        [
                            "sload",
                            "0x11777ec52a55039ae23ec6986905f10cda347a37b6126cffd2eb4a826961495a",
                            "0x0",
                            8543
                        ],
                        [
                            "sstore",
                            "0x11777ec52a55039ae23ec6986905f10cda347a37b6126cffd2eb4a826961495a",
                            "0xcbb0f736e27d4bc1e3a",
                            8622
                        ]
                    ]
                }
            ],
            [
                "0x5ade7ae8660293f2ebfcefaba91d141d72d221e8",
                "0x70a08231",
                "complete",
                3274,
                3403,
                "staticcall",
                {
                    "0x5ade7ae8660293f2ebfcefaba91d141d72d221e8": [
                        [
                            "sload",
                            "0x55b91fb95307b5d559958238471c03242b9eb0f4d0f88762e32505930424070d",
                            "0x3d32be9202891c887a066",
                            4643
                        ]
                    ]
                }
            ]
        ],
        []
    ],
    "0xd36ae638b90d866e39dba1261591ff6ca50aad340da83a9dc313ede8f83ffc6e": [
        [
            [
                "0x16f6664c16bede5d70818654defef11769d40983",
                "0x29a00e7c",
                "complete",
                190,
                1294,
                "staticcall",
                {}
            ],
            [
                "0x5ade7ae8660293f2ebfcefaba91d141d72d221e8",
                "0xaad3ec96",
                "complete",
                1461,
                1805,
                "call",
                {
                    "0x5ade7ae8660293f2ebfcefaba91d141d72d221e8": [
                        [
                            "sload",
                            "0x53b537acfe1fd102612c97c02fd418e586d0015f3544c73509abc8022f6aa363",
                            "0x1",
                            5767
                        ],
                        [
                            "sload",
                            "0x27b45dd87eaf04ca934cc2db8d477922525fce54a6a03e85545a16f5c99f7d8e",
                            "0x134e2a681ba81bbcd5b4",
                            9726
                        ],
                        [
                            "sstore",
                            "0x27b45dd87eaf04ca934cc2db8d477922525fce54a6a03e85545a16f5c99f7d8e",
                            "0xad5c2e4f4bd52bcd5b4",
                            9806
                        ],
                        [
                            "sload",
                            "0x2",
                            "0x1167e3c535f3f2de8b938d1",
                            9814
                        ],
                        [
                            "sstore",
                            "0x2",
                            "0x11675c3ebdc18431fb938d1",
                            9833
                        ]
                    ]
                }
            ]
        ],
        []
    ],
    "0xa927e301c99d10cd93a0f78c3a246187e7d45c85d73a6d67fa537bbc3203f829": [],
    "0x886b016de2d96f6b59d064577618f140e2665aaef83c546be281416647143f47": [
        [
            [
                "0x5ade7ae8660293f2ebfcefaba91d141d72d221e8",
                "0x095ea7b3",
                "complete",
                -1,
                221,
                "firstcall",
                {
                    "0x5ade7ae8660293f2ebfcefaba91d141d72d221e8": [
                        [
                            "sstore",
                            "0xdff6499777b014b7159f2b0fdc2e9eac098269a3cb944f1d12ed65f0bddda485",
                            "0xffffffffffffffffffffffffffffffffffffffffffffffffffffffffffffffff",
                            7928
                        ]
                    ]
                }
            ]
        ],
        []
    ],
    "0x2fb0694e822898ff2ebcafdd83e4217f47ca689b5526c807eb82828b0c1a1dfe": [
        [
            [
                "0x5ade7ae8660293f2ebfcefaba91d141d72d221e8",
                "0x095ea7b3",
                "complete",
                -1,
                221,
                "firstcall",
                {
                    "0x5ade7ae8660293f2ebfcefaba91d141d72d221e8": [
                        [
                            "sstore",
                            "0xd6739d13b1eb676a975c72b3d2863594e941a961f9578713cba86018b8cda48c",
                            "0xffffffffffffffffffffffffffffffffffffffffffffffffffffffffffffffff",
                            7928
                        ]
                    ]
                }
            ]
        ],
        []
    ],
    "0x1f275eec0643e52765f9d0b80c3978678585c397570e846b7f13c59179d004e8": [
        [
            [
                "0x5ade7ae8660293f2ebfcefaba91d141d72d221e8",
                "0xd6febde8",
                "complete",
                -1,
                2262,
                "firstcall",
                {
                    "0x5ade7ae8660293f2ebfcefaba91d141d72d221e8": [
                        [
                            "sload",
                            "0x2",
                            "0x11675c3ebdc18431fb938d1",
                            3349
                        ],
                        [
                            "sload",
                            "0x4",
                            "0x19ec6b72d2dabacfda202",
                            3618
                        ],
                        [
                            "sload",
                            "0x5",
                            "0xf3e58",
                            3624
                        ],
                        [
                            "sload",
                            "0x4",
                            "0x19ec6b72d2dabacfda202",
                            10071
                        ],
                        [
                            "sstore",
                            "0x4",
                            "0x19ecc22f48bd9100da202",
                            10090
                        ],
                        [
                            "sload",
                            "0x2",
                            "0x11675c3ebdc18431fb938d1",
                            9227
                        ],
                        [
                            "sstore",
                            "0x2",
                            "0x1167966acc5c49b74b529b9",
                            9246
                        ],
                        [
                            "sload",
                            "0xe1138366c3a38ff4225057a8902e086963d1a5b0e3468d38ff9feaff4ae1aa99",
                            "0xafad34e3152c7d0a417",
                            9314
                        ],
                        [
                            "sstore",
                            "0xe1138366c3a38ff4225057a8902e086963d1a5b0e3468d38ff9feaff4ae1aa99",
                            "0xe9d9437ddab1ccc94ff",
                            9393
                        ]
                    ],
                    "0x6b175474e89094c44da98b954eedeac495271d0f": [
                        [
                            "sload",
                            "0xdbfc1dbc7f3ee5e6222860e578c8daa0d8523b85a4e7c67a9577e7bcee61bd81",
                            "0x24f7e9e6f2e258b48d",
                            2664
                        ],
                        [
                            "sload",
                            "0x25298eb40390281e23e67238c5d10fc48d38d657de755c8a7baf04d0b751e4c2",
                            "0x925e06eec972b00000",
                            2993
                        ],
                        [
                            "sload",
                            "0x25298eb40390281e23e67238c5d10fc48d38d657de755c8a7baf04d0b751e4c2",
                            "0x925e06eec972b00000",
                            3127
                        ],
                        [
                            "sload",
                            "0x25298eb40390281e23e67238c5d10fc48d38d657de755c8a7baf04d0b751e4c2",
                            "0x925e06eec972b00000",
                            3371
                        ],
                        [
                            "sstore",
                            "0x25298eb40390281e23e67238c5d10fc48d38d657de755c8a7baf04d0b751e4c2",
                            "0x8cf23f909c0fa00000",
                            3504
                        ],
                        [
                            "sload",
                            "0xdbfc1dbc7f3ee5e6222860e578c8daa0d8523b85a4e7c67a9577e7bcee61bd81",
                            "0x24f7e9e6f2e258b48d",
                            3573
                        ],
                        [
                            "sstore",
                            "0xdbfc1dbc7f3ee5e6222860e578c8daa0d8523b85a4e7c67a9577e7bcee61bd81",
                            "0x1f8c2288c57f48b48d",
                            3645
                        ],
                        [
                            "sload",
                            "0x15faa59cd19891e9621a3bba273a9f040887cde9f44ce391e7a85ff4c6110dc6",
                            "0x1a07ac179ec7a39be549f",
                            3713
                        ],
                        [
                            "sstore",
                            "0x15faa59cd19891e9621a3bba273a9f040887cde9f44ce391e7a85ff4c6110dc6",
                            "0x1a0802d414aa79cce549f",
                            3785
                        ]
                    ]
                }
            ],
            [
                "0x16f6664c16bede5d70818654defef11769d40983",
                "0x29a00e7c",
                "complete",
                201,
                1305,
                "staticcall",
                {}
            ]
        ],
        [
            [
                "0x6b175474e89094c44da98b954eedeac495271d0f",
                "0x900fdded067b7db72769734747e0acef9b210c55",
                "0x5ade7ae8660293f2ebfcefaba91d141d72d221e8",
                100000000000000000000
            ]
        ]
    ],
    "0x5f03416e0c266da191d59ef64281c726348c9b8aaea8c41116d716630faa2f5a": [
        [],
        []
    ]
}