{
    "0x25b2abb363fcb60a8a2f397fb30dbeda2254740241111a51c4efd921f68f4863": [
        [
            [
                "0x5ade7ae8660293f2ebfcefaba91d141d72d221e8",
                "0x90f0c2ea",
                "complete",
                2703,
                4174,
                "staticcall",
                {
                    "0x5ade7ae8660293f2ebfcefaba91d141d72d221e8": [
                        [
                            "sload",
                            "0x2",
                            "0x3a7a1bd0d1ac43790b1ffb0",
                            3349
                        ],
                        [
                            "sload",
                            "0x4",
                            "0xadcb501077f7e6365a182",
                            4775
                        ],
                        [
                            "sload",
                            "0x5",
                            "0xf3e58",
                            4781
                        ]
                    ]
                }
            ],
            [
                "0x16f6664c16bede5d70818654defef11769d40983",
                "0x49f9b0f7",
                "complete",
                2873,
                4113,
                "staticcall",
                {}
            ],
            [
                "0x5ade7ae8660293f2ebfcefaba91d141d72d221e8",
                "0xa9059cbb",
                "complete",
                11273,
                11635,
                "call",
                {
                    "0x5ade7ae8660293f2ebfcefaba91d141d72d221e8": [
                        [
                            "sload",
                            "0x55b91fb95307b5d559958238471c03242b9eb0f4d0f88762e32505930424070d",
                            "0x115845c6220063795d357a",
                            8395
                        ],
                        [
                            "sstore",
                            "0x55b91fb95307b5d559958238471c03242b9eb0f4d0f88762e32505930424070d",
                            "0x10b47afbfd271c820919b5",
                            8475
                        ],
                        [
                            "sload",
                            "0xe9d49fdd3f5bf21ba6fea227e0da2ae642a65ad61f8b0bf6602a23505683686d",
                            "0x0",
                            8543
                        ],
                        [
                            "sstore",
                            "0xe9d49fdd3f5bf21ba6fea227e0da2ae642a65ad61f8b0bf6602a23505683686d",
                            "0xa3caca24d946f7541bc5",
                            8622
                        ]
                    ]
                }
            ],
            [
                "0x5ade7ae8660293f2ebfcefaba91d141d72d221e8",
                "0x70a08231",
                "complete",
                11770,
                11899,
                "staticcall",
                {
                    "0x5ade7ae8660293f2ebfcefaba91d141d72d221e8": [
                        [
                            "sload",
                            "0x55b91fb95307b5d559958238471c03242b9eb0f4d0f88762e32505930424070d",
                            "0x10b47afbfd271c820919b5",
                            4643
                        ]
                    ]
                }
            ],
            [
                "0x5ade7ae8660293f2ebfcefaba91d141d72d221e8",
                "0x70a08231",
                "complete",
                13089,
                13218,
                "staticcall",
                {
                    "0x5ade7ae8660293f2ebfcefaba91d141d72d221e8": [
                        [
                            "sload",
                            "0xe9d49fdd3f5bf21ba6fea227e0da2ae642a65ad61f8b0bf6602a23505683686d",
                            "0xa3caca24d946f7541bc5",
                            4643
                        ]
                    ]
                }
            ],
            [
                "0x5ade7ae8660293f2ebfcefaba91d141d72d221e8",
                "0xd79875eb",
                "complete",
                13301,
                15579,
                "call",
                {
                    "0x5ade7ae8660293f2ebfcefaba91d141d72d221e8": [
                        [
                            "sload",
                            "0x2",
                            "0x3a7a1bd0d1ac43790b1ffb0",
                            3349
                        ],
                        [
                            "sload",
                            "0x4",
                            "0xadcb501077f7e6365a182",
                            4775
                        ],
                        [
                            "sload",
                            "0x5",
                            "0xf3e58",
                            4781
                        ],
                        [
                            "sload",
                            "0x4",
                            "0xadcb501077f7e6365a182",
                            10121
                        ],
                        [
                            "sstore",
                            "0x4",
                            "0xadacdb99a22d53ecfc895",
                            10140
                        ],
                        [
                            "sload",
                            "0xe9d49fdd3f5bf21ba6fea227e0da2ae642a65ad61f8b0bf6602a23505683686d",
                            "0xa3caca24d946f7541bc5",
                            9726
                        ],
                        [
                            "sstore",
                            "0xe9d49fdd3f5bf21ba6fea227e0da2ae642a65ad61f8b0bf6602a23505683686d",
                            "0x0",
                            9806
                        ],
                        [
                            "sload",
                            "0x2",
                            "0x3a7a1bd0d1ac43790b1ffb0",
                            9814
                        ],
                        [
                            "sstore",
                            "0x2",
                            "0x3a6fdf242f5eaf0995de3eb",
                            9833
                        ]
                    ],
                    "0x6b175474e89094c44da98b954eedeac495271d0f": [
                        [
                            "sload",
                            "0x15faa59cd19891e9621a3bba273a9f040887cde9f44ce391e7a85ff4c6110dc6",
                            "0xae384725a7b422fc7ad8f",
                            2664
                        ],
                        [
                            "sload",
                            "0x15faa59cd19891e9621a3bba273a9f040887cde9f44ce391e7a85ff4c6110dc6",
                            "0xae384725a7b422fc7ad8f",
                            3573
                        ],
                        [
                            "sstore",
                            "0x15faa59cd19891e9621a3bba273a9f040887cde9f44ce391e7a85ff4c6110dc6",
                            "0xae19d2aed1e990b31d4a2",
                            3645
                        ],
                        [
                            "sload",
                            "0x6a81d252de4269dabab176c32da912fcfcce4c95ee12173ca3ae05c9ee623448",
                            "0x0",
                            3713
                        ],
                        [
                            "sstore",
                            "0x6a81d252de4269dabab176c32da912fcfcce4c95ee12173ca3ae05c9ee623448",
                            "0x1e7476d5ca92495d8ed",
                            3785
                        ]
                    ]
                }
            ],
            [
                "0x16f6664c16bede5d70818654defef11769d40983",
                "0x49f9b0f7",
                "complete",
                13492,
                14732,
                "staticcall",
                {}
            ]
        ],
        [
            [
                "0x6b175474e89094c44da98b954eedeac495271d0f",
                "0x5ade7ae8660293f2ebfcefaba91d141d72d221e8",
                "0x196c3a943748504d695413167fc3eb77c0832ade",
                8988711235727239010541
            ]
        ]
    ],
    "0x056bb48be5263124f722a38bcbc96bffedef4424040e67e637b375318196e42d": [
        [
            [
                "0x5ade7ae8660293f2ebfcefaba91d141d72d221e8",
                "0xd6febde8",
                "complete",
                -1,
                2262,
                "firstcall",
                {
                    "0x5ade7ae8660293f2ebfcefaba91d141d72d221e8": [
                        [
                            "sload",
                            "0x2",
                            "0x3a76a659246c1dcd416d335",
                            3349
                        ],
                        [
                            "sload",
                            "0x4",
                            "0xadbcda2a18453ac35a182",
                            3618
                        ],
                        [
                            "sload",
                            "0x5",
                            "0xf3e58",
                            3624
                        ],
                        [
                            "sload",
                            "0x4",
                            "0xadbcda2a18453ac35a182",
                            10071
                        ],
                        [
                            "sstore",
                            "0x4",
                            "0xadbcdb0823b075399a182",
                            10090
                        ],
                        [
                            "sload",
                            "0x2",
                            "0x3a76a659246c1dcd416d335",
                            9227
                        ],
                        [
                            "sstore",
                            "0x2",
                            "0x3a76a6a3c958a80021e6a1b",
                            9246
                        ],
                        [
                            "sload",
                            "0xfcdd81ad001a8d11b27a5efdd6763cd546d2b9e2eedc3133709b0d6617262786",
                            "0x0",
                            9314
                        ],
                        [
                            "sstore",
                            "0xfcdd81ad001a8d11b27a5efdd6763cd546d2b9e2eedc3133709b0d6617262786",
                            "0x4aa4ec8a32e0796e6",
                            9393
                        ]
                    ],
                    "0x6b175474e89094c44da98b954eedeac495271d0f": [
                        [
                            "sload",
                            "0xdfe85d0194d98ea8ee052281dc0996bc4a6ad0730fe4255ffcebaa23b1d3c137",
                            "0x25f012fb262c3439b58",
                            2664
                        ],
                        [
                            "sload",
                            "0x79dca8bcf86ac45acc14a33789ada92f98e199ac522034917ef90cf884f39713",
                            "0x1bc16d674ec80000",
                            2993
                        ],
                        [
                            "sload",
                            "0x79dca8bcf86ac45acc14a33789ada92f98e199ac522034917ef90cf884f39713",
                            "0x1bc16d674ec80000",
                            3127
                        ],
                        [
                            "sload",
                            "0x79dca8bcf86ac45acc14a33789ada92f98e199ac522034917ef90cf884f39713",
                            "0x1bc16d674ec80000",
                            3371
                        ],
                        [
                            "sstore",
                            "0x79dca8bcf86ac45acc14a33789ada92f98e199ac522034917ef90cf884f39713",
                            "0xde0b6b3a7640000",
                            3504
                        ],
                        [
                            "sload",
                            "0xdfe85d0194d98ea8ee052281dc0996bc4a6ad0730fe4255ffcebaa23b1d3c137",
                            "0x25f012fb262c3439b58",
                            3573
                        ],
                        [
                            "sstore",
                            "0xdfe85d0194d98ea8ee052281dc0996bc4a6ad0730fe4255ffcebaa23b1d3c137",
                            "0x25ef34efbaf1bdf9b58",
                            3645
                        ],
                        [
                            "sload",
                            "0x15faa59cd19891e9621a3bba273a9f040887cde9f44ce391e7a85ff4c6110dc6",
                            "0xae29d13f480177897ad8f",
                            3713
                        ],
                        [
                            "sstore",
                            "0x15faa59cd19891e9621a3bba273a9f040887cde9f44ce391e7a85ff4c6110dc6",
                            "0xae29d21d536cb1ffbad8f",
                            3785
                        ]
                    ]
                }
            ],
            [
                "0x16f6664c16bede5d70818654defef11769d40983",
                "0x29a00e7c",
                "complete",
                201,
                1305,
                "staticcall",
                {}
            ]
        ],
        [
            [
                "0x6b175474e89094c44da98b954eedeac495271d0f",
                "0x2804c3000a40452235311bf3082364dcd6b7af88",
                "0x5ade7ae8660293f2ebfcefaba91d141d72d221e8",
                1000000000000000000
            ]
        ]
    ],
    "0x788a9e72761df98c643c6e726f909c368f8bc02c726505b75c4884ab7065e472": [
        [
            [
                "0x5ade7ae8660293f2ebfcefaba91d141d72d221e8",
                "0x70a08231",
                "complete",
                1832,
                1961,
                "staticcall",
                {
                    "0x5ade7ae8660293f2ebfcefaba91d141d72d221e8": [
                        [
                            "sload",
                            "0xcde56148ce99607200ab4f127732164fc64d4cead028f42a5308c37ec983fb87",
                            "0x9b7ab31505fe9bb96006",
                            4643
                        ]
                    ]
                }
            ],
            [
                "0x5ade7ae8660293f2ebfcefaba91d141d72d221e8",
                "0xdd62ed3e",
                "complete",
                2071,
                2223,
                "staticcall",
                {
                    "0x5ade7ae8660293f2ebfcefaba91d141d72d221e8": [
                        [
                            "sload",
                            "0xd4b674e72c4a1fe8610195b41da1d545cac27ddbf562cc18b76e995acf5105c6",
                            "0xfffffffffffffffffffffffffffffffffffffffffff8c9ec39bf082aa4a5ed37",
                            7494
                        ]
                    ]
                }
            ],
            [
                "0x5ade7ae8660293f2ebfcefaba91d141d72d221e8",
                "0x23b872dd",
                "complete",
                11649,
                12210,
                "call",
                {
                    "0x5ade7ae8660293f2ebfcefaba91d141d72d221e8": [
                        [
                            "sload",
                            "0xcde56148ce99607200ab4f127732164fc64d4cead028f42a5308c37ec983fb87",
                            "0x9b7ab31505fe9bb96006",
                            8395
                        ],
                        [
                            "sstore",
                            "0xcde56148ce99607200ab4f127732164fc64d4cead028f42a5308c37ec983fb87",
                            "0x373506c097e2e8c4ea5a",
                            8475
                        ],
                        [
                            "sload",
                            "0xb056996798399186abef17e6348d35aa3ed630d530b6cdd10aaaa13419995439",
                            "0x4f75e8f772f28878d4c",
                            8543
                        ],
                        [
                            "sstore",
                            "0xb056996798399186abef17e6348d35aa3ed630d530b6cdd10aaaa13419995439",
                            "0x693d0ae3e54adb7c02f8",
                            8622
                        ],
                        [
                            "sload",
                            "0xd4b674e72c4a1fe8610195b41da1d545cac27ddbf562cc18b76e995acf5105c6",
                            "0xfffffffffffffffffffffffffffffffffffffffffff8c9ec39bf082aa4a5ed37",
                            3526
                        ],
                        [
                            "sstore",
                            "0xd4b674e72c4a1fe8610195b41da1d545cac27ddbf562cc18b76e995acf5105c6",
                            "0xfffffffffffffffffffffffffffffffffffffffffff865a68d6a9a0ef1b1778b",
                            7928
                        ]
                    ]
                }
            ],
            [
                "0x5ade7ae8660293f2ebfcefaba91d141d72d221e8",
                "0x70a08231",
                "complete",
                14573,
                14702,
                "call",
                {
                    "0x5ade7ae8660293f2ebfcefaba91d141d72d221e8": [
                        [
                            "sload",
                            "0xb056996798399186abef17e6348d35aa3ed630d530b6cdd10aaaa13419995439",
                            "0x693d0ae3e54adb7c02f8",
                            4643
                        ]
                    ]
                }
            ],
            [
                "0x5ade7ae8660293f2ebfcefaba91d141d72d221e8",
                "0xa9059cbb",
                "complete",
                14855,
                15217,
                "call",
                {
                    "0x5ade7ae8660293f2ebfcefaba91d141d72d221e8": [
                        [
                            "sload",
                            "0xb056996798399186abef17e6348d35aa3ed630d530b6cdd10aaaa13419995439",
                            "0x693d0ae3e54adb7c02f8",
                            8395
                        ],
                        [
                            "sstore",
                            "0xb056996798399186abef17e6348d35aa3ed630d530b6cdd10aaaa13419995439",
                            "0x4f75e8f772f2b7c02f8",
                            8475
                        ],
                        [
                            "sload",
                            "0x55b91fb95307b5d559958238471c03242b9eb0f4d0f88762e32505930424070d",
                            "0x10ae651bfc9f2749cc490f",
                            8543
                        ],
                        [
                            "sstore",
                            "0x55b91fb95307b5d559958238471c03242b9eb0f4d0f88762e32505930424070d",
                            "0x1112aac8510d42f9cc490f",
                            8622
                        ]
                    ]
                }
            ],
            [
                "0x5ade7ae8660293f2ebfcefaba91d141d72d221e8",
                "0x70a08231",
                "complete",
                16170,
                16299,
                "staticcall",
                {
                    "0x5ade7ae8660293f2ebfcefaba91d141d72d221e8": [
                        [
                            "sload",
                            "0x55b91fb95307b5d559958238471c03242b9eb0f4d0f88762e32505930424070d",
                            "0x1112aac8510d42f9cc490f",
                            4643
                        ]
                    ]
                }
            ]
        ],
        []
    ],
    "0x8402d86af61a59aa4e00d308be63f99f95618e1620bf1fd83b001b1f8712556e": [],
    "0x23ea5a5cc720e2fe5dc43dd5f5e8601a659dc9ad4f18eb53d6b9d80f7cca729e": [],
    "0xac2565c473335dbc3577668a3cdeaf431637d9970edae0756a872908ca556a87": [
        [],
        []
    ],
    "0x0d4345b8d12d170620cd64015fd15b82c43112c29aed6dd86a6869eadcfb5818": [
        [
            [
                "0x5ade7ae8660293f2ebfcefaba91d141d72d221e8",
                "0x23b872dd",
                "complete",
                1511,
                2072,
                "call",
                {
                    "0x5ade7ae8660293f2ebfcefaba91d141d72d221e8": [
                        [
                            "sload",
                            "0x6f51bc6014b55a7521d346df99f35921aa1faf702aa5c46fde57c594ee7a41e7",
                            "0x184e0b669746bad8d14f7",
                            8395
                        ],
                        [
                            "sstore",
                            "0x6f51bc6014b55a7521d346df99f35921aa1faf702aa5c46fde57c594ee7a41e7",
                            "0x17d2a320dd74555000000",
                            8475
                        ],
                        [
                            "sload",
                            "0x55b91fb95307b5d559958238471c03242b9eb0f4d0f88762e32505930424070d",
                            "0x1112aac8510d42f9cc490f",
                            8543
                        ],
                        [
                            "sstore",
                            "0x55b91fb95307b5d559958238471c03242b9eb0f4d0f88762e32505930424070d",
                            "0x111a614cacaa6952595e06",
                            8622
                        ],
                        [
                            "sload",
                            "0x6857e15adbb9f8e7fb83dbb7be4e651d7d2646ad9fbd5d1f0e156ab09bde2590",
                            "0xffffffffffffffffffffffffffffffffffffffffffffffffffffffffffffffff",
                            3526
                        ],
                        [
                            "sstore",
                            "0x6857e15adbb9f8e7fb83dbb7be4e651d7d2646ad9fbd5d1f0e156ab09bde2590",
                            "0xfffffffffffffffffffffffffffffffffffffffffffff8497ba462d9a772eb08",
                            7928
                        ]
                    ]
                }
            ],
            [
                "0x5ade7ae8660293f2ebfcefaba91d141d72d221e8",
                "0x70a08231",
                "complete",
                3518,
                3647,
                "staticcall",
                {
                    "0x5ade7ae8660293f2ebfcefaba91d141d72d221e8": [
                        [
                            "sload",
                            "0x55b91fb95307b5d559958238471c03242b9eb0f4d0f88762e32505930424070d",
                            "0x111a614cacaa6952595e06",
                            4643
                        ]
                    ]
                }
            ]
        ],
        []
    ],
    "0xaff8647589901fae1b44cedd98d70e453b4c5100f9e0003e40c2dfaca29f1e1c": [],
    "0x367fd65630cc24893abc366f84e1034e671d0cd5c966865dd64813e67e2a00d9": [
        [
            [
                "0x5ade7ae8660293f2ebfcefaba91d141d72d221e8",
                "0xa9059cbb",
                "complete",
                6191,
                6553,
                "call",
                {
                    "0x5ade7ae8660293f2ebfcefaba91d141d72d221e8": [
                        [
                            "sload",
                            "0x55b91fb95307b5d559958238471c03242b9eb0f4d0f88762e32505930424070d",
                            "0x111a614cacaa6952595e06",
                            8395
                        ],
                        [
                            "sstore",
                            "0x55b91fb95307b5d559958238471c03242b9eb0f4d0f88762e32505930424070d",
                            "0x10e34053ac09e8c430998e",
                            8475
                        ],
                        [
                            "sload",
                            "0xe2219a2c2ce6ba10657d82a527f4709e863c18da0cf80fbb998a84608583de6c",
                            "0x0",
                            8543
                        ],
                        [
                            "sstore",
                            "0xe2219a2c2ce6ba10657d82a527f4709e863c18da0cf80fbb998a84608583de6c",
                            "0x3720f900a0808e28c478",
                            8622
                        ]
                    ]
                }
            ],
            [
                "0x5ade7ae8660293f2ebfcefaba91d141d72d221e8",
                "0x70a08231",
                "complete",
                6688,
                6817,
                "staticcall",
                {
                    "0x5ade7ae8660293f2ebfcefaba91d141d72d221e8": [
                        [
                            "sload",
                            "0x55b91fb95307b5d559958238471c03242b9eb0f4d0f88762e32505930424070d",
                            "0x10e34053ac09e8c430998e",
                            4643
                        ]
                    ]
                }
            ]
        ],
        []
    ],
    "0xd8a7a08f4edb4a749ead4a46e5b6347f4744119ace1e0c3858bd6d5d2539389b": [
        [
            [
                "0x5ade7ae8660293f2ebfcefaba91d141d72d221e8",
                "0x23b872dd",
                "complete",
                2215,
                2776,
                "call",
                {
                    "0x5ade7ae8660293f2ebfcefaba91d141d72d221e8": [
                        [
                            "sload",
                            "0xbed731f95e9f9249c4005ae8c6db8cf239ca8ba7eb92a268317cc00035e433f6",
                            "0x21fdc4afd8bd1145fdc31",
                            8395
                        ],
                        [
                            "sstore",
                            "0xbed731f95e9f9249c4005ae8c6db8cf239ca8ba7eb92a268317cc00035e433f6",
                            "0x1b5fb3d16255a43dfdc31",
                            8475
                        ],
                        [
                            "sload",
                            "0x55b91fb95307b5d559958238471c03242b9eb0f4d0f88762e32505930424070d",
                            "0x10e34053ac09e8c430998e",
                            8543
                        ],
                        [
                            "sstore",
                            "0x55b91fb95307b5d559958238471c03242b9eb0f4d0f88762e32505930424070d",
                            "0x114d216193705f94b0998e",
                            8622
                        ],
                        [
                            "sload",
                            "0x9c50f14ce24fd39348dac7d55c885a2bac8da752eba50cf1ae8c4f5418474794",
                            "0xfffffffffffffffffffffffffffffffffffffffffffe587bc8626624bdffffff",
                            3526
                        ],
                        [
                            "sstore",
                            "0x9c50f14ce24fd39348dac7d55c885a2bac8da752eba50cf1ae8c4f5418474794",
                            "0xfffffffffffffffffffffffffffffffffffffffffffdee9aba7affaded7fffff",
                            7928
                        ]
                    ]
                }
            ],
            [
                "0x5ade7ae8660293f2ebfcefaba91d141d72d221e8",
                "0x70a08231",
                "complete",
                4409,
                4538,
                "staticcall",
                {
                    "0x5ade7ae8660293f2ebfcefaba91d141d72d221e8": [
                        [
                            "sload",
                            "0x55b91fb95307b5d559958238471c03242b9eb0f4d0f88762e32505930424070d",
                            "0x114d216193705f94b0998e",
                            4643
                        ]
                    ]
                }
            ]
        ],
        []
    ],
    "0x01e2aab905bd1616e13bb7efd45838ac99c599f457f7306ab38b37d262ff360a": [],
    "0xca0acf57442cd25b4925416f2f46c8749d81a960b8ba21e48596ba8285c8ea95": [
        [
            [
                "0x5ade7ae8660293f2ebfcefaba91d141d72d221e8",
                "0x23b872dd",
                "complete",
                2241,
                2802,
                "call",
                {
                    "0x5ade7ae8660293f2ebfcefaba91d141d72d221e8": [
                        [
                            "sload",
                            "0x6442de4c4b6854289265c841bcbd6e9debf1f4f8a657e02402003ff6023f5e79",
                            "0x8051b9627f2c88f0104",
                            8395
                        ],
                        [
                            "sstore",
                            "0x6442de4c4b6854289265c841bcbd6e9debf1f4f8a657e02402003ff6023f5e79",
                            "0x0",
                            8475
                        ],
                        [
                            "sload",
                            "0x310cefba57cc5c94c41a0bbc7d3eaee4c0438325df6daf66ef97f62996b7f534",
                            "0x46cf615b1896f61b87f5",
                            8543
                        ],
                        [
                            "sstore",
                            "0x310cefba57cc5c94c41a0bbc7d3eaee4c0438325df6daf66ef97f62996b7f534",
                            "0x4ed47cf14089beaa88f9",
                            8622
                        ],
                        [
                            "sload",
                            "0x30586bcd8e6b028871894ec6cd61ea1a6d4c989cf8ca9b27aebe233a02b4a3c4",
                            "0xffffffffffffffffffffffffffffffffffffffffffffffffffffffffffffffff",
                            3526
                        ],
                        [
                            "sstore",
                            "0x30586bcd8e6b028871894ec6cd61ea1a6d4c989cf8ca9b27aebe233a02b4a3c4",
                            "0xfffffffffffffffffffffffffffffffffffffffffffff7fae469d80d3770fefb",
                            7928
                        ]
                    ]
                }
            ],
            [
                "0x5ade7ae8660293f2ebfcefaba91d141d72d221e8",
                "0x70a08231",
                "complete",
                4485,
                4614,
                "staticcall",
                {
                    "0x5ade7ae8660293f2ebfcefaba91d141d72d221e8": [
                        [
                            "sload",
                            "0x310cefba57cc5c94c41a0bbc7d3eaee4c0438325df6daf66ef97f62996b7f534",
                            "0x4ed47cf14089beaa88f9",
                            4643
                        ]
                    ]
                }
            ]
        ],
        []
    ],
    "0x8fa80af004ff81e0f28b4e31b3780d449deb2ae399dc9981a68f8dadad660b2f": [
        [
            [
                "0x5ade7ae8660293f2ebfcefaba91d141d72d221e8",
                "0xa9059cbb",
                "complete",
                4480,
                4842,
                "call",
                {
                    "0x5ade7ae8660293f2ebfcefaba91d141d72d221e8": [
                        [
                            "sload",
                            "0x310cefba57cc5c94c41a0bbc7d3eaee4c0438325df6daf66ef97f62996b7f534",
                            "0x4ed47cf14089beaa88f9",
                            8395
                        ],
                        [
                            "sstore",
                            "0x310cefba57cc5c94c41a0bbc7d3eaee4c0438325df6daf66ef97f62996b7f534",
                            "0x43b01862b085d9fded0d",
                            8475
                        ],
                        [
                            "sload",
                            "0x55b91fb95307b5d559958238471c03242b9eb0f4d0f88762e32505930424070d",
                            "0x114d216193705f94b0998e",
                            8543
                        ],
                        [
                            "sstore",
                            "0x55b91fb95307b5d559958238471c03242b9eb0f4d0f88762e32505930424070d",
                            "0x115845c6220063795d357a",
                            8622
                        ]
                    ]
                }
            ],
            [
                "0x5ade7ae8660293f2ebfcefaba91d141d72d221e8",
                "0x70a08231",
                "complete",
                4977,
                5106,
                "staticcall",
                {
                    "0x5ade7ae8660293f2ebfcefaba91d141d72d221e8": [
                        [
                            "sload",
                            "0x310cefba57cc5c94c41a0bbc7d3eaee4c0438325df6daf66ef97f62996b7f534",
                            "0x43b01862b085d9fded0d",
                            4643
                        ]
                    ]
                }
            ],
            [
                "0x5ade7ae8660293f2ebfcefaba91d141d72d221e8",
                "0x70a08231",
                "complete",
                6920,
                7049,
                "staticcall",
                {
                    "0x5ade7ae8660293f2ebfcefaba91d141d72d221e8": [
                        [
                            "sload",
                            "0x55b91fb95307b5d559958238471c03242b9eb0f4d0f88762e32505930424070d",
                            "0x115845c6220063795d357a",
                            4643
                        ]
                    ]
                }
            ]
        ],
        []
    ],
    "0xcb3fc5ac6897d9cfe73d37d9714f52d6a1d92a9df7f4b6158d45e215da9ac2f1": [],
    "0x48735a98cfb21188ba78212185c473ed1921658248b1365552d2e281293a2cd0": [
        [
            [
                "0x16f6664c16bede5d70818654defef11769d40983",
                "0x29a00e7c",
                "complete",
                190,
                1294,
                "staticcall",
                {}
            ],
            [
                "0x5ade7ae8660293f2ebfcefaba91d141d72d221e8",
                "0xaad3ec96",
                "complete",
                1461,
                1805,
                "call",
                {
                    "0x5ade7ae8660293f2ebfcefaba91d141d72d221e8": [
                        [
                            "sload",
                            "0x53b537acfe1fd102612c97c02fd418e586d0015f3544c73509abc8022f6aa363",
                            "0x1",
                            5767
                        ],
                        [
                            "sload",
                            "0xfb2e7cad3971686fff2649cb709e0be6775e9faccf2c37ec162708c634c0984d",
                            "0x49491a7b45a1a43a6456",
                            9726
                        ],
                        [
                            "sstore",
                            "0xfb2e7cad3971686fff2649cb709e0be6775e9faccf2c37ec162708c634c0984d",
                            "0x492dff966ebeb4ea6456",
                            9806
                        ],
                        [
                            "sload",
                            "0x2",
                            "0x3a76a6a3c958a80021e6a1b",
                            9814
                        ],
                        [
                            "sstore",
                            "0x2",
                            "0x3a76a4f21b0b39d12ce6a1b",
                            9833
                        ]
                    ]
                }
            ]
        ],
        []
    ],
    "0x6b7787733f2ab2f4ad4359ae3dcd6faa3aa6b9db61ebd565964d5f1ec6b8459c": [
        [
            [
                "0xd77c2ab1cd0faa4b79e16a0e7472cb222a9ee175",
                "0xd6febde8",
                "complete",
                -1,
                2040,
                "firstcall",
                {
                    "0xd77c2ab1cd0faa4b79e16a0e7472cb222a9ee175": [
                        [
                            "sload",
                            "0x2",
                            "0x4941f2e2f769d2b515e9",
                            3349
                        ],
                        [
                            "sload",
                            "0x4",
                            "0x62ff6b54001678a65bbd27",
                            3618
                        ],
                        [
                            "sload",
                            "0x5",
                            "0x7a120",
                            3624
                        ],
                        [
                            "sload",
                            "0x4",
                            "0x62ff6b54001678a65bbd27",
                            9947
                        ],
                        [
                            "sstore",
                            "0x4",
                            "0x63149856c7f7c39cdbbd27",
                            9966
                        ],
                        [
                            "sload",
                            "0x2",
                            "0x4941f2e2f769d2b515e9",
                            9103
                        ],
                        [
                            "sstore",
                            "0x2",
                            "0x4949c838eecc61f9c1e4",
                            9122
                        ],
                        [
                            "sload",
                            "0x58971797c68eacf92403bc6e69fa0f246164bf02729635cf3dfadf97e9e3291",
                            "0x0",
                            9190
                        ],
                        [
                            "sstore",
                            "0x58971797c68eacf92403bc6e69fa0f246164bf02729635cf3dfadf97e9e3291",
                            "0x7d555f7628f44abfb",
                            9269
                        ]
                    ],
                    "0x5ade7ae8660293f2ebfcefaba91d141d72d221e8": [
                        [
                            "sload",
                            "0xbb7f75af9ee4c243e190d2ab367265101aa816d4e4743015a851608dd6e1fcfa",
                            "0x1",
                            5767
                        ],
                        [
                            "sload",
                            "0x58971797c68eacf92403bc6e69fa0f246164bf02729635cf3dfadf97e9e3291",
                            "0x4c756cc43d34b48dcb63",
                            9726
                        ],
                        [
                            "sstore",
                            "0x58971797c68eacf92403bc6e69fa0f246164bf02729635cf3dfadf97e9e3291",
                            "0x374869fc5be9be0dcb63",
                            9806
                        ],
                        [
                            "sload",
                            "0x2",
                            "0x3a76a4f21b0b39d12ce6a1b",
                            9814
                        ],
                        [
                            "sstore",
                            "0x2",
                            "0x3a755221ee8d2521c4e6a1b",
                            9833
                        ]
                    ]
                }
            ],
            [
                "0x16f6664c16bede5d70818654defef11769d40983",
                "0x29a00e7c",
                "complete",
                190,
                1294,
                "staticcall",
                {}
            ],
            [
                "0x5ade7ae8660293f2ebfcefaba91d141d72d221e8",
                "0xaad3ec96",
                "complete",
                1461,
                1805,
                "call",
                {
                    "0x5ade7ae8660293f2ebfcefaba91d141d72d221e8": [
                        [
                            "sload",
                            "0xbb7f75af9ee4c243e190d2ab367265101aa816d4e4743015a851608dd6e1fcfa",
                            "0x1",
                            5767
                        ],
                        [
                            "sload",
                            "0x58971797c68eacf92403bc6e69fa0f246164bf02729635cf3dfadf97e9e3291",
                            "0x4c756cc43d34b48dcb63",
                            9726
                        ],
                        [
                            "sstore",
                            "0x58971797c68eacf92403bc6e69fa0f246164bf02729635cf3dfadf97e9e3291",
                            "0x374869fc5be9be0dcb63",
                            9806
                        ],
                        [
                            "sload",
                            "0x2",
                            "0x3a76a4f21b0b39d12ce6a1b",
                            9814
                        ],
                        [
                            "sstore",
                            "0x2",
                            "0x3a755221ee8d2521c4e6a1b",
                            9833
                        ]
                    ]
                }
            ]
        ],
        []
    ],
    "0x3fb2f54c69fea0a3354e9aa643eea023f8e3b315fcda9206106b61a098238a52": [
        [
            [
                "0x5ade7ae8660293f2ebfcefaba91d141d72d221e8",
                "0xd6febde8",
                "complete",
                -1,
                2262,
                "firstcall",
                {
                    "0x5ade7ae8660293f2ebfcefaba91d141d72d221e8": [
                        [
                            "sload",
                            "0x2",
                            "0x3a755221ee8d2521c4e6a1b",
                            3349
                        ],
                        [
                            "sload",
                            "0x4",
                            "0xadbcdb0823b075399a182",
                            3618
                        ],
                        [
                            "sload",
                            "0x5",
                            "0xf3e58",
                            3624
                        ],
                        [
                            "sload",
                            "0x4",
                            "0xadbcdb0823b075399a182",
                            10071
                        ],
                        [
                            "sstore",
                            "0x4",
                            "0xadcb501077f7e6365a182",
                            10090
                        ],
                        [
                            "sload",
                            "0x2",
                            "0x3a755221ee8d2521c4e6a1b",
                            9227
                        ],
                        [
                            "sstore",
                            "0x2",
                            "0x3a7a2e308590bee800dffb0",
                            9246
                        ],
                        [
                            "sload",
                            "0xb07348a9e2b580decf42066ccc922d4efa820b36f80f447eac2c28fd19b9d2ad",
                            "0x64c7c9d59eccbf0b8927",
                            9314
                        ],
                        [
                            "sstore",
                            "0xb07348a9e2b580decf42066ccc922d4efa820b36f80f447eac2c28fd19b9d2ad",
                            "0xb288b345d86922cb1ebc",
                            9393
                        ]
                    ],
                    "0x6b175474e89094c44da98b954eedeac495271d0f": [
                        [
                            "sload",
                            "0xd6255d9d00be5fb74f239ff83be03053fbf2fa3aa6614132cdba6018cdf76f96",
                            "0xe7528306a3d22e5e91",
                            2664
                        ],
                        [
                            "sload",
                            "0x75851c5bfc1a7dab15b668e91f3626a61fac846552d1453e726cdb57ac16af",
                            "0xe7508544770fcc0000",
                            2993
                        ],
                        [
                            "sload",
                            "0x75851c5bfc1a7dab15b668e91f3626a61fac846552d1453e726cdb57ac16af",
                            "0xe7508544770fcc0000",
                            3127
                        ],
                        [
                            "sload",
                            "0x75851c5bfc1a7dab15b668e91f3626a61fac846552d1453e726cdb57ac16af",
                            "0xe7508544770fcc0000",
                            3371
                        ],
                        [
                            "sstore",
                            "0x75851c5bfc1a7dab15b668e91f3626a61fac846552d1453e726cdb57ac16af",
                            "0x0",
                            3504
                        ],
                        [
                            "sload",
                            "0xd6255d9d00be5fb74f239ff83be03053fbf2fa3aa6614132cdba6018cdf76f96",
                            "0xe7528306a3d22e5e91",
                            3573
                        ],
                        [
                            "sstore",
                            "0xd6255d9d00be5fb74f239ff83be03053fbf2fa3aa6614132cdba6018cdf76f96",
                            "0x1fdc22cc2625e91",
                            3645
                        ],
                        [
                            "sload",
                            "0x15faa59cd19891e9621a3bba273a9f040887cde9f44ce391e7a85ff4c6110dc6",
                            "0xae29d21d536cb1ffbad8f",
                            3713
                        ],
                        [
                            "sstore",
                            "0x15faa59cd19891e9621a3bba273a9f040887cde9f44ce391e7a85ff4c6110dc6",
                            "0xae384725a7b422fc7ad8f",
                            3785
                        ]
                    ]
                }
            ],
            [
                "0x16f6664c16bede5d70818654defef11769d40983",
                "0x29a00e7c",
                "complete",
                201,
                1305,
                "staticcall",
                {}
            ]
        ],
        [
            [
                "0x6b175474e89094c44da98b954eedeac495271d0f",
                "0x93aa8c9a50efa30bb28ce0ad12516686c963472a",
                "0x5ade7ae8660293f2ebfcefaba91d141d72d221e8",
                4267000000000000000000
            ]
        ]
    ],
    "0x4dc6b43de02c4e917e15bb0fdaf22b2d86f19fead066dce360d65a316721e253": [
        [
            [
                "0x5ade7ae8660293f2ebfcefaba91d141d72d221e8",
                "0x095ea7b3",
                "complete",
                -1,
                221,
                "firstcall",
                {
                    "0x5ade7ae8660293f2ebfcefaba91d141d72d221e8": [
                        [
                            "sstore",
                            "0x9adc780043b8297f8941906450c8dfb549d4724fb21ef6765d8b43053e5d5a30",
                            "0xffffffffffffffffffffffffffffffffffffffffffffffffffffffffffffffff",
                            7928
                        ]
                    ]
                }
            ]
        ],
        []
    ],
    "0x642bd40cc0421f1ec42468d065494aa886ccfa36e887f4f9386d983ab082a0d9": [],
    "0x46207e5d4252b19c247495e0e07c5017b148d695d12542b8e0496e9472e5e801": [
        [
            [
                "0xb387e90367f1e621e656900ed2a762dc7d71da8c",
                "0x095ea7b3",
                "complete",
                -1,
                221,
                "firstcall",
                {
                    "0xb387e90367f1e621e656900ed2a762dc7d71da8c": [
                        [
                            "sstore",
                            "0xc276b22dd8da7900a3bed2257249aa3d85fa2b5299bb93d6d862942702d1e4a6",
                            "0xed2b525841adfc00000",
                            7804
                        ]
                    ]
                }
            ]
        ],
        []
    ],
    "0xb9b443ecd79793090f3067336b43a9f4a242118d6f2fc944701d74a5887af55b": [],
    "0x74108596741a9a3fa8fb1f1f61dc272d61dd3f3b25faa0f615348de3b576ceb6": [],
    "0x3477a391f58a12815f8a90679e316d1136a5027189f45887f1e2b6a0478e9bc7": [
        [
            [
                "0x16f6664c16bede5d70818654defef11769d40983",
                "0x29a00e7c",
                "complete",
                190,
                1294,
                "staticcall",
                {}
            ],
            [
                "0x5ade7ae8660293f2ebfcefaba91d141d72d221e8",
                "0xaad3ec96",
                "complete",
                1461,
                1805,
                "call",
                {
                    "0x5ade7ae8660293f2ebfcefaba91d141d72d221e8": [
                        [
                            "sload",
                            "0x53b537acfe1fd102612c97c02fd418e586d0015f3544c73509abc8022f6aa363",
                            "0x1",
                            5767
                        ],
                        [
                            "sload",
                            "0x7a0ea027629e63d216d480e56ec6b5b59b464e4312689d93d7123a3c59f6c8f8",
                            "0x4dcda17efeba17913d8",
                            9726
                        ],
                        [
                            "sstore",
                            "0x7a0ea027629e63d216d480e56ec6b5b59b464e4312689d93d7123a3c59f6c8f8",
                            "0x3b6ded9a834b21d13d8",
                            9806
                        ],
                        [
                            "sload",
                            "0x2",
                            "0x3a7a2e308590bee800dffb0",
                            9814
                        ],
                        [
                            "sstore",
                            "0x2",
                            "0x3a7a1bd0d1ac43790b1ffb0",
                            9833
                        ]
                    ]
                }
            ]
        ],
        []
    ],
    "0x556cc4d7c34458772ff363cc7fcca441ffe45acccbb61b0f8aa4b96fa2658e1b": [
        [
            [
                "0x5ade7ae8660293f2ebfcefaba91d141d72d221e8",
                "0x095ea7b3",
                "complete",
                -1,
                221,
                "firstcall",
                {
                    "0x5ade7ae8660293f2ebfcefaba91d141d72d221e8": [
                        [
                            "sstore",
                            "0x4963cfe62fd8839da1c43d9f96292f9079520cd303840a4bd57ffa0a88076b69",
                            "0xffffffffffffffffffffffffffffffffffffffffffffffffffffffffffffffff",
                            7928
                        ]
                    ]
                }
            ]
        ],
        []
    ]
}