{
    "0xa93eaa09de2f19ac219fe29cc10f25f64d5b183de4df5d5fd153b890e3ff63ba": [
        [
            [
                "0x5ade7ae8660293f2ebfcefaba91d141d72d221e8",
                "0xa9059cbb",
                "complete",
                2777,
                3139,
                "call",
                {
                    "0x5ade7ae8660293f2ebfcefaba91d141d72d221e8": [
                        [
                            "sload",
                            "0x55b91fb95307b5d559958238471c03242b9eb0f4d0f88762e32505930424070d",
                            "0x2a4d7fbd6547e67186390e",
                            8395
                        ],
                        [
                            "sstore",
                            "0x55b91fb95307b5d559958238471c03242b9eb0f4d0f88762e32505930424070d",
                            "0x2a49746acbc316c8a7648e",
                            8475
                        ],
                        [
                            "sload",
                            "0xaef3ace780c2f8af51880b12150db6784a471907dfc18400b5581eb43af76d62",
                            "0x0",
                            8543
                        ],
                        [
                            "sstore",
                            "0xaef3ace780c2f8af51880b12150db6784a471907dfc18400b5581eb43af76d62",
                            "0x40b529984cfa8ded480",
                            8622
                        ]
                    ]
                }
            ],
            [
                "0x5ade7ae8660293f2ebfcefaba91d141d72d221e8",
                "0x70a08231",
                "complete",
                3274,
                3403,
                "staticcall",
                {
                    "0x5ade7ae8660293f2ebfcefaba91d141d72d221e8": [
                        [
                            "sload",
                            "0x55b91fb95307b5d559958238471c03242b9eb0f4d0f88762e32505930424070d",
                            "0x2a49746acbc316c8a7648e",
                            4643
                        ]
                    ]
                }
            ]
        ],
        []
    ],
    "0xdcf037321ba71244a7e2ea53f76c82980c2500f5fd73c72193523f9a84d99014": [
        [
            [
                "0x5ade7ae8660293f2ebfcefaba91d141d72d221e8",
                "0x23b872dd",
                "complete",
                2215,
                2776,
                "call",
                {
                    "0x5ade7ae8660293f2ebfcefaba91d141d72d221e8": [
                        [
                            "sload",
                            "0x5726aea25891459c461c780ca99f6855e80f1c65a824973a93188213c59de5b4",
                            "0x1620cced6200df1080000",
                            8395
                        ],
                        [
                            "sstore",
                            "0x5726aea25891459c461c780ca99f6855e80f1c65a824973a93188213c59de5b4",
                            "0x0",
                            8475
                        ],
                        [
                            "sload",
                            "0x55b91fb95307b5d559958238471c03242b9eb0f4d0f88762e32505930424070d",
                            "0x28c038ab98a7916cb47cd8",
                            8543
                        ],
                        [
                            "sstore",
                            "0x55b91fb95307b5d559958238471c03242b9eb0f4d0f88762e32505930424070d",
                            "0x2a22457a6ec79f5dbc7cd8",
                            8622
                        ],
                        [
                            "sload",
                            "0x4eb0b4972cfef736992d738d5f5034e29fd0088c64551b85ff27473b70e50e31",
                            "0xffffffffffffffffffffffffffffffffffffffffffffc078f7a85c1f1c7fffff",
                            3526
                        ],
                        [
                            "sstore",
                            "0x4eb0b4972cfef736992d738d5f5034e29fd0088c64551b85ff27473b70e50e31",
                            "0xfffffffffffffffffffffffffffffffffffffffffffe5e6c28d23c112b77ffff",
                            7928
                        ]
                    ]
                }
            ],
            [
                "0x5ade7ae8660293f2ebfcefaba91d141d72d221e8",
                "0x70a08231",
                "complete",
                4409,
                4538,
                "staticcall",
                {
                    "0x5ade7ae8660293f2ebfcefaba91d141d72d221e8": [
                        [
                            "sload",
                            "0x55b91fb95307b5d559958238471c03242b9eb0f4d0f88762e32505930424070d",
                            "0x2a22457a6ec79f5dbc7cd8",
                            4643
                        ]
                    ]
                }
            ]
        ],
        []
    ],
    "0x0b91841221f2d834d0ed40ee83a5ac63b45f5d11cc7026c48cac4c5f28246220": [
        [
            [
                "0xe4ffd682380c571a6a07dd8f20b402412e02830e",
                "0xd6febde8",
                "complete",
                -1,
                2072,
                "firstcall",
                {
                    "0xe4ffd682380c571a6a07dd8f20b402412e02830e": [
                        [
                            "sload",
                            "0x2",
                            "0x2e95417d8ea672f1698c",
                            3349
                        ],
                        [
                            "sload",
                            "0x4",
                            "0x28076f525434525ab00a67",
                            3618
                        ],
                        [
                            "sload",
                            "0x5",
                            "0x7a120",
                            3624
                        ],
                        [
                            "sload",
                            "0x4",
                            "0x28076f525434525ab00a67",
                            9947
                        ],
                        [
                            "sstore",
                            "0x4",
                            "0x28db316e23013ffbb00a67",
                            9966
                        ],
                        [
                            "sload",
                            "0x2",
                            "0x2e95417d8ea672f1698c",
                            9103
                        ],
                        [
                            "sstore",
                            "0x2",
                            "0x2f0fd72f527639c3af57",
                            9122
                        ],
                        [
                            "sload",
                            "0xdae5f129e38393093f9eb8b6e851d1ed9e1c8f328fcb9592f85e04ec9a0e2f52",
                            "0x0",
                            9190
                        ],
                        [
                            "sstore",
                            "0xdae5f129e38393093f9eb8b6e851d1ed9e1c8f328fcb9592f85e04ec9a0e2f52",
                            "0x7a95b1c3cfc6d245cb",
                            9269
                        ]
                    ],
                    "0x5ade7ae8660293f2ebfcefaba91d141d72d221e8": [
                        [
                            "sload",
                            "0x38b87d70d14495111f09602cb283025cd374a927f27c7ad296fe733416c143ac",
                            "0x1",
                            5767
                        ],
                        [
                            "sload",
                            "0xdae5f129e38393093f9eb8b6e851d1ed9e1c8f328fcb9592f85e04ec9a0e2f52",
                            "0x2a4464e6923a801e8b91d",
                            9726
                        ],
                        [
                            "sstore",
                            "0xdae5f129e38393093f9eb8b6e851d1ed9e1c8f328fcb9592f85e04ec9a0e2f52",
                            "0x1d084329a56ba60e8b91d",
                            9806
                        ],
                        [
                            "sload",
                            "0x2",
                            "0x40e72fb38642c5f97a758dd",
                            9814
                        ],
                        [
                            "sstore",
                            "0x2",
                            "0x40d9f391c955f71f6a758dd",
                            9833
                        ]
                    ]
                }
            ],
            [
                "0x16f6664c16bede5d70818654defef11769d40983",
                "0x29a00e7c",
                "complete",
                190,
                1326,
                "staticcall",
                {}
            ],
            [
                "0x5ade7ae8660293f2ebfcefaba91d141d72d221e8",
                "0xaad3ec96",
                "complete",
                1493,
                1837,
                "call",
                {
                    "0x5ade7ae8660293f2ebfcefaba91d141d72d221e8": [
                        [
                            "sload",
                            "0x38b87d70d14495111f09602cb283025cd374a927f27c7ad296fe733416c143ac",
                            "0x1",
                            5767
                        ],
                        [
                            "sload",
                            "0xdae5f129e38393093f9eb8b6e851d1ed9e1c8f328fcb9592f85e04ec9a0e2f52",
                            "0x2a4464e6923a801e8b91d",
                            9726
                        ],
                        [
                            "sstore",
                            "0xdae5f129e38393093f9eb8b6e851d1ed9e1c8f328fcb9592f85e04ec9a0e2f52",
                            "0x1d084329a56ba60e8b91d",
                            9806
                        ],
                        [
                            "sload",
                            "0x2",
                            "0x40e72fb38642c5f97a758dd",
                            9814
                        ],
                        [
                            "sstore",
                            "0x2",
                            "0x40d9f391c955f71f6a758dd",
                            9833
                        ]
                    ]
                }
            ]
        ],
        []
    ],
    "0x00388b6c803966d815664e587f752a5ac55ab65687c6a493dbc8412e50169bde": [
        [
            [
                "0xd77c2ab1cd0faa4b79e16a0e7472cb222a9ee175",
                "0xa9059cbb",
                "complete",
                2444,
                2806,
                "call",
                {
                    "0xd77c2ab1cd0faa4b79e16a0e7472cb222a9ee175": [
                        [
                            "sload",
                            "0xa6a3f8564534e7d68c9062bba1259b92b5e7b300d7e6ffe9ea2be3d9c34a3398",
                            "0x33d06186bb510f36bd",
                            8271
                        ],
                        [
                            "sstore",
                            "0xa6a3f8564534e7d68c9062bba1259b92b5e7b300d7e6ffe9ea2be3d9c34a3398",
                            "0x2e8e03e06d1d503f7b",
                            8351
                        ],
                        [
                            "sload",
                            "0xf604ba14659fac03da64fd84891ee420b52a889dab10624be3fb208d04d1f0a6",
                            "0x1",
                            8419
                        ],
                        [
                            "sstore",
                            "0xf604ba14659fac03da64fd84891ee420b52a889dab10624be3fb208d04d1f0a6",
                            "0x5425da64e33bef743",
                            8498
                        ]
                    ]
                }
            ],
            [
                "0xd77c2ab1cd0faa4b79e16a0e7472cb222a9ee175",
                "0x70a08231",
                "complete",
                3117,
                3246,
                "staticcall",
                {
                    "0xd77c2ab1cd0faa4b79e16a0e7472cb222a9ee175": [
                        [
                            "sload",
                            "0xa6a3f8564534e7d68c9062bba1259b92b5e7b300d7e6ffe9ea2be3d9c34a3398",
                            "0x2e8e03e06d1d503f7b",
                            4643
                        ]
                    ]
                }
            ]
        ],
        []
    ],
    "0x4bcaa1aa0129e3d1598fd413fdcf4e6d8a9abee17ce43844ae91567b7ec37f0a": [
        [
            [
                "0xd77c2ab1cd0faa4b79e16a0e7472cb222a9ee175",
                "0xa9059cbb",
                "complete",
                2779,
                3141,
                "call",
                {
                    "0xd77c2ab1cd0faa4b79e16a0e7472cb222a9ee175": [
                        [
                            "sload",
                            "0xa6a3f8564534e7d68c9062bba1259b92b5e7b300d7e6ffe9ea2be3d9c34a3398",
                            "0x2e8e03e06d1d503f7b",
                            8271
                        ],
                        [
                            "sstore",
                            "0xa6a3f8564534e7d68c9062bba1259b92b5e7b300d7e6ffe9ea2be3d9c34a3398",
                            "0x29ae8c87b8ef3096a2",
                            8351
                        ],
                        [
                            "sload",
                            "0xe24a8c4c58e71cdeab5cb92568c30005bbdc011df84e4ae08a08c5beab82ed5b",
                            "0x0",
                            8419
                        ],
                        [
                            "sstore",
                            "0xe24a8c4c58e71cdeab5cb92568c30005bbdc011df84e4ae08a08c5beab82ed5b",
                            "0x4df7758b42e1fa8d9",
                            8498
                        ]
                    ]
                }
            ],
            [
                "0xd77c2ab1cd0faa4b79e16a0e7472cb222a9ee175",
                "0x70a08231",
                "complete",
                3452,
                3581,
                "staticcall",
                {
                    "0xd77c2ab1cd0faa4b79e16a0e7472cb222a9ee175": [
                        [
                            "sload",
                            "0xa6a3f8564534e7d68c9062bba1259b92b5e7b300d7e6ffe9ea2be3d9c34a3398",
                            "0x29ae8c87b8ef3096a2",
                            4643
                        ]
                    ]
                }
            ]
        ],
        []
    ],
    "0x56fc59fccd382f9c793babfe5e3b265dd5e68a56e8f00833c9e0c9dc1b0b8268": [
        [
            [
                "0xd77c2ab1cd0faa4b79e16a0e7472cb222a9ee175",
                "0x70a08231",
                "complete",
                329,
                458,
                "staticcall",
                {
                    "0xd77c2ab1cd0faa4b79e16a0e7472cb222a9ee175": [
                        [
                            "sload",
                            "0xf604ba14659fac03da64fd84891ee420b52a889dab10624be3fb208d04d1f0a6",
                            "0x5425da64e33bef743",
                            4643
                        ]
                    ]
                }
            ],
            [
                "0xd77c2ab1cd0faa4b79e16a0e7472cb222a9ee175",
                "0xa9059cbb",
                "complete",
                682,
                1044,
                "call",
                {
                    "0xd77c2ab1cd0faa4b79e16a0e7472cb222a9ee175": [
                        [
                            "sload",
                            "0xf604ba14659fac03da64fd84891ee420b52a889dab10624be3fb208d04d1f0a6",
                            "0x5425da64e33bef743",
                            8271
                        ],
                        [
                            "sstore",
                            "0xf604ba14659fac03da64fd84891ee420b52a889dab10624be3fb208d04d1f0a6",
                            "0x1",
                            8351
                        ],
                        [
                            "sload",
                            "0xa6a3f8564534e7d68c9062bba1259b92b5e7b300d7e6ffe9ea2be3d9c34a3398",
                            "0x29ae8c87b8ef3096a2",
                            8419
                        ],
                        [
                            "sstore",
                            "0xa6a3f8564534e7d68c9062bba1259b92b5e7b300d7e6ffe9ea2be3d9c34a3398",
                            "0x2ef0ea2e0722ef8de4",
                            8498
                        ]
                    ]
                }
            ],
            [
                "0xd77c2ab1cd0faa4b79e16a0e7472cb222a9ee175",
                "0x70a08231",
                "complete",
                1423,
                1552,
                "staticcall",
                {
                    "0xd77c2ab1cd0faa4b79e16a0e7472cb222a9ee175": [
                        [
                            "sload",
                            "0xa6a3f8564534e7d68c9062bba1259b92b5e7b300d7e6ffe9ea2be3d9c34a3398",
                            "0x2ef0ea2e0722ef8de4",
                            4643
                        ]
                    ]
                }
            ],
            [
                "0xd77c2ab1cd0faa4b79e16a0e7472cb222a9ee175",
                "0x70a08231",
                "complete",
                2953,
                3082,
                "staticcall",
                {
                    "0xd77c2ab1cd0faa4b79e16a0e7472cb222a9ee175": [
                        [
                            "sload",
                            "0xa6a3f8564534e7d68c9062bba1259b92b5e7b300d7e6ffe9ea2be3d9c34a3398",
                            "0x2ef0ea2e0722ef8de4",
                            4643
                        ]
                    ]
                }
            ]
        ],
        []
    ],
    "0x00fae7f7b2fc57df433d0ecf5b250e788b99ade0f6ddc28216863357866128a4": [
        [
            [
                "0x5ade7ae8660293f2ebfcefaba91d141d72d221e8",
                "0xd79875eb",
                "complete",
                -1,
                2277,
                "firstcall",
                {
                    "0x5ade7ae8660293f2ebfcefaba91d141d72d221e8": [
                        [
                            "sload",
                            "0x2",
                            "0x40d9f391c955f71f6a758dd",
                            3349
                        ],
                        [
                            "sload",
                            "0x4",
                            "0xa3e4ccf9d8ec3ad1f18e5",
                            4775
                        ],
                        [
                            "sload",
                            "0x5",
                            "0xf3e58",
                            4781
                        ],
                        [
                            "sload",
                            "0x4",
                            "0xa3e4ccf9d8ec3ad1f18e5",
                            10121
                        ],
                        [
                            "sstore",
                            "0x4",
                            "0xa3e4ccf9d8ec3ad1ec3ac",
                            10140
                        ],
                        [
                            "sload",
                            "0xffd9dc3432de82f511c0992c605c07aa75f7c7c899f768dd393d870a8d4f78ed",
                            "0x1e01780b4277cd21647ea",
                            9726
                        ],
                        [
                            "sstore",
                            "0xffd9dc3432de82f511c0992c605c07aa75f7c7c899f768dd393d870a8d4f78ed",
                            "0x1e01780b4277cd1f49769",
                            9806
                        ],
                        [
                            "sload",
                            "0x2",
                            "0x40d9f391c955f71f6a758dd",
                            9814
                        ],
                        [
                            "sstore",
                            "0x2",
                            "0x40d9f391c955f71f685a85c",
                            9833
                        ]
                    ],
                    "0x6b175474e89094c44da98b954eedeac495271d0f": [
                        [
                            "sload",
                            "0x15faa59cd19891e9621a3bba273a9f040887cde9f44ce391e7a85ff4c6110dc6",
                            "0xa454d23778412fb67caee",
                            2664
                        ],
                        [
                            "sload",
                            "0x15faa59cd19891e9621a3bba273a9f040887cde9f44ce391e7a85ff4c6110dc6",
                            "0xa454d23778412fb67caee",
                            3573
                        ],
                        [
                            "sstore",
                            "0x15faa59cd19891e9621a3bba273a9f040887cde9f44ce391e7a85ff4c6110dc6",
                            "0xa454d23778412fb6775b5",
                            3645
                        ],
                        [
                            "sload",
                            "0x96a92aecbe0bc68d10ef248c52ff79fa4638e6798592a8ce177fe604b121a505",
                            "0x2ea54ac8fcc583bf40",
                            3713
                        ],
                        [
                            "sstore",
                            "0x96a92aecbe0bc68d10ef248c52ff79fa4638e6798592a8ce177fe604b121a505",
                            "0x2ea54ac8fcc5841479",
                            3785
                        ]
                    ]
                }
            ],
            [
                "0x16f6664c16bede5d70818654defef11769d40983",
                "0x49f9b0f7",
                "complete",
                190,
                1430,
                "staticcall",
                {}
            ]
        ],
        [
            [
                "0x6b175474e89094c44da98b954eedeac495271d0f",
                "0x5ade7ae8660293f2ebfcefaba91d141d72d221e8",
                "0xce71ec2db82d10fe60f053cbb5009acb171f3190",
                21817
            ]
        ]
    ],
    "0x1058e53d6bf1c3d8a4f1d3112a775fed5f8caccb7238617b76f995f3f153a7f2": [
        [
            [
                "0x5ade7ae8660293f2ebfcefaba91d141d72d221e8",
                "0x23b872dd",
                "complete",
                2215,
                2776,
                "call",
                {
                    "0x5ade7ae8660293f2ebfcefaba91d141d72d221e8": [
                        [
                            "sload",
                            "0xfb2e7cad3971686fff2649cb709e0be6775e9faccf2c37ec162708c634c0984d",
                            "0x241904923f960e7871df",
                            8395
                        ],
                        [
                            "sstore",
                            "0xfb2e7cad3971686fff2649cb709e0be6775e9faccf2c37ec162708c634c0984d",
                            "0x0",
                            8475
                        ],
                        [
                            "sload",
                            "0x55b91fb95307b5d559958238471c03242b9eb0f4d0f88762e32505930424070d",
                            "0x2a22457a6ec79f5dbc7cd8",
                            8543
                        ],
                        [
                            "sstore",
                            "0x55b91fb95307b5d559958238471c03242b9eb0f4d0f88762e32505930424070d",
                            "0x2a465e7f0107356c34eeb7",
                            8622
                        ],
                        [
                            "sload",
                            "0x24490a8fff323864c82e1525f260300be1a20528081427147d0c1eabbb7133da",
                            "0xfffffffffffffffffffffffffffffffffffffffffff5b6c1b9725e6222fe645a",
                            3526
                        ],
                        [
                            "sstore",
                            "0x24490a8fff323864c82e1525f260300be1a20528081427147d0c1eabbb7133da",
                            "0xfffffffffffffffffffffffffffffffffffffffffff592a8b4e01ecc1485f27b",
                            7928
                        ]
                    ]
                }
            ],
            [
                "0x5ade7ae8660293f2ebfcefaba91d141d72d221e8",
                "0x70a08231",
                "complete",
                4409,
                4538,
                "staticcall",
                {
                    "0x5ade7ae8660293f2ebfcefaba91d141d72d221e8": [
                        [
                            "sload",
                            "0x55b91fb95307b5d559958238471c03242b9eb0f4d0f88762e32505930424070d",
                            "0x2a465e7f0107356c34eeb7",
                            4643
                        ]
                    ]
                }
            ]
        ],
        []
    ],
    "0x7497b17c82df1ff92af76e3d534dcaed351ba581df1aa07c3073db1675a6077f": [
        [
            [
                "0x5ade7ae8660293f2ebfcefaba91d141d72d221e8",
                "0x23b872dd",
                "complete",
                2215,
                2776,
                "call",
                {
                    "0x5ade7ae8660293f2ebfcefaba91d141d72d221e8": [
                        [
                            "sload",
                            "0xc1c617eb40dfb09937a3c502aabe2a3ba3d16bcc4bc25ec7fdcb8a05c062ad70",
                            "0x54b411a6346e3161a772",
                            8395
                        ],
                        [
                            "sstore",
                            "0xc1c617eb40dfb09937a3c502aabe2a3ba3d16bcc4bc25ec7fdcb8a05c062ad70",
                            "0x152d094e908d4de1a772",
                            8475
                        ],
                        [
                            "sload",
                            "0x55b91fb95307b5d559958238471c03242b9eb0f4d0f88762e32505930424070d",
                            "0x2a465e7f0107356c34eeb7",
                            8543
                        ],
                        [
                            "sstore",
                            "0x55b91fb95307b5d559958238471c03242b9eb0f4d0f88762e32505930424070d",
                            "0x2a85e58758ab164fb4eeb7",
                            8622
                        ],
                        [
                            "sload",
                            "0xa16e9ae512d25f77eabc4982a871b2355901968114ea74f343ac57206f64000",
                            "0xffffffffffffffffffffffffffffffffffffffffffffb1c589fea2f08523ffff",
                            3526
                        ],
                        [
                            "sstore",
                            "0xa16e9ae512d25f77eabc4982a871b2355901968114ea74f343ac57206f64000",
                            "0xffffffffffffffffffffffffffffffffffffffffffff723e81a6ff0fa1a3ffff",
                            7928
                        ]
                    ]
                }
            ],
            [
                "0x5ade7ae8660293f2ebfcefaba91d141d72d221e8",
                "0x70a08231",
                "complete",
                4409,
                4538,
                "staticcall",
                {
                    "0x5ade7ae8660293f2ebfcefaba91d141d72d221e8": [
                        [
                            "sload",
                            "0x55b91fb95307b5d559958238471c03242b9eb0f4d0f88762e32505930424070d",
                            "0x2a85e58758ab164fb4eeb7",
                            4643
                        ]
                    ]
                }
            ]
        ],
        []
    ],
    "0xf18a51deee2a149b6741584b57e529cd7e43ecd459c178623122e29d51a3ac10": [
        [
            [
                "0x5ade7ae8660293f2ebfcefaba91d141d72d221e8",
                "0xd79875eb",
                "complete",
                -1,
                2277,
                "firstcall",
                {
                    "0x5ade7ae8660293f2ebfcefaba91d141d72d221e8": [
                        [
                            "sload",
                            "0x2",
                            "0x40d9f391c955f71f685a85c",
                            3349
                        ],
                        [
                            "sload",
                            "0x4",
                            "0xa3e4ccf9d8ec3ad1ec3ac",
                            4775
                        ],
                        [
                            "sload",
                            "0x5",
                            "0xf3e58",
                            4781
                        ],
                        [
                            "sload",
                            "0x4",
                            "0xa3e4ccf9d8ec3ad1ec3ac",
                            10121
                        ],
                        [
                            "sstore",
                            "0x4",
                            "0xa3e21f49217df39b914f9",
                            10140
                        ],
                        [
                            "sload",
                            "0x243975e973421ebbbfb1d66b1aab32e878db9099fdfb7a22b4fb8530e2737f4c",
                            "0x1166123e63f8b6e71e2d",
                            9726
                        ],
                        [
                            "sstore",
                            "0x243975e973421ebbbfb1d66b1aab32e878db9099fdfb7a22b4fb8530e2737f4c",
                            "0x754338162324e71e2d",
                            9806
                        ],
                        [
                            "sload",
                            "0x2",
                            "0x40d9f391c955f71f685a85c",
                            9814
                        ],
                        [
                            "sstore",
                            "0x2",
                            "0x40d8e484d8f119c6485a85c",
                            9833
                        ]
                    ],
                    "0x6b175474e89094c44da98b954eedeac495271d0f": [
                        [
                            "sload",
                            "0x15faa59cd19891e9621a3bba273a9f040887cde9f44ce391e7a85ff4c6110dc6",
                            "0xa454d23778412fb6775b5",
                            2664
                        ],
                        [
                            "sload",
                            "0x15faa59cd19891e9621a3bba273a9f040887cde9f44ce391e7a85ff4c6110dc6",
                            "0xa454d23778412fb6775b5",
                            3573
                        ],
                        [
                            "sstore",
                            "0x15faa59cd19891e9621a3bba273a9f040887cde9f44ce391e7a85ff4c6110dc6",
                            "0xa4522486c0d2e8801c702",
                            3645
                        ],
                        [
                            "sload",
                            "0x6eefc20353f62f0462828bcca39f64fc465b4d24d8692eac20a02ed660a5d25c",
                            "0x4b54adb820b4cbb846",
                            3713
                        ],
                        [
                            "sstore",
                            "0x6eefc20353f62f0462828bcca39f64fc465b4d24d8692eac20a02ed660a5d25c",
                            "0x762fb92f05283166f9",
                            3785
                        ]
                    ]
                }
            ],
            [
                "0x16f6664c16bede5d70818654defef11769d40983",
                "0x49f9b0f7",
                "complete",
                190,
                1430,
                "staticcall",
                {}
            ]
        ],
        [
            [
                "0x6b175474e89094c44da98b954eedeac495271d0f",
                "0x5ade7ae8660293f2ebfcefaba91d141d72d221e8",
                "0xba682e593784f7654e4f92d58213dc495f229eec",
                790547091138411867827
            ]
        ]
    ],
    "0x070c014f583aef24e4db4c8d89e50ee2fbe14d64b908cbb8829e8f6d888750c8": [],
    "0xe5d26832e3924c4c1d28f5e3193e8fcc9f3ccb98dbe9829150a6b0c8e991f7e4": [
        [
            [
                "0x5ade7ae8660293f2ebfcefaba91d141d72d221e8",
                "0xa9059cbb",
                "complete",
                2121,
                2483,
                "call",
                {
                    "0x5ade7ae8660293f2ebfcefaba91d141d72d221e8": [
                        [
                            "sload",
                            "0x9bd6bac238c89841b60081db16cbb9adb84f46c545e3d61cf099d9a185749631",
                            "0x3a3311c432deff55ee929",
                            8395
                        ],
                        [
                            "sstore",
                            "0x9bd6bac238c89841b60081db16cbb9adb84f46c545e3d61cf099d9a185749631",
                            "0x2a815c6b3affa02e9ba35",
                            8475
                        ],
                        [
                            "sload",
                            "0xcde56148ce99607200ab4f127732164fc64d4cead028f42a5308c37ec983fb87",
                            "0x242e385ccb81dc67",
                            8543
                        ],
                        [
                            "sstore",
                            "0xcde56148ce99607200ab4f127732164fc64d4cead028f42a5308c37ec983fb87",
                            "0xfb1b79bdb652bdf70b5b",
                            8622
                        ]
                    ]
                }
            ]
        ],
        []
    ],
    "0x854f690bcdeff4bdcf994678cc3f83312e0dc02a570a7d399e43e97b03bbf2aa": [
        [
            [
                "0xd77c2ab1cd0faa4b79e16a0e7472cb222a9ee175",
                "0x23b872dd",
                "complete",
                1515,
                2076,
                "call",
                {
                    "0xd77c2ab1cd0faa4b79e16a0e7472cb222a9ee175": [
                        [
                            "sload",
                            "0x758b800989f656844fd80285d9b93f4d9e63295793b7b6c8a0874f98a977810",
                            "0x11605772a2dd71b47",
                            8271
                        ],
                        [
                            "sstore",
                            "0x758b800989f656844fd80285d9b93f4d9e63295793b7b6c8a0874f98a977810",
                            "0x0",
                            8351
                        ],
                        [
                            "sload",
                            "0xa6a3f8564534e7d68c9062bba1259b92b5e7b300d7e6ffe9ea2be3d9c34a3398",
                            "0x2ef0ea2e0722ef8de4",
                            8419
                        ],
                        [
                            "sstore",
                            "0xa6a3f8564534e7d68c9062bba1259b92b5e7b300d7e6ffe9ea2be3d9c34a3398",
                            "0x3006efa53150c6a92b",
                            8498
                        ],
                        [
                            "sload",
                            "0xd52ec21bd146134b06d6ce636332463f58bf8f0986c715f359301dd85dd6ce5b",
                            "0xffffffffffffffffffffffffffffffffffffffffffffffffffffffffffffffff",
                            3526
                        ],
                        [
                            "sstore",
                            "0xd52ec21bd146134b06d6ce636332463f58bf8f0986c715f359301dd85dd6ce5b",
                            "0xfffffffffffffffffffffffffffffffffffffffffffffffee9fa88d5d228e4b8",
                            7804
                        ]
                    ]
                }
            ],
            [
                "0xd77c2ab1cd0faa4b79e16a0e7472cb222a9ee175",
                "0x70a08231",
                "complete",
                3702,
                3831,
                "staticcall",
                {
                    "0xd77c2ab1cd0faa4b79e16a0e7472cb222a9ee175": [
                        [
                            "sload",
                            "0xa6a3f8564534e7d68c9062bba1259b92b5e7b300d7e6ffe9ea2be3d9c34a3398",
                            "0x3006efa53150c6a92b",
                            4643
                        ]
                    ]
                }
            ]
        ],
        []
    ],
    "0x9413a0841e3c7eb4b2a2f5f2beb4d83e3af33c125cdb9dbd78bff6546020ec03": [
        [],
        []
    ],
    "0x2c425d5f03fe28adb0899da9b4dbc9eadff26dbd2dc9ffd11a76f43ad650ce63": [
        [
            [
                "0x5ade7ae8660293f2ebfcefaba91d141d72d221e8",
                "0x095ea7b3",
                "complete",
                -1,
                221,
                "firstcall",
                {
                    "0x5ade7ae8660293f2ebfcefaba91d141d72d221e8": [
                        [
                            "sstore",
                            "0xadcbccc2dfb5b832d279ab3dfce7d2d8cd2a29f3c610b9e5784139092f6dd0bf",
                            "0x2a5a058fc295ed000000",
                            7928
                        ]
                    ]
                }
            ]
        ],
        []
    ],
    "0x136ac614096e28ab6f549e5097f386a87043db85dde28e90a43b70ffc0478343": [],
    "0x6eb40398b0b1b2294ec37fa4780947b84e06517c4a759fa1273b800557c928af": [
        [
            [
                "0x5ade7ae8660293f2ebfcefaba91d141d72d221e8",
                "0xa9059cbb",
                "complete",
                2794,
                3156,
                "call",
                {
                    "0x5ade7ae8660293f2ebfcefaba91d141d72d221e8": [
                        [
                            "sload",
                            "0x55b91fb95307b5d559958238471c03242b9eb0f4d0f88762e32505930424070d",
                            "0x2a85e58758ab164fb4eeb7",
                            8395
                        ],
                        [
                            "sstore",
                            "0x55b91fb95307b5d559958238471c03242b9eb0f4d0f88762e32505930424070d",
                            "0x2a850cb031f3fed534eeb7",
                            8475
                        ],
                        [
                            "sload",
                            "0x2d561d2a6c181899c1c5cb2ebdb79948344df0447a361638d4d1c789df9de60c",
                            "0x1688812fb20f45597a1",
                            8543
                        ],
                        [
                            "sstore",
                            "0x2d561d2a6c181899c1c5cb2ebdb79948344df0447a361638d4d1c789df9de60c",
                            "0x2415f39b2386ed597a1",
                            8622
                        ]
                    ]
                }
            ],
            [
                "0x5ade7ae8660293f2ebfcefaba91d141d72d221e8",
                "0x70a08231",
                "complete",
                3291,
                3420,
                "staticcall",
                {
                    "0x5ade7ae8660293f2ebfcefaba91d141d72d221e8": [
                        [
                            "sload",
                            "0x55b91fb95307b5d559958238471c03242b9eb0f4d0f88762e32505930424070d",
                            "0x2a850cb031f3fed534eeb7",
                            4643
                        ]
                    ]
                }
            ]
        ],
        []
    ],
    "0x54f9b4c82a20d54de7e3afb3d02c678e1cf1fcd682eabe1b7228a210c860769a": [
        [
            [
                "0x5ade7ae8660293f2ebfcefaba91d141d72d221e8",
                "0xd6febde8",
                "complete",
                -1,
                2262,
                "firstcall",
                {
                    "0x5ade7ae8660293f2ebfcefaba91d141d72d221e8": [
                        [
                            "sload",
                            "0x2",
                            "0x40d8e484d8f119c6485a85c",
                            3349
                        ],
                        [
                            "sload",
                            "0x4",
                            "0xa3e21f49217df39b914f9",
                            3618
                        ],
                        [
                            "sload",
                            "0x5",
                            "0xf3e58",
                            3624
                        ],
                        [
                            "sload",
                            "0x4",
                            "0xa3e21f49217df39b914f9",
                            10071
                        ],
                        [
                            "sstore",
                            "0x4",
                            "0xa3e249c95104243dd14f9",
                            10090
                        ],
                        [
                            "sload",
                            "0x2",
                            "0x40d8e484d8f119c6485a85c",
                            9227
                        ],
                        [
                            "sstore",
                            "0x2",
                            "0x40d8f551bd70eac1788734a",
                            9246
                        ],
                        [
                            "sload",
                            "0x9fa07d9a2fb016ba82e003cf19b1b64d7688ce121508a6cae5057b8d3b1c4962",
                            "0x344f8acb10ee498f120",
                            9314
                        ],
                        [
                            "sstore",
                            "0x9fa07d9a2fb016ba82e003cf19b1b64d7688ce121508a6cae5057b8d3b1c4962",
                            "0x451c6f4ae1e979bbc0e",
                            9393
                        ]
                    ],
                    "0x6b175474e89094c44da98b954eedeac495271d0f": [
                        [
                            "sload",
                            "0xec40ade3cc502e88cfb4c18f6c8f3ce09d84936aea26b2d70f3767d55f9afa40",
                            "0x1a92b88e9a1d84877f",
                            2664
                        ],
                        [
                            "sload",
                            "0x2056d5b85675e98ea1839b8b6a39912ef4f095bdabd42170c4c40d8a6a0db733",
                            "0x1e7e4171bf4d3a00000",
                            2993
                        ],
                        [
                            "sload",
                            "0x2056d5b85675e98ea1839b8b6a39912ef4f095bdabd42170c4c40d8a6a0db733",
                            "0x1e7e4171bf4d3a00000",
                            3127
                        ],
                        [
                            "sload",
                            "0x2056d5b85675e98ea1839b8b6a39912ef4f095bdabd42170c4c40d8a6a0db733",
                            "0x1e7e4171bf4d3a00000",
                            3371
                        ],
                        [
                            "sstore",
                            "0x2056d5b85675e98ea1839b8b6a39912ef4f095bdabd42170c4c40d8a6a0db733",
                            "0x1e53c142391c97c0000",
                            3504
                        ],
                        [
                            "sload",
                            "0xec40ade3cc502e88cfb4c18f6c8f3ce09d84936aea26b2d70f3767d55f9afa40",
                            "0x1a92b88e9a1d84877f",
                            3573
                        ],
                        [
                            "sstore",
                            "0xec40ade3cc502e88cfb4c18f6c8f3ce09d84936aea26b2d70f3767d55f9afa40",
                            "0x17eab596371360877f",
                            3645
                        ],
                        [
                            "sload",
                            "0x15faa59cd19891e9621a3bba273a9f040887cde9f44ce391e7a85ff4c6110dc6",
                            "0xa4524fe4fbc453989c702",
                            3713
                        ],
                        [
                            "sstore",
                            "0x15faa59cd19891e9621a3bba273a9f040887cde9f44ce391e7a85ff4c6110dc6",
                            "0xa4527a652b4a843adc702",
                            3785
                        ]
                    ]
                }
            ],
            [
                "0x16f6664c16bede5d70818654defef11769d40983",
                "0x29a00e7c",
                "complete",
                201,
                1305,
                "staticcall",
                {}
            ]
        ],
        [
            [
                "0x6b175474e89094c44da98b954eedeac495271d0f",
                "0x91e2945b45621b425cf0e3220d54107c10804852",
                "0x5ade7ae8660293f2ebfcefaba91d141d72d221e8",
                49000000000000000000
            ]
        ]
    ],
    "0x33bca591b1bfbfd6c1321579b8dbbca414e4d7f98cf220c6d1595107a0804a7a": [
        [
            [
                "0x5ade7ae8660293f2ebfcefaba91d141d72d221e8",
                "0x095ea7b3",
                "complete",
                -1,
                221,
                "firstcall",
                {
                    "0x5ade7ae8660293f2ebfcefaba91d141d72d221e8": [
                        [
                            "sstore",
                            "0xc481812342e856b82439e30d824ecec0b5bca2eb131c4ed321f339957a7554ae",
                            "0xffffffffffffffffffffffffffffffffffffffffffffffffffffffffffffffff",
                            7928
                        ]
                    ]
                }
            ]
        ],
        []
    ],
    "0x08a79dae2ab2aada3d4353936c195ef66f6588e2048e4c23be39b9471c8b72e3": [
        [
            [
                "0x5ade7ae8660293f2ebfcefaba91d141d72d221e8",
                "0xa9059cbb",
                "complete",
                2777,
                3139,
                "call",
                {
                    "0x5ade7ae8660293f2ebfcefaba91d141d72d221e8": [
                        [
                            "sload",
                            "0x55b91fb95307b5d559958238471c03242b9eb0f4d0f88762e32505930424070d",
                            "0x2a850cb031f3fed534eeb7",
                            8395
                        ],
                        [
                            "sstore",
                            "0x55b91fb95307b5d559958238471c03242b9eb0f4d0f88762e32505930424070d",
                            "0x2a80f6b3e9593a4a6a9a77",
                            8475
                        ],
                        [
                            "sload",
                            "0xd9f7e6f9a05089d2010bf8697fd8a2a9302526ad98cec9977c256505b9eb68ea",
                            "0x6636008f8f7f365d702",
                            8543
                        ],
                        [
                            "sstore",
                            "0xd9f7e6f9a05089d2010bf8697fd8a2a9302526ad98cec9977c256505b9eb68ea",
                            "0xa795c5193bc7e302b42",
                            8622
                        ]
                    ]
                }
            ],
            [
                "0x5ade7ae8660293f2ebfcefaba91d141d72d221e8",
                "0x70a08231",
                "complete",
                3274,
                3403,
                "staticcall",
                {
                    "0x5ade7ae8660293f2ebfcefaba91d141d72d221e8": [
                        [
                            "sload",
                            "0x55b91fb95307b5d559958238471c03242b9eb0f4d0f88762e32505930424070d",
                            "0x2a80f6b3e9593a4a6a9a77",
                            4643
                        ]
                    ]
                }
            ]
        ],
        []
    ],
    "0x4bff46316093826fac8a4b5ae2e0335e198518c517628f7fbbc3aa9188a9bd95": [
        [],
        []
    ],
    "0x715106b8cbae2a7f89475c3ec81ce4c3ec764cd3eb9e94bb5493c11b6d178a45": [
        [
            [
                "0x5ade7ae8660293f2ebfcefaba91d141d72d221e8",
                "0x095ea7b3",
                "complete",
                -1,
                221,
                "firstcall",
                {
                    "0x5ade7ae8660293f2ebfcefaba91d141d72d221e8": [
                        [
                            "sstore",
                            "0x2103aeacd83fa7fe3cc3c52eee0074b85c6448f7c59edf5378b5b644c7ec87a1",
                            "0xffffffffffffffffffffffffffffffffffffffffffffffffffffffffffffffff",
                            7928
                        ]
                    ]
                }
            ]
        ],
        []
    ],
    "0xe674f02bc951cd2edbf0b4fea573e74b37493b15b7f079656885258dbbcc4e9b": [
        [
            [
                "0x5ade7ae8660293f2ebfcefaba91d141d72d221e8",
                "0xa9059cbb",
                "complete",
                6318,
                6680,
                "call",
                {
                    "0x5ade7ae8660293f2ebfcefaba91d141d72d221e8": [
                        [
                            "sload",
                            "0x55b91fb95307b5d559958238471c03242b9eb0f4d0f88762e32505930424070d",
                            "0x2a80f6b3e9593a4a6a9a77",
                            8395
                        ],
                        [
                            "sstore",
                            "0x55b91fb95307b5d559958238471c03242b9eb0f4d0f88762e32505930424070d",
                            "0x2a7828eca45ba0fbbaad5b",
                            8475
                        ],
                        [
                            "sload",
                            "0x4a2b1a140a61a928e4b726acf2e8aef46ea6bac88674b262998aaa93181f8b75",
                            "0x562cf74be5e3c73ff54",
                            8543
                        ],
                        [
                            "sstore",
                            "0x4a2b1a140a61a928e4b726acf2e8aef46ea6bac88674b262998aaa93181f8b75",
                            "0xe3096b9bbf78b23ec70",
                            8622
                        ]
                    ]
                }
            ],
            [
                "0x5ade7ae8660293f2ebfcefaba91d141d72d221e8",
                "0x70a08231",
                "complete",
                6815,
                6944,
                "staticcall",
                {
                    "0x5ade7ae8660293f2ebfcefaba91d141d72d221e8": [
                        [
                            "sload",
                            "0x55b91fb95307b5d559958238471c03242b9eb0f4d0f88762e32505930424070d",
                            "0x2a7828eca45ba0fbbaad5b",
                            4643
                        ]
                    ]
                }
            ]
        ],
        []
    ],
    "0x7e4f187f539aee35c5de19af9143734cfc9bc3eb3f635580c46c39d800c803e6": [
        [
            [
                "0x5ade7ae8660293f2ebfcefaba91d141d72d221e8",
                "0xa9059cbb",
                "complete",
                2794,
                3156,
                "call",
                {
                    "0x5ade7ae8660293f2ebfcefaba91d141d72d221e8": [
                        [
                            "sload",
                            "0x55b91fb95307b5d559958238471c03242b9eb0f4d0f88762e32505930424070d",
                            "0x2a7828eca45ba0fbbaad5b",
                            8395
                        ],
                        [
                            "sstore",
                            "0x55b91fb95307b5d559958238471c03242b9eb0f4d0f88762e32505930424070d",
                            "0x2a62fbe9dc7a56053aad5b",
                            8475
                        ],
                        [
                            "sload",
                            "0x38f3fa1fa6ef8c3bf68ceb0aadf9a9deb2ab623346b17a87e666718e43160664",
                            "0x0",
                            8543
                        ],
                        [
                            "sstore",
                            "0x38f3fa1fa6ef8c3bf68ceb0aadf9a9deb2ab623346b17a87e666718e43160664",
                            "0x152d02c7e14af6800000",
                            8622
                        ]
                    ]
                }
            ],
            [
                "0x5ade7ae8660293f2ebfcefaba91d141d72d221e8",
                "0x70a08231",
                "complete",
                3291,
                3420,
                "staticcall",
                {
                    "0x5ade7ae8660293f2ebfcefaba91d141d72d221e8": [
                        [
                            "sload",
                            "0x55b91fb95307b5d559958238471c03242b9eb0f4d0f88762e32505930424070d",
                            "0x2a62fbe9dc7a56053aad5b",
                            4643
                        ]
                    ]
                }
            ]
        ],
        []
    ],
    "0xd0069f2d04f4e47bb1c5c3550c4e128aafc382bef64a5caaa1204c42aca0a2f5": [
        [
            [
                "0x5ade7ae8660293f2ebfcefaba91d141d72d221e8",
                "0xa9059cbb",
                "complete",
                2777,
                3139,
                "call",
                {
                    "0x5ade7ae8660293f2ebfcefaba91d141d72d221e8": [
                        [
                            "sload",
                            "0x55b91fb95307b5d559958238471c03242b9eb0f4d0f88762e32505930424070d",
                            "0x2a62fbe9dc7a56053aad5b",
                            8395
                        ],
                        [
                            "sstore",
                            "0x55b91fb95307b5d559958238471c03242b9eb0f4d0f88762e32505930424070d",
                            "0x2a56cfecc6131607b35471",
                            8475
                        ],
                        [
                            "sload",
                            "0x89c19c4d960d724b2c8f6bc7a4aef417f00427890749787d9b68fe3bd701fd76",
                            "0x0",
                            8543
                        ],
                        [
                            "sstore",
                            "0x89c19c4d960d724b2c8f6bc7a4aef417f00427890749787d9b68fe3bd701fd76",
                            "0xc2bfd16673ffd8758ea",
                            8622
                        ]
                    ]
                }
            ],
            [
                "0x5ade7ae8660293f2ebfcefaba91d141d72d221e8",
                "0x70a08231",
                "complete",
                3274,
                3403,
                "staticcall",
                {
                    "0x5ade7ae8660293f2ebfcefaba91d141d72d221e8": [
                        [
                            "sload",
                            "0x55b91fb95307b5d559958238471c03242b9eb0f4d0f88762e32505930424070d",
                            "0x2a56cfecc6131607b35471",
                            4643
                        ]
                    ]
                }
            ]
        ],
        []
    ],
    "0x9dd85d399535829fdb481a69047ed75ef8cbefee7ed7de58fe56907f7b7d8413": [
        [
            [
                "0x5ade7ae8660293f2ebfcefaba91d141d72d221e8",
                "0xd79875eb",
                "complete",
                -1,
                2293,
                "firstcall",
                {
                    "0x5ade7ae8660293f2ebfcefaba91d141d72d221e8": [
                        [
                            "sload",
                            "0x2",
                            "0x40d8f551bd70eac1788734a",
                            3349
                        ],
                        [
                            "sload",
                            "0x4",
                            "0xa3e249c95104243dd14f9",
                            4775
                        ],
                        [
                            "sload",
                            "0x5",
                            "0xf3e58",
                            4781
                        ],
                        [
                            "sload",
                            "0x4",
                            "0xa3e249c95104243dd14f9",
                            10121
                        ],
                        [
                            "sstore",
                            "0x4",
                            "0xa32d486b7829272b6ed24",
                            10140
                        ],
                        [
                            "sload",
                            "0xa59de0a287b1176d51643ef64507aa30e54a7f18625205fbfa5f7fbecdc9ad4e",
                            "0x478d027c7d40add440d82",
                            9726
                        ],
                        [
                            "sstore",
                            "0xa59de0a287b1176d51643ef64507aa30e54a7f18625205fbfa5f7fbecdc9ad4e",
                            "0x0",
                            9806
                        ],
                        [
                            "sload",
                            "0x2",
                            "0x40d8f551bd70eac1788734a",
                            9814
                        ],
                        [
                            "sstore",
                            "0x2",
                            "0x4091684f40f3aa13a4465c8",
                            9833
                        ]
                    ],
                    "0x6b175474e89094c44da98b954eedeac495271d0f": [
                        [
                            "sload",
                            "0x15faa59cd19891e9621a3bba273a9f040887cde9f44ce391e7a85ff4c6110dc6",
                            "0xa4527a652b4a843adc702",
                            2664
                        ],
                        [
                            "sload",
                            "0x15faa59cd19891e9621a3bba273a9f040887cde9f44ce391e7a85ff4c6110dc6",
                            "0xa4527a652b4a843adc702",
                            3573
                        ],
                        [
                            "sstore",
                            "0x15faa59cd19891e9621a3bba273a9f040887cde9f44ce391e7a85ff4c6110dc6",
                            "0xa39d7907526f872879f2d",
                            3645
                        ],
                        [
                            "sload",
                            "0x6964374785dabe4b4a66b1c784510872672c77fa18cdb0708cd2fe4368b61e20",
                            "0x0",
                            3713
                        ],
                        [
                            "sstore",
                            "0x6964374785dabe4b4a66b1c784510872672c77fa18cdb0708cd2fe4368b61e20",
                            "0xb5015dd8dafd12627d5",
                            3785
                        ]
                    ]
                }
            ],
            [
                "0x16f6664c16bede5d70818654defef11769d40983",
                "0x49f9b0f7",
                "complete",
                190,
                1446,
                "staticcall",
                {}
            ]
        ],
        [
            [
                "0x6b175474e89094c44da98b954eedeac495271d0f",
                "0x5ade7ae8660293f2ebfcefaba91d141d72d221e8",
                "0xf6d61560d1b6e70ab61cc58b0daa5b1dff742351",
                53423346408693778753493
            ]
        ]
    ],
    "0xed3eccbb82f1bd6759467ea0d487fa9e3f436e280196a8371417921aed4da28b": [
        [
            [
                "0x5ade7ae8660293f2ebfcefaba91d141d72d221e8",
                "0xa9059cbb",
                "complete",
                2777,
                3139,
                "call",
                {
                    "0x5ade7ae8660293f2ebfcefaba91d141d72d221e8": [
                        [
                            "sload",
                            "0x55b91fb95307b5d559958238471c03242b9eb0f4d0f88762e32505930424070d",
                            "0x2a56cfecc6131607b35471",
                            8395
                        ],
                        [
                            "sstore",
                            "0x55b91fb95307b5d559958238471c03242b9eb0f4d0f88762e32505930424070d",
                            "0x2a53922d7c112855560d72",
                            8475
                        ],
                        [
                            "sload",
                            "0xc9c93b75f679d94f6c77fa40eb626e769effb304d1f7a51b053bf4c4a0521f3e",
                            "0xf2b9e779e1d09f199e9",
                            8543
                        ],
                        [
                            "sstore",
                            "0xc9c93b75f679d94f6c77fa40eb626e769effb304d1f7a51b053bf4c4a0521f3e",
                            "0x12695dc1a00abc4ee0e8",
                            8622
                        ]
                    ]
                }
            ],
            [
                "0x5ade7ae8660293f2ebfcefaba91d141d72d221e8",
                "0x70a08231",
                "complete",
                3274,
                3403,
                "staticcall",
                {
                    "0x5ade7ae8660293f2ebfcefaba91d141d72d221e8": [
                        [
                            "sload",
                            "0x55b91fb95307b5d559958238471c03242b9eb0f4d0f88762e32505930424070d",
                            "0x2a53922d7c112855560d72",
                            4643
                        ]
                    ]
                }
            ]
        ],
        []
    ],
    "0x351afb919388b17054e0c57cf22fbadf2c172de25b4e89cceb8696670dacd351": [],
    "0x3034c33d92b8ceab1e796e4147516301707c4ded8d6bab1f721dbbcbd428b083": [
        [
            [
                "0x5ade7ae8660293f2ebfcefaba91d141d72d221e8",
                "0xa9059cbb",
                "complete",
                2777,
                3139,
                "call",
                {
                    "0x5ade7ae8660293f2ebfcefaba91d141d72d221e8": [
                        [
                            "sload",
                            "0x55b91fb95307b5d559958238471c03242b9eb0f4d0f88762e32505930424070d",
                            "0x2a53922d7c112855560d72",
                            8395
                        ],
                        [
                            "sstore",
                            "0x55b91fb95307b5d559958238471c03242b9eb0f4d0f88762e32505930424070d",
                            "0x2a4d7fbd6547e67186390e",
                            8475
                        ],
                        [
                            "sload",
                            "0xe6eb23aa61107b6739a72b3250dfd699e20332b916bc5f15cf23fd62a6f58bdd",
                            "0x17ff0f0de3ee6b5fa668",
                            8543
                        ],
                        [
                            "sstore",
                            "0xe6eb23aa61107b6739a72b3250dfd699e20332b916bc5f15cf23fd62a6f58bdd",
                            "0x1e117f24ad304f2f7acc",
                            8622
                        ]
                    ]
                }
            ],
            [
                "0x5ade7ae8660293f2ebfcefaba91d141d72d221e8",
                "0x70a08231",
                "complete",
                3274,
                3403,
                "staticcall",
                {
                    "0x5ade7ae8660293f2ebfcefaba91d141d72d221e8": [
                        [
                            "sload",
                            "0x55b91fb95307b5d559958238471c03242b9eb0f4d0f88762e32505930424070d",
                            "0x2a4d7fbd6547e67186390e",
                            4643
                        ]
                    ]
                }
            ]
        ],
        []
    ]
}