{
    "0x8f2f488a2abe25ff9d8164382e7296d726d2a664688255d6982de548359f8143": [
        [
            [
                "0x5ade7ae8660293f2ebfcefaba91d141d72d221e8",
                "0x23b872dd",
                "complete",
                1511,
                2072,
                "call",
                {
                    "0x5ade7ae8660293f2ebfcefaba91d141d72d221e8": [
                        [
                            "sload",
                            "0xc60f46a628fe3de9b9f6f90adfb4b34a7a121ad74304d3b21f151a31bb5e7623",
                            "0x3300f1e05f5e5af95390",
                            8395
                        ],
                        [
                            "sstore",
                            "0xc60f46a628fe3de9b9f6f90adfb4b34a7a121ad74304d3b21f151a31bb5e7623",
                            "0x0",
                            8475
                        ],
                        [
                            "sload",
                            "0x55b91fb95307b5d559958238471c03242b9eb0f4d0f88762e32505930424070d",
                            "0xe46b127ee3e907e11177f",
                            8543
                        ],
                        [
                            "sstore",
                            "0x55b91fb95307b5d559958238471c03242b9eb0f4d0f88762e32505930424070d",
                            "0xe79b219ce9deed90a6b0f",
                            8622
                        ],
                        [
                            "sload",
                            "0x6e20e1be569955d223b2fda6e80ea3dc6b0729874deaf8e78c807b27cf03b8cc",
                            "0xffffffffffffffffffffffffffffffffffffffffffffffffffffffffffffffff",
                            3526
                        ],
                        [
                            "sstore",
                            "0x6e20e1be569955d223b2fda6e80ea3dc6b0729874deaf8e78c807b27cf03b8cc",
                            "0xffffffffffffffffffffffffffffffffffffffffffffccff0e1fa0a1a506ac6f",
                            7928
                        ]
                    ]
                }
            ],
            [
                "0x5ade7ae8660293f2ebfcefaba91d141d72d221e8",
                "0x70a08231",
                "complete",
                3518,
                3647,
                "staticcall",
                {
                    "0x5ade7ae8660293f2ebfcefaba91d141d72d221e8": [
                        [
                            "sload",
                            "0x55b91fb95307b5d559958238471c03242b9eb0f4d0f88762e32505930424070d",
                            "0xe79b219ce9deed90a6b0f",
                            4643
                        ]
                    ]
                }
            ]
        ],
        []
    ],
    "0xc43129be2d2187603f55e68b81df5dc3a4ccdb7e6e94724b20ae63a7daaf9925": [],
    "0x2c24f2f162a4094377a112797166cce092af3257ee08ca0516d3a06acc99f26c": [
        [
            [
                "0x5ade7ae8660293f2ebfcefaba91d141d72d221e8",
                "0x095ea7b3",
                "complete",
                -1,
                221,
                "firstcall",
                {
                    "0x5ade7ae8660293f2ebfcefaba91d141d72d221e8": [
                        [
                            "sstore",
                            "0x690551a679f1fffb88ceed680850f094355eb334388e5ece96f2e1c3456262da",
                            "0xffffffffffffffffffffffffffffffffffffffffffffffffffffffffffffffff",
                            7928
                        ]
                    ]
                }
            ]
        ],
        []
    ],
    "0x3e7004db346ca0109047cc489db8a3bd6000021b5e448c8ad6186e86884c1fd0": [
        [
            [
                "0x5ade7ae8660293f2ebfcefaba91d141d72d221e8",
                "0x70a08231",
                "complete",
                2060,
                2189,
                "staticcall",
                {
                    "0x5ade7ae8660293f2ebfcefaba91d141d72d221e8": [
                        [
                            "sload",
                            "0xcde56148ce99607200ab4f127732164fc64d4cead028f42a5308c37ec983fb87",
                            "0x17391d7d5d8797c3071db",
                            4643
                        ]
                    ]
                }
            ],
            [
                "0x5ade7ae8660293f2ebfcefaba91d141d72d221e8",
                "0xdd62ed3e",
                "complete",
                2299,
                2451,
                "staticcall",
                {
                    "0x5ade7ae8660293f2ebfcefaba91d141d72d221e8": [
                        [
                            "sload",
                            "0xd4b674e72c4a1fe8610195b41da1d545cac27ddbf562cc18b76e995acf5105c6",
                            "0xfffffffffffffffffffffffffffffffffffffffffffd44f81358c4f3fd7c64fb",
                            7494
                        ]
                    ]
                }
            ],
            [
                "0x5ade7ae8660293f2ebfcefaba91d141d72d221e8",
                "0x23b872dd",
                "complete",
                12212,
                12773,
                "call",
                {
                    "0x5ade7ae8660293f2ebfcefaba91d141d72d221e8": [
                        [
                            "sload",
                            "0xcde56148ce99607200ab4f127732164fc64d4cead028f42a5308c37ec983fb87",
                            "0x17391d7d5d8797c3071db",
                            8395
                        ],
                        [
                            "sstore",
                            "0xcde56148ce99607200ab4f127732164fc64d4cead028f42a5308c37ec983fb87",
                            "0xeff52f13d6546143870b",
                            8475
                        ],
                        [
                            "sload",
                            "0xb056996798399186abef17e6348d35aa3ed630d530b6cdd10aaaa13419995439",
                            "0x16b9d6181b67e47c2cf",
                            8543
                        ],
                        [
                            "sstore",
                            "0xb056996798399186abef17e6348d35aa3ed630d530b6cdd10aaaa13419995439",
                            "0x8508462383db9934ad9f",
                            8622
                        ],
                        [
                            "sload",
                            "0xd4b674e72c4a1fe8610195b41da1d545cac27ddbf562cc18b76e995acf5105c6",
                            "0xfffffffffffffffffffffffffffffffffffffffffffd44f81358c4f3fd7c64fb",
                            3526
                        ],
                        [
                            "sstore",
                            "0xd4b674e72c4a1fe8610195b41da1d545cac27ddbf562cc18b76e995acf5105c6",
                            "0xfffffffffffffffffffffffffffffffffffffffffffcc15b6a96c2cee28f7a2b",
                            7928
                        ]
                    ]
                }
            ],
            [
                "0x5ade7ae8660293f2ebfcefaba91d141d72d221e8",
                "0x70a08231",
                "complete",
                15136,
                15265,
                "call",
                {
                    "0x5ade7ae8660293f2ebfcefaba91d141d72d221e8": [
                        [
                            "sload",
                            "0xb056996798399186abef17e6348d35aa3ed630d530b6cdd10aaaa13419995439",
                            "0x8508462383db9934ad9f",
                            4643
                        ]
                    ]
                }
            ],
            [
                "0x5ade7ae8660293f2ebfcefaba91d141d72d221e8",
                "0xa9059cbb",
                "complete",
                15418,
                15780,
                "call",
                {
                    "0x5ade7ae8660293f2ebfcefaba91d141d72d221e8": [
                        [
                            "sload",
                            "0xb056996798399186abef17e6348d35aa3ed630d530b6cdd10aaaa13419995439",
                            "0x8508462383db9934ad9f",
                            8395
                        ],
                        [
                            "sstore",
                            "0xb056996798399186abef17e6348d35aa3ed630d530b6cdd10aaaa13419995439",
                            "0x16b9d6181b67134ad9f",
                            8475
                        ],
                        [
                            "sload",
                            "0x55b91fb95307b5d559958238471c03242b9eb0f4d0f88762e32505930424070d",
                            "0xede7f77c6cbb3f177da72",
                            8543
                        ],
                        [
                            "sstore",
                            "0x55b91fb95307b5d559958238471c03242b9eb0f4d0f88762e32505930424070d",
                            "0xf621c2088cdd91977da72",
                            8622
                        ]
                    ]
                }
            ],
            [
                "0x5ade7ae8660293f2ebfcefaba91d141d72d221e8",
                "0x70a08231",
                "complete",
                16733,
                16862,
                "staticcall",
                {
                    "0x5ade7ae8660293f2ebfcefaba91d141d72d221e8": [
                        [
                            "sload",
                            "0x55b91fb95307b5d559958238471c03242b9eb0f4d0f88762e32505930424070d",
                            "0xf621c2088cdd91977da72",
                            4643
                        ]
                    ]
                }
            ]
        ],
        []
    ],
    "0x7e2f0ec3925f688315b2a13475808c892bba5c106f91a57c4c2501376ec0574b": [],
    "0xc1ffc7b6f85e46b1b5331f661b652c5c3234a2819ad3c6dc1e35b99436b677db": [
        [
            [
                "0x5ade7ae8660293f2ebfcefaba91d141d72d221e8",
                "0xa9059cbb",
                "complete",
                2899,
                3261,
                "call",
                {
                    "0x5ade7ae8660293f2ebfcefaba91d141d72d221e8": [
                        [
                            "sload",
                            "0x310cefba57cc5c94c41a0bbc7d3eaee4c0438325df6daf66ef97f62996b7f534",
                            "0x4c438cdbb576edb292c0",
                            8395
                        ],
                        [
                            "sstore",
                            "0x310cefba57cc5c94c41a0bbc7d3eaee4c0438325df6daf66ef97f62996b7f534",
                            "0x4a46c1f6b3b6a955fdfe",
                            8475
                        ],
                        [
                            "sload",
                            "0x5bab5487c216215dac18ee74bde691681cf972dfc59740cfaabb913c9a31ce12",
                            "0x0",
                            8543
                        ],
                        [
                            "sstore",
                            "0x5bab5487c216215dac18ee74bde691681cf972dfc59740cfaabb913c9a31ce12",
                            "0x1fccae501c0445c94c2",
                            8622
                        ]
                    ]
                }
            ],
            [
                "0x5ade7ae8660293f2ebfcefaba91d141d72d221e8",
                "0x70a08231",
                "complete",
                3396,
                3525,
                "staticcall",
                {
                    "0x5ade7ae8660293f2ebfcefaba91d141d72d221e8": [
                        [
                            "sload",
                            "0x310cefba57cc5c94c41a0bbc7d3eaee4c0438325df6daf66ef97f62996b7f534",
                            "0x4a46c1f6b3b6a955fdfe",
                            4643
                        ]
                    ]
                }
            ]
        ],
        []
    ],
    "0xc46cdfa198e1e95809638f1c44181a93220eac53f619137ed2e0afa75f79b599": [],
    "0xb9bbb26e4d00c145b3e146be46afcb7f301887fc78066b34dceca08f56fdfe9f": [
        [
            [
                "0x5ade7ae8660293f2ebfcefaba91d141d72d221e8",
                "0xa9059cbb",
                "complete",
                2777,
                3139,
                "call",
                {
                    "0x5ade7ae8660293f2ebfcefaba91d141d72d221e8": [
                        [
                            "sload",
                            "0x55b91fb95307b5d559958238471c03242b9eb0f4d0f88762e32505930424070d",
                            "0xf621c2088cdd91977da72",
                            8395
                        ],
                        [
                            "sstore",
                            "0x55b91fb95307b5d559958238471c03242b9eb0f4d0f88762e32505930424070d",
                            "0xf60207929db431d2720fd",
                            8475
                        ],
                        [
                            "sload",
                            "0xf1c5e1960d3ec7279fcd407745f76ed07d0e2af4d3d850cea544d3da74afffcf",
                            "0x0",
                            8543
                        ],
                        [
                            "sstore",
                            "0xf1c5e1960d3ec7279fcd407745f76ed07d0e2af4d3d850cea544d3da74afffcf",
                            "0x1fba75ef295fc50b975",
                            8622
                        ]
                    ]
                }
            ],
            [
                "0x5ade7ae8660293f2ebfcefaba91d141d72d221e8",
                "0x70a08231",
                "complete",
                3274,
                3403,
                "staticcall",
                {
                    "0x5ade7ae8660293f2ebfcefaba91d141d72d221e8": [
                        [
                            "sload",
                            "0x55b91fb95307b5d559958238471c03242b9eb0f4d0f88762e32505930424070d",
                            "0xf60207929db431d2720fd",
                            4643
                        ]
                    ]
                }
            ]
        ],
        []
    ],
    "0xc5de20cf4aec903bf8fff3a1347fc7ee30c3d70a3ae8ea8ff0e07c41f23b9345": [
        [],
        []
    ],
    "0x8c55e5ae9297ad743b2d852c91947c72aa9d376ca4a97477f9ed9a099c2f77ea": [
        [
            [
                "0x5ade7ae8660293f2ebfcefaba91d141d72d221e8",
                "0xd6febde8",
                "complete",
                -1,
                2262,
                "firstcall",
                {
                    "0x5ade7ae8660293f2ebfcefaba91d141d72d221e8": [
                        [
                            "sload",
                            "0x2",
                            "0x3d7d1c2ca707188ee6e5b37",
                            3349
                        ],
                        [
                            "sload",
                            "0x4",
                            "0x86721a4f886ecb859acef",
                            3618
                        ],
                        [
                            "sload",
                            "0x5",
                            "0xf3e58",
                            3624
                        ],
                        [
                            "sload",
                            "0x4",
                            "0x86721a4f886ecb859acef",
                            10071
                        ],
                        [
                            "sstore",
                            "0x4",
                            "0x868ba637daa4ae5a9acef",
                            10090
                        ],
                        [
                            "sload",
                            "0x2",
                            "0x3d7d1c2ca707188ee6e5b37",
                            9227
                        ],
                        [
                            "sstore",
                            "0x2",
                            "0x3d88c8350d04e31f372bd6a",
                            9246
                        ],
                        [
                            "sload",
                            "0x2f2aaa5196c5a6a99b5303ac035916612006163f970dfc109b39a71266c93e71",
                            "0xeb1fd7bb6e56f",
                            9314
                        ],
                        [
                            "sstore",
                            "0x2f2aaa5196c5a6a99b5303ac035916612006163f970dfc109b39a71266c93e71",
                            "0xbac0866e8ea680bb47a2",
                            9393
                        ]
                    ],
                    "0x6b175474e89094c44da98b954eedeac495271d0f": [
                        [
                            "sload",
                            "0xd43432b69dfe154537a8624e36438e9b950c436aa1c92057d82c8d8b0b781feb",
                            "0x19a274093ce2918c77b",
                            2664
                        ],
                        [
                            "sload",
                            "0xb017dcd841375b7c205807eff9dfcea834ff7bb4ec0a4b455fdc84e7e915b882",
                            "0x2cd76fe086b93ce2f761b86a1bb34a45e40000",
                            2993
                        ],
                        [
                            "sload",
                            "0xb017dcd841375b7c205807eff9dfcea834ff7bb4ec0a4b455fdc84e7e915b882",
                            "0x2cd76fe086b93ce2f761b86a1bb34a45e40000",
                            3127
                        ],
                        [
                            "sload",
                            "0xb017dcd841375b7c205807eff9dfcea834ff7bb4ec0a4b455fdc84e7e915b882",
                            "0x2cd76fe086b93ce2f761b86a1bb34a45e40000",
                            3371
                        ],
                        [
                            "sstore",
                            "0xb017dcd841375b7c205807eff9dfcea834ff7bb4ec0a4b455fdc84e7e915b882",
                            "0x2cd76fe086b93ce2f7601fab968fec18940000",
                            3504
                        ],
                        [
                            "sload",
                            "0xd43432b69dfe154537a8624e36438e9b950c436aa1c92057d82c8d8b0b781feb",
                            "0x19a274093ce2918c77b",
                            3573
                        ],
                        [
                            "sstore",
                            "0xd43432b69dfe154537a8624e36438e9b950c436aa1c92057d82c8d8b0b781feb",
                            "0x168bb706ffbc8c77b",
                            3645
                        ],
                        [
                            "sload",
                            "0x15faa59cd19891e9621a3bba273a9f040887cde9f44ce391e7a85ff4c6110dc6",
                            "0x86b83b872e0d163a2e388",
                            3713
                        ],
                        [
                            "sstore",
                            "0x15faa59cd19891e9621a3bba273a9f040887cde9f44ce391e7a85ff4c6110dc6",
                            "0x86d1c76f8042f90f2e388",
                            3785
                        ]
                    ]
                }
            ],
            [
                "0x16f6664c16bede5d70818654defef11769d40983",
                "0x29a00e7c",
                "complete",
                201,
                1305,
                "staticcall",
                {}
            ]
        ],
        [
            [
                "0x6b175474e89094c44da98b954eedeac495271d0f",
                "0xecbefca4b47354ed168073c1c5ead65a91438704",
                "0x5ade7ae8660293f2ebfcefaba91d141d72d221e8",
                7540000000000000000000
            ]
        ]
    ],
    "0x3d6d45ea188689468a51f2aefcda2fb26190dedaaad754611ca609f30e5b2aec": [
        [
            [
                "0x5ade7ae8660293f2ebfcefaba91d141d72d221e8",
                "0xd6febde8",
                "complete",
                -1,
                2262,
                "firstcall",
                {
                    "0x5ade7ae8660293f2ebfcefaba91d141d72d221e8": [
                        [
                            "sload",
                            "0x2",
                            "0x3d88c8350d04e31f372bd6a",
                            3349
                        ],
                        [
                            "sload",
                            "0x4",
                            "0x868ba637daa4ae5a9acef",
                            3618
                        ],
                        [
                            "sload",
                            "0x5",
                            "0xf3e58",
                            3624
                        ],
                        [
                            "sload",
                            "0x4",
                            "0x868ba637daa4ae5a9acef",
                            10071
                        ],
                        [
                            "sstore",
                            "0x4",
                            "0x8695d04dab39c8189acef",
                            10090
                        ],
                        [
                            "sload",
                            "0x2",
                            "0x3d88c8350d04e31f372bd6a",
                            9227
                        ],
                        [
                            "sstore",
                            "0x2",
                            "0x3d8d6d143ec5f10a4af0ca2",
                            9246
                        ],
                        [
                            "sload",
                            "0x866550538f270ba75b0af223a7c352d56589cd8371e2257fab576c91357ec8ef",
                            "0x3126987d00f19a7e4208",
                            9314
                        ],
                        [
                            "sstore",
                            "0x866550538f270ba75b0af223a7c352d56589cd8371e2257fab576c91357ec8ef",
                            "0x7b748b9911d04bba9140",
                            9393
                        ]
                    ],
                    "0x6b175474e89094c44da98b954eedeac495271d0f": [
                        [
                            "sload",
                            "0x2e4f36e935af2bf9907da7d038bceb88758f793c451fd3d52564ef70525c6e65",
                            "0xd69c872a449e0cc66e",
                            2664
                        ],
                        [
                            "sload",
                            "0x7a397b328f5420762c000d635cdf9f12742f2b67517d023ecdee74fee15e0f05",
                            "0xa2a15d09519be00000",
                            2993
                        ],
                        [
                            "sload",
                            "0x7a397b328f5420762c000d635cdf9f12742f2b67517d023ecdee74fee15e0f05",
                            "0xa2a15d09519be00000",
                            3127
                        ],
                        [
                            "sload",
                            "0x7a397b328f5420762c000d635cdf9f12742f2b67517d023ecdee74fee15e0f05",
                            "0xa2a15d09519be00000",
                            3371
                        ],
                        [
                            "sstore",
                            "0x7a397b328f5420762c000d635cdf9f12742f2b67517d023ecdee74fee15e0f05",
                            "0x0",
                            3504
                        ],
                        [
                            "sload",
                            "0x2e4f36e935af2bf9907da7d038bceb88758f793c451fd3d52564ef70525c6e65",
                            "0xd69c872a449e0cc66e",
                            3573
                        ],
                        [
                            "sstore",
                            "0x2e4f36e935af2bf9907da7d038bceb88758f793c451fd3d52564ef70525c6e65",
                            "0x33fb2a20f3022cc66e",
                            3645
                        ],
                        [
                            "sload",
                            "0x15faa59cd19891e9621a3bba273a9f040887cde9f44ce391e7a85ff4c6110dc6",
                            "0x86d1c76f8042f90f2e388",
                            3713
                        ],
                        [
                            "sstore",
                            "0x15faa59cd19891e9621a3bba273a9f040887cde9f44ce391e7a85ff4c6110dc6",
                            "0x86dbf18550d812cd2e388",
                            3785
                        ]
                    ]
                }
            ],
            [
                "0x16f6664c16bede5d70818654defef11769d40983",
                "0x29a00e7c",
                "complete",
                201,
                1305,
                "staticcall",
                {}
            ]
        ],
        [
            [
                "0x6b175474e89094c44da98b954eedeac495271d0f",
                "0xab850ba6db882ae21f09cde30c5c1b13a6007979",
                "0x5ade7ae8660293f2ebfcefaba91d141d72d221e8",
                3000000000000000000000
            ]
        ]
    ],
    "0xf7bf422df6887565897b047adf5d6c7525c3b0df31348fd6abc727866a8c3fad": [],
    "0x402e8d11628c199a355397a83a9664ce47ad35f9973359bd6e8d9988aac03a1d": [
        [
            [
                "0x16f6664c16bede5d70818654defef11769d40983",
                "0x29a00e7c",
                "complete",
                190,
                1294,
                "staticcall",
                {}
            ],
            [
                "0x5ade7ae8660293f2ebfcefaba91d141d72d221e8",
                "0xaad3ec96",
                "complete",
                1461,
                1805,
                "call",
                {
                    "0x5ade7ae8660293f2ebfcefaba91d141d72d221e8": [
                        [
                            "sload",
                            "0x53b537acfe1fd102612c97c02fd418e586d0015f3544c73509abc8022f6aa363",
                            "0x1",
                            5767
                        ],
                        [
                            "sload",
                            "0x9ed594a99a0ce839ac7cc5d5335ccdc3c2eab45a39c9706889afa6c1f0578c7e",
                            "0x39658acf0d42ed99a160",
                            9726
                        ],
                        [
                            "sstore",
                            "0x9ed594a99a0ce839ac7cc5d5335ccdc3c2eab45a39c9706889afa6c1f0578c7e",
                            "0x3962d4eb5e2c3c11a160",
                            9806
                        ],
                        [
                            "sload",
                            "0x2",
                            "0x3d8d6d143ec5f10a4af0ca2",
                            9814
                        ],
                        [
                            "sstore",
                            "0x2",
                            "0x3d8d6ce8e08aff9f3270ca2",
                            9833
                        ]
                    ]
                }
            ]
        ],
        []
    ],
    "0xed619c5472dd63cb928851c7e89bc784e7c2c53f5fc164ae3355fafa6a7efd44": [
        [
            [
                "0x5ade7ae8660293f2ebfcefaba91d141d72d221e8",
                "0x095ea7b3",
                "complete",
                -1,
                221,
                "firstcall",
                {
                    "0x5ade7ae8660293f2ebfcefaba91d141d72d221e8": [
                        [
                            "sstore",
                            "0x8941444e9d1a7a2651bc761e433607107a3c948c91c44738ef300c6dcd8f3c3e",
                            "0x314dc6448d9338c15b0a00000000",
                            7928
                        ]
                    ]
                }
            ]
        ],
        []
    ],
    "0x76ded4826ecf984d5786b1b0fe28ebce888795339f18608bd2fac74858bc861b": [],
    "0x794fcd887c7b3ea4cb74341c621b2a2332e174df104b9fff26d56d3e7ebec5f4": [
        [
            [
                "0x5ade7ae8660293f2ebfcefaba91d141d72d221e8",
                "0x095ea7b3",
                "complete",
                -1,
                221,
                "firstcall",
                {
                    "0x5ade7ae8660293f2ebfcefaba91d141d72d221e8": [
                        [
                            "sstore",
                            "0xc7c19c707bd4c0a1fff9dfcd10df4fcde94bedcd721855eb98526a69a117b79b",
                            "0xffffffffffffffffffffffffffffffffffffffffffffffffffffffffffffffff",
                            7928
                        ]
                    ]
                }
            ]
        ],
        []
    ],
    "0xc4f0de286980b1b1496654116d91fb40241708c6412eabea11e4c82fead30c18": [
        [
            [
                "0x16f6664c16bede5d70818654defef11769d40983",
                "0x29a00e7c",
                "complete",
                190,
                1294,
                "staticcall",
                {}
            ],
            [
                "0x5ade7ae8660293f2ebfcefaba91d141d72d221e8",
                "0xaad3ec96",
                "complete",
                1461,
                1805,
                "call",
                {
                    "0x5ade7ae8660293f2ebfcefaba91d141d72d221e8": [
                        [
                            "sload",
                            "0x53b537acfe1fd102612c97c02fd418e586d0015f3544c73509abc8022f6aa363",
                            "0x1",
                            5767
                        ],
                        [
                            "sload",
                            "0xf4442db6276f1f14dbc6bf231fb0b3635f9e2324fcf97875f3ff78941f7063c3",
                            "0x3f544ef78cd12c5ba613",
                            9726
                        ],
                        [
                            "sstore",
                            "0xf4442db6276f1f14dbc6bf231fb0b3635f9e2324fcf97875f3ff78941f7063c3",
                            "0x0",
                            9806
                        ],
                        [
                            "sload",
                            "0x2",
                            "0x3d8d6ce8e08aff9f3270ca2",
                            9814
                        ],
                        [
                            "sstore",
                            "0x2",
                            "0x3d8977a3f112328c6cb668f",
                            9833
                        ]
                    ]
                }
            ]
        ],
        []
    ],
    "0xab43ab415077fa5a90dd292b17ab4f577fe7a0dfd641973329a05eb297a46822": [
        [
            [
                "0x16f6664c16bede5d70818654defef11769d40983",
                "0x29a00e7c",
                "complete",
                190,
                1310,
                "staticcall",
                {}
            ],
            [
                "0x5ade7ae8660293f2ebfcefaba91d141d72d221e8",
                "0xaad3ec96",
                "complete",
                1477,
                1821,
                "call",
                {
                    "0x5ade7ae8660293f2ebfcefaba91d141d72d221e8": [
                        [
                            "sload",
                            "0x53b537acfe1fd102612c97c02fd418e586d0015f3544c73509abc8022f6aa363",
                            "0x1",
                            5767
                        ],
                        [
                            "sload",
                            "0xedc577d07e9d0d8f2e5794ad413a3062b5a8cc7b6ee014f2965fa4ac76c5f617",
                            "0x642d04078cde743435ecb2",
                            9726
                        ],
                        [
                            "sstore",
                            "0xedc577d07e9d0d8f2e5794ad413a3062b5a8cc7b6ee014f2965fa4ac76c5f617",
                            "0x57c4a4666edc87c535ecb2",
                            9806
                        ],
                        [
                            "sload",
                            "0x2",
                            "0x3d8977a3f112328c6cb668f",
                            9814
                        ],
                        [
                            "sstore",
                            "0x2",
                            "0x3cc2f1a9df3213c57cb668f",
                            9833
                        ]
                    ]
                }
            ]
        ],
        []
    ],
    "0xfe8df5f9bf3d16d63a4c892cef8217c009834d6f185475f4822ee12dd31f4255": [],
    "0x902e8d736ce8f3d69e212e58be917ceef08b3c978ac9f8cb787bcd098f948ee5": [
        [
            [
                "0x5ade7ae8660293f2ebfcefaba91d141d72d221e8",
                "0xa9059cbb",
                "complete",
                6407,
                6769,
                "call",
                {
                    "0x5ade7ae8660293f2ebfcefaba91d141d72d221e8": [
                        [
                            "sload",
                            "0x55b91fb95307b5d559958238471c03242b9eb0f4d0f88762e32505930424070d",
                            "0xf60207929db431d2720fd",
                            8395
                        ],
                        [
                            "sstore",
                            "0x55b91fb95307b5d559958238471c03242b9eb0f4d0f88762e32505930424070d",
                            "0xf5ebd9f7e63c050c49479",
                            8475
                        ],
                        [
                            "sload",
                            "0x3815468720fd9a65c908794c97225bc2ea1ba757a8e29d34ad50201f7df832e3",
                            "0x0",
                            8543
                        ],
                        [
                            "sstore",
                            "0x3815468720fd9a65c908794c97225bc2ea1ba757a8e29d34ad50201f7df832e3",
                            "0x162d9ab7782cc628c84",
                            8622
                        ]
                    ]
                }
            ],
            [
                "0x5ade7ae8660293f2ebfcefaba91d141d72d221e8",
                "0x70a08231",
                "complete",
                6904,
                7033,
                "staticcall",
                {
                    "0x5ade7ae8660293f2ebfcefaba91d141d72d221e8": [
                        [
                            "sload",
                            "0x55b91fb95307b5d559958238471c03242b9eb0f4d0f88762e32505930424070d",
                            "0xf5ebd9f7e63c050c49479",
                            4643
                        ]
                    ]
                }
            ]
        ],
        []
    ],
    "0xbd6d40f27febb6b831400686051e54eda2501b2c7727b4b8b902754d485112b1": [
        [
            [
                "0x5ade7ae8660293f2ebfcefaba91d141d72d221e8",
                "0x23b872dd",
                "complete",
                2975,
                3536,
                "call",
                {
                    "0x5ade7ae8660293f2ebfcefaba91d141d72d221e8": [
                        [
                            "sload",
                            "0xf5459674b0d4bda1195e5dfb7f5543b5a62b77b3c066c1935caf9732a51b193d",
                            "0x1f43a917c708a6d71697",
                            8395
                        ],
                        [
                            "sstore",
                            "0xf5459674b0d4bda1195e5dfb7f5543b5a62b77b3c066c1935caf9732a51b193d",
                            "0x1ef120eee3c5723c6827",
                            8475
                        ],
                        [
                            "sload",
                            "0x310cefba57cc5c94c41a0bbc7d3eaee4c0438325df6daf66ef97f62996b7f534",
                            "0x4a46c1f6b3b6a955fdfe",
                            8543
                        ],
                        [
                            "sstore",
                            "0x310cefba57cc5c94c41a0bbc7d3eaee4c0438325df6daf66ef97f62996b7f534",
                            "0x4a994a1f96f9ddf0ac6e",
                            8622
                        ],
                        [
                            "sload",
                            "0x501a4fc715d528c4c29369b40d31b60803cd0f12ee19e079e7a3dde0da411e17",
                            "0xfffffffffffffffffffffffffffffffffffffffffffff9474cf335b45bf40338",
                            3526
                        ],
                        [
                            "sstore",
                            "0x501a4fc715d528c4c29369b40d31b60803cd0f12ee19e079e7a3dde0da411e17",
                            "0xfffffffffffffffffffffffffffffffffffffffffffff8f4c4ca5271275954c8",
                            7928
                        ]
                    ]
                }
            ],
            [
                "0x5ade7ae8660293f2ebfcefaba91d141d72d221e8",
                "0x70a08231",
                "complete",
                5219,
                5348,
                "staticcall",
                {
                    "0x5ade7ae8660293f2ebfcefaba91d141d72d221e8": [
                        [
                            "sload",
                            "0x310cefba57cc5c94c41a0bbc7d3eaee4c0438325df6daf66ef97f62996b7f534",
                            "0x4a994a1f96f9ddf0ac6e",
                            4643
                        ]
                    ]
                }
            ]
        ],
        []
    ],
    "0x15fcca42eab51246e08ae6e1e3a1ac171eecc38fdb6f4db05a2980d868100dc6": [
        [
            [
                "0x5ade7ae8660293f2ebfcefaba91d141d72d221e8",
                "0xa9059cbb",
                "complete",
                2777,
                3139,
                "call",
                {
                    "0x5ade7ae8660293f2ebfcefaba91d141d72d221e8": [
                        [
                            "sload",
                            "0x55b91fb95307b5d559958238471c03242b9eb0f4d0f88762e32505930424070d",
                            "0xf5ebd9f7e63c050c49479",
                            8395
                        ],
                        [
                            "sstore",
                            "0x55b91fb95307b5d559958238471c03242b9eb0f4d0f88762e32505930424070d",
                            "0xf5d8d7dbb940f2a269af8",
                            8475
                        ],
                        [
                            "sload",
                            "0x94b4e010e4eec38aadeb4b66c696d56931e827b6099c16c44dbeb31cbcfcee20",
                            "0x0",
                            8543
                        ],
                        [
                            "sstore",
                            "0x94b4e010e4eec38aadeb4b66c696d56931e827b6099c16c44dbeb31cbcfcee20",
                            "0x13021c2cfb1269df981",
                            8622
                        ]
                    ]
                }
            ],
            [
                "0x5ade7ae8660293f2ebfcefaba91d141d72d221e8",
                "0x70a08231",
                "complete",
                3274,
                3403,
                "staticcall",
                {
                    "0x5ade7ae8660293f2ebfcefaba91d141d72d221e8": [
                        [
                            "sload",
                            "0x55b91fb95307b5d559958238471c03242b9eb0f4d0f88762e32505930424070d",
                            "0xf5d8d7dbb940f2a269af8",
                            4643
                        ]
                    ]
                }
            ]
        ],
        []
    ],
    "0x540cf9516c70b97bb7c01f3afcee2dedc0566f188819f54b8f5980ab8fb1ce84": [
        [
            [
                "0x5ade7ae8660293f2ebfcefaba91d141d72d221e8",
                "0xa9059cbb",
                "complete",
                6061,
                6423,
                "call",
                {
                    "0x5ade7ae8660293f2ebfcefaba91d141d72d221e8": [
                        [
                            "sload",
                            "0x55b91fb95307b5d559958238471c03242b9eb0f4d0f88762e32505930424070d",
                            "0xf5d8d7dbb940f2a269af8",
                            8395
                        ],
                        [
                            "sstore",
                            "0x55b91fb95307b5d559958238471c03242b9eb0f4d0f88762e32505930424070d",
                            "0xf1c1561828bb8ba8e2bc9",
                            8475
                        ],
                        [
                            "sload",
                            "0xe147b1e639af684fa540a4c05e29e64ef57a1c05bcb993a413dd5cee3812a5a1",
                            "0x0",
                            8543
                        ],
                        [
                            "sstore",
                            "0xe147b1e639af684fa540a4c05e29e64ef57a1c05bcb993a413dd5cee3812a5a1",
                            "0x41781c3908566f986f2f",
                            8622
                        ]
                    ]
                }
            ],
            [
                "0x5ade7ae8660293f2ebfcefaba91d141d72d221e8",
                "0x70a08231",
                "complete",
                6558,
                6687,
                "staticcall",
                {
                    "0x5ade7ae8660293f2ebfcefaba91d141d72d221e8": [
                        [
                            "sload",
                            "0x55b91fb95307b5d559958238471c03242b9eb0f4d0f88762e32505930424070d",
                            "0xf1c1561828bb8ba8e2bc9",
                            4643
                        ]
                    ]
                }
            ]
        ],
        []
    ],
    "0x0453238215cb9d3dfdcae98ed9cde93932b8ffbd10d9490c49fa0b26083bc553": [
        [
            [
                "0x5ade7ae8660293f2ebfcefaba91d141d72d221e8",
                "0x095ea7b3",
                "complete",
                -1,
                221,
                "firstcall",
                {
                    "0x5ade7ae8660293f2ebfcefaba91d141d72d221e8": [
                        [
                            "sstore",
                            "0xfb3fef848942ab55e278bede7bd9afd19af47d885e8b53a7c857d32461ee158f",
                            "0xffffffffffffffffffffffffffffffffffffffffffffffffffffffffffffffff",
                            7928
                        ]
                    ]
                }
            ]
        ],
        []
    ],
    "0x6996117e37e0c28f6150d8101f1030ed08c877b1e8edf23af5f8570ccd5080f3": [
        [
            [
                "0xc08f38f43adb64d16fe9f9efcc2949d9eddec198",
                "0xd6febde8",
                "complete",
                -1,
                2040,
                "firstcall",
                {
                    "0xc08f38f43adb64d16fe9f9efcc2949d9eddec198": [
                        [
                            "sload",
                            "0x2",
                            "0x2745fb208d95d96c8aeb",
                            3349
                        ],
                        [
                            "sload",
                            "0x4",
                            "0x1c73c39f0add51dbe4cc19",
                            3618
                        ],
                        [
                            "sload",
                            "0x5",
                            "0x7a120",
                            3624
                        ],
                        [
                            "sload",
                            "0x4",
                            "0x1c73c39f0add51dbe4cc19",
                            9947
                        ],
                        [
                            "sstore",
                            "0x4",
                            "0x1c88f0a1d2be9cd264cc19",
                            9966
                        ],
                        [
                            "sload",
                            "0x2",
                            "0x2745fb208d95d96c8aeb",
                            9103
                        ],
                        [
                            "sstore",
                            "0x2",
                            "0x275495cc20699e97078d",
                            9122
                        ],
                        [
                            "sload",
                            "0xfcff327876562a00ca13cd2fc42cdda398409d3496dff31c7f7ec1cd14a0eb16",
                            "0x0",
                            9190
                        ],
                        [
                            "sstore",
                            "0xfcff327876562a00ca13cd2fc42cdda398409d3496dff31c7f7ec1cd14a0eb16",
                            "0xe9aab92d3c52a7ca2",
                            9269
                        ]
                    ],
                    "0x5ade7ae8660293f2ebfcefaba91d141d72d221e8": [
                        [
                            "sload",
                            "0x8c46ca77f0ee03a453b1e6fca0f29fef94f0e1e38c07851c3f25d947fb6be7cc",
                            "0x1",
                            5767
                        ],
                        [
                            "sload",
                            "0xfcff327876562a00ca13cd2fc42cdda398409d3496dff31c7f7ec1cd14a0eb16",
                            "0x95d1ee1399fbe5d82699",
                            9726
                        ],
                        [
                            "sstore",
                            "0xfcff327876562a00ca13cd2fc42cdda398409d3496dff31c7f7ec1cd14a0eb16",
                            "0x80a4eb4bb8b0ef582699",
                            9806
                        ],
                        [
                            "sload",
                            "0x2",
                            "0x3cc2f1a9df3213c57cb668f",
                            9814
                        ],
                        [
                            "sstore",
                            "0x2",
                            "0x3cc19ed9b2b3ff1614b668f",
                            9833
                        ]
                    ]
                }
            ],
            [
                "0x16f6664c16bede5d70818654defef11769d40983",
                "0x29a00e7c",
                "complete",
                190,
                1294,
                "staticcall",
                {}
            ],
            [
                "0x5ade7ae8660293f2ebfcefaba91d141d72d221e8",
                "0xaad3ec96",
                "complete",
                1461,
                1805,
                "call",
                {
                    "0x5ade7ae8660293f2ebfcefaba91d141d72d221e8": [
                        [
                            "sload",
                            "0x8c46ca77f0ee03a453b1e6fca0f29fef94f0e1e38c07851c3f25d947fb6be7cc",
                            "0x1",
                            5767
                        ],
                        [
                            "sload",
                            "0xfcff327876562a00ca13cd2fc42cdda398409d3496dff31c7f7ec1cd14a0eb16",
                            "0x95d1ee1399fbe5d82699",
                            9726
                        ],
                        [
                            "sstore",
                            "0xfcff327876562a00ca13cd2fc42cdda398409d3496dff31c7f7ec1cd14a0eb16",
                            "0x80a4eb4bb8b0ef582699",
                            9806
                        ],
                        [
                            "sload",
                            "0x2",
                            "0x3cc2f1a9df3213c57cb668f",
                            9814
                        ],
                        [
                            "sstore",
                            "0x2",
                            "0x3cc19ed9b2b3ff1614b668f",
                            9833
                        ]
                    ]
                }
            ]
        ],
        []
    ],
    "0x92a0d56d7c4b74063aed97fc2015de235e89bebfc63770c7b0bfc3409b454064": [
        [
            [
                "0xd77c2ab1cd0faa4b79e16a0e7472cb222a9ee175",
                "0x095ea7b3",
                "complete",
                -1,
                221,
                "firstcall",
                {
                    "0xd77c2ab1cd0faa4b79e16a0e7472cb222a9ee175": [
                        [
                            "sstore",
                            "0x686bb26a9fa0e8055200d9f5e734a70556189e247b6de6174e8701ed73545445",
                            "0x2cd76fe086b93ce2f768a00b22a00000000000",
                            7804
                        ]
                    ]
                }
            ]
        ],
        []
    ],
    "0x684c6eb416531cf38228a4143a0ae827f4864abf9cd3beaee1b25d2d74cd6d3a": [
        [
            [
                "0x5ade7ae8660293f2ebfcefaba91d141d72d221e8",
                "0xa9059cbb",
                "complete",
                6702,
                7064,
                "call",
                {
                    "0x5ade7ae8660293f2ebfcefaba91d141d72d221e8": [
                        [
                            "sload",
                            "0x55b91fb95307b5d559958238471c03242b9eb0f4d0f88762e32505930424070d",
                            "0xf1c1561828bb8ba8e2bc9",
                            8395
                        ],
                        [
                            "sstore",
                            "0x55b91fb95307b5d559958238471c03242b9eb0f4d0f88762e32505930424070d",
                            "0xf18f5178200a09f6f234a",
                            8475
                        ],
                        [
                            "sload",
                            "0xfdfe34a0338e6fc48f113c25fb82fa6d72391ec5cc0b5012d2e15289d7d2a19",
                            "0x7e015aa11d92a30e4ba",
                            8543
                        ],
                        [
                            "sstore",
                            "0xfdfe34a0338e6fc48f113c25fb82fa6d72391ec5cc0b5012d2e15289d7d2a19",
                            "0xb005faa9cf1454fed39",
                            8622
                        ]
                    ]
                }
            ],
            [
                "0x5ade7ae8660293f2ebfcefaba91d141d72d221e8",
                "0x70a08231",
                "complete",
                7199,
                7328,
                "staticcall",
                {
                    "0x5ade7ae8660293f2ebfcefaba91d141d72d221e8": [
                        [
                            "sload",
                            "0x55b91fb95307b5d559958238471c03242b9eb0f4d0f88762e32505930424070d",
                            "0xf18f5178200a09f6f234a",
                            4643
                        ]
                    ]
                }
            ]
        ],
        []
    ],
    "0xe49a045a2cc93370cbdce173ffecfe107f81d172bfcb3fce5855ce8109f93cd6": [],
    "0x7808c995a9c6d86aefad0288a543e95a226573915641dae9f16c2c2e70778240": [
        [
            [
                "0x5ade7ae8660293f2ebfcefaba91d141d72d221e8",
                "0xd6febde8",
                "complete",
                -1,
                2262,
                "firstcall",
                {
                    "0x5ade7ae8660293f2ebfcefaba91d141d72d221e8": [
                        [
                            "sload",
                            "0x2",
                            "0x3cc19ed9b2b3ff1614b668f",
                            3349
                        ],
                        [
                            "sload",
                            "0x4",
                            "0x8695d04dab39c8189acef",
                            3618
                        ],
                        [
                            "sload",
                            "0x5",
                            "0xf3e58",
                            3624
                        ],
                        [
                            "sload",
                            "0x4",
                            "0x8695d04dab39c8189acef",
                            10071
                        ],
                        [
                            "sstore",
                            "0x4",
                            "0x8697ef45976ebd411acef",
                            10090
                        ],
                        [
                            "sload",
                            "0x2",
                            "0x3cc19ed9b2b3ff1614b668f",
                            9227
                        ],
                        [
                            "sstore",
                            "0x2",
                            "0x3cc293b83a6aae258334822",
                            9246
                        ],
                        [
                            "sload",
                            "0x3b4c774aa4147a07f6c8bd9ca549d6d99fffed5b997239c3bffea42e225951f7",
                            "0xcede7de9d2733758ad08d",
                            9314
                        ],
                        [
                            "sstore",
                            "0x3b4c774aa4147a07f6c8bd9ca549d6d99fffed5b997239c3bffea42e225951f7",
                            "0xcfd35c71892246c72b220",
                            9393
                        ]
                    ],
                    "0x6b175474e89094c44da98b954eedeac495271d0f": [
                        [
                            "sload",
                            "0xc793432f8daf8f45870add96b146e7a9430c07e652fefec95127ed4998899d47",
                            "0x24dec5cefa012a313284",
                            2664
                        ],
                        [
                            "sload",
                            "0xded44783b2280d9225463c819d05d57ab6f4571e5c557109f124757a2f7c54ec",
                            "0x21ef7ec34f52880000",
                            2993
                        ],
                        [
                            "sload",
                            "0xded44783b2280d9225463c819d05d57ab6f4571e5c557109f124757a2f7c54ec",
                            "0x21ef7ec34f52880000",
                            3127
                        ],
                        [
                            "sload",
                            "0xded44783b2280d9225463c819d05d57ab6f4571e5c557109f124757a2f7c54ec",
                            "0x21ef7ec34f52880000",
                            3371
                        ],
                        [
                            "sstore",
                            "0xded44783b2280d9225463c819d05d57ab6f4571e5c557109f124757a2f7c54ec",
                            "0x0",
                            3504
                        ],
                        [
                            "sload",
                            "0xc793432f8daf8f45870add96b146e7a9430c07e652fefec95127ed4998899d47",
                            "0x24dec5cefa012a313284",
                            3573
                        ],
                        [
                            "sstore",
                            "0xc793432f8daf8f45870add96b146e7a9430c07e652fefec95127ed4998899d47",
                            "0x24bcd65036b1d7a93284",
                            3645
                        ],
                        [
                            "sload",
                            "0x15faa59cd19891e9621a3bba273a9f040887cde9f44ce391e7a85ff4c6110dc6",
                            "0x86dbf18550d812cd2e388",
                            3713
                        ],
                        [
                            "sstore",
                            "0x15faa59cd19891e9621a3bba273a9f040887cde9f44ce391e7a85ff4c6110dc6",
                            "0x86de107d3d0d07f5ae388",
                            3785
                        ]
                    ]
                }
            ],
            [
                "0x16f6664c16bede5d70818654defef11769d40983",
                "0x29a00e7c",
                "complete",
                201,
                1305,
                "staticcall",
                {}
            ]
        ],
        [
            [
                "0x6b175474e89094c44da98b954eedeac495271d0f",
                "0x537037c5ae805b9d4cecab5ee07f12a8e59a15b2",
                "0x5ade7ae8660293f2ebfcefaba91d141d72d221e8",
                626000000000000000000
            ]
        ]
    ],
    "0xa9f324972f0530a759243cf57b6d7c38b389ac5ecc779e223bbdad3f94fe467c": [
        [
            [
                "0x5ade7ae8660293f2ebfcefaba91d141d72d221e8",
                "0x095ea7b3",
                "complete",
                -1,
                221,
                "firstcall",
                {
                    "0x5ade7ae8660293f2ebfcefaba91d141d72d221e8": [
                        [
                            "sstore",
                            "0x82d45e44f197a8549d7be4b93c9f56130453a8ff2dc080c5ead85b38869cde98",
                            "0x21e19e0c9bab2400000",
                            7928
                        ]
                    ]
                }
            ]
        ],
        []
    ],
    "0x1d018792efd7ee533b29a874546564f74dfc32b28cff0356c1cb4d90177ac2e2": [
        [
            [
                "0x5ade7ae8660293f2ebfcefaba91d141d72d221e8",
                "0x23b872dd",
                "complete",
                2215,
                2776,
                "call",
                {
                    "0x5ade7ae8660293f2ebfcefaba91d141d72d221e8": [
                        [
                            "sload",
                            "0x3e7d4620ab77044e0b36ee1dbab76412ace65dd60552be0de1a811c9ff2e7f46",
                            "0x2a797ccefc34826bf379",
                            8395
                        ],
                        [
                            "sstore",
                            "0x3e7d4620ab77044e0b36ee1dbab76412ace65dd60552be0de1a811c9ff2e7f46",
                            "0x6214a9756dbf379",
                            8475
                        ],
                        [
                            "sload",
                            "0x55b91fb95307b5d559958238471c03242b9eb0f4d0f88762e32505930424070d",
                            "0xf18f5178200a09f6f234a",
                            8543
                        ],
                        [
                            "sstore",
                            "0x55b91fb95307b5d559958238471c03242b9eb0f4d0f88762e32505930424070d",
                            "0xf436e8e2fb23dcaff234a",
                            8622
                        ],
                        [
                            "sload",
                            "0x689cb9e55f8b601cffbec39aea677a7924d5e547f3ca61b4adadc7cf7840eec2",
                            "0xffffffffffffffffffffffffffffffffffffffffffff5ed34b2ce3456b33ae1e",
                            3526
                        ],
                        [
                            "sstore",
                            "0x689cb9e55f8b601cffbec39aea677a7924d5e547f3ca61b4adadc7cf7840eec2",
                            "0xffffffffffffffffffffffffffffffffffffffffffff3459d47f31a83fa3ae1e",
                            7928
                        ]
                    ]
                }
            ],
            [
                "0x5ade7ae8660293f2ebfcefaba91d141d72d221e8",
                "0x70a08231",
                "complete",
                4409,
                4538,
                "staticcall",
                {
                    "0x5ade7ae8660293f2ebfcefaba91d141d72d221e8": [
                        [
                            "sload",
                            "0x55b91fb95307b5d559958238471c03242b9eb0f4d0f88762e32505930424070d",
                            "0xf436e8e2fb23dcaff234a",
                            4643
                        ]
                    ]
                }
            ]
        ],
        []
    ],
    "0xf71ca9ed10fbe34888e26a57f9d64290234c139e1372478adfae7591245a4b69": [
        [
            [
                "0x5ade7ae8660293f2ebfcefaba91d141d72d221e8",
                "0xa9059cbb",
                "complete",
                2777,
                3139,
                "call",
                {
                    "0x5ade7ae8660293f2ebfcefaba91d141d72d221e8": [
                        [
                            "sload",
                            "0x55b91fb95307b5d559958238471c03242b9eb0f4d0f88762e32505930424070d",
                            "0xf436e8e2fb23dcaff234a",
                            8395
                        ],
                        [
                            "sstore",
                            "0x55b91fb95307b5d559958238471c03242b9eb0f4d0f88762e32505930424070d",
                            "0xead31d777e73de6c7d398",
                            8475
                        ],
                        [
                            "sload",
                            "0x212aeb5efce8ff02a7243e23db35ce8c5ce093f4f0e8c98b508a096d063e5b75",
                            "0xd72dc5a5a679d6cf30a0",
                            8543
                        ],
                        [
                            "sstore",
                            "0x212aeb5efce8ff02a7243e23db35ce8c5ce093f4f0e8c98b508a096d063e5b75",
                            "0x16d6a7c5d7179bb068052",
                            8622
                        ]
                    ]
                }
            ],
            [
                "0x5ade7ae8660293f2ebfcefaba91d141d72d221e8",
                "0x70a08231",
                "complete",
                3274,
                3403,
                "staticcall",
                {
                    "0x5ade7ae8660293f2ebfcefaba91d141d72d221e8": [
                        [
                            "sload",
                            "0x55b91fb95307b5d559958238471c03242b9eb0f4d0f88762e32505930424070d",
                            "0xead31d777e73de6c7d398",
                            4643
                        ]
                    ]
                }
            ]
        ],
        []
    ],
    "0xadf37ad5d609873f192840aa52a42516cbe7912fa70544491aa64264f85c6289": [
        [],
        []
    ],
    "0x5406ecec79502a1103089ecd2051f4a39d1d8563c4bb12141538a0d6fb5c072e": [
        [],
        []
    ],
    "0xe9df8d811ef994ab0eb06b535f6443552c00540fdf7dbb417b96025872a8d04a": [
        [
            [
                "0x5ade7ae8660293f2ebfcefaba91d141d72d221e8",
                "0x23b872dd",
                "complete",
                1511,
                2072,
                "call",
                {
                    "0x5ade7ae8660293f2ebfcefaba91d141d72d221e8": [
                        [
                            "sload",
                            "0xc2a568e1c62718b28a0cf50a0302c02b1ce1e84639b3808ae73d8017043fa278",
                            "0x7e2712da8948aa52875",
                            8395
                        ],
                        [
                            "sstore",
                            "0xc2a568e1c62718b28a0cf50a0302c02b1ce1e84639b3808ae73d8017043fa278",
                            "0x3a63d6c151f26252875",
                            8475
                        ],
                        [
                            "sload",
                            "0x55b91fb95307b5d559958238471c03242b9eb0f4d0f88762e32505930424070d",
                            "0xead31d777e73de6c7d398",
                            8543
                        ],
                        [
                            "sstore",
                            "0x55b91fb95307b5d559958238471c03242b9eb0f4d0f88762e32505930424070d",
                            "0xeb16e0b397ab34b47d398",
                            8622
                        ],
                        [
                            "sload",
                            "0xe81933ed2c462cebf66af48bc4cc233bb18c3fc54adcb17bbe382fafea9e91fe",
                            "0xffffffffffffffffffffffffffffffffffffffffffffffffffffffffffffffff",
                            3526
                        ],
                        [
                            "sstore",
                            "0xe81933ed2c462cebf66af48bc4cc233bb18c3fc54adcb17bbe382fafea9e91fe",
                            "0xfffffffffffffffffffffffffffffffffffffffffffffbc3cc3e6c8a9b7fffff",
                            7928
                        ]
                    ]
                }
            ],
            [
                "0x5ade7ae8660293f2ebfcefaba91d141d72d221e8",
                "0x70a08231",
                "complete",
                3518,
                3647,
                "staticcall",
                {
                    "0x5ade7ae8660293f2ebfcefaba91d141d72d221e8": [
                        [
                            "sload",
                            "0x55b91fb95307b5d559958238471c03242b9eb0f4d0f88762e32505930424070d",
                            "0xeb16e0b397ab34b47d398",
                            4643
                        ]
                    ]
                }
            ]
        ],
        []
    ],
    "0xdfefb7dc5dfcd1743c73545eb3ed0d5f7bed887b21ec4d8e3ead59fe49e4ee1b": [
        [
            [
                "0x5ade7ae8660293f2ebfcefaba91d141d72d221e8",
                "0xa9059cbb",
                "complete",
                6283,
                6645,
                "call",
                {
                    "0x5ade7ae8660293f2ebfcefaba91d141d72d221e8": [
                        [
                            "sload",
                            "0x55b91fb95307b5d559958238471c03242b9eb0f4d0f88762e32505930424070d",
                            "0xeb16e0b397ab34b47d398",
                            8395
                        ],
                        [
                            "sstore",
                            "0x55b91fb95307b5d559958238471c03242b9eb0f4d0f88762e32505930424070d",
                            "0xeaa035359a9c8bd6fc7de",
                            8475
                        ],
                        [
                            "sload",
                            "0x580e3b6e508c63e26576ffd2dceb0852e7987c5b9fba4268b01e9c3093a0bab9",
                            "0x643dcff2d44c7684048",
                            8543
                        ],
                        [
                            "sstore",
                            "0x580e3b6e508c63e26576ffd2dceb0852e7987c5b9fba4268b01e9c3093a0bab9",
                            "0xdae94defe2f55404c02",
                            8622
                        ]
                    ]
                }
            ],
            [
                "0x5ade7ae8660293f2ebfcefaba91d141d72d221e8",
                "0x70a08231",
                "complete",
                6780,
                6909,
                "staticcall",
                {
                    "0x5ade7ae8660293f2ebfcefaba91d141d72d221e8": [
                        [
                            "sload",
                            "0x55b91fb95307b5d559958238471c03242b9eb0f4d0f88762e32505930424070d",
                            "0xeaa035359a9c8bd6fc7de",
                            4643
                        ]
                    ]
                }
            ]
        ],
        []
    ],
    "0x8012357405de2ede79e1af246ab8a446035ac83a3b0c23b716d67191cf1d9260": [
        [
            [
                "0x5ade7ae8660293f2ebfcefaba91d141d72d221e8",
                "0xa9059cbb",
                "complete",
                2777,
                3139,
                "call",
                {
                    "0x5ade7ae8660293f2ebfcefaba91d141d72d221e8": [
                        [
                            "sload",
                            "0x55b91fb95307b5d559958238471c03242b9eb0f4d0f88762e32505930424070d",
                            "0xeaa035359a9c8bd6fc7de",
                            8395
                        ],
                        [
                            "sstore",
                            "0x55b91fb95307b5d559958238471c03242b9eb0f4d0f88762e32505930424070d",
                            "0xe46b127ee3e907e11177f",
                            8475
                        ],
                        [
                            "sload",
                            "0x9b0f7278e92d6733712ca856cccb0ec1ab08810e4a5c2361551f54212d513823",
                            "0x0",
                            8543
                        ],
                        [
                            "sstore",
                            "0x9b0f7278e92d6733712ca856cccb0ec1ab08810e4a5c2361551f54212d513823",
                            "0x63522b6b6b383f5eb05f",
                            8622
                        ]
                    ]
                }
            ],
            [
                "0x5ade7ae8660293f2ebfcefaba91d141d72d221e8",
                "0x70a08231",
                "complete",
                3274,
                3403,
                "staticcall",
                {
                    "0x5ade7ae8660293f2ebfcefaba91d141d72d221e8": [
                        [
                            "sload",
                            "0x55b91fb95307b5d559958238471c03242b9eb0f4d0f88762e32505930424070d",
                            "0xe46b127ee3e907e11177f",
                            4643
                        ]
                    ]
                }
            ]
        ],
        []
    ],
    "0xbd1933406a4df551daa48e35504a4908a6188f92263d8a4a5ef641532160c7ec": []
}