{
    "0x61dacb53c00da2f5b5df7d00a6bfa40739b16e40146ffb4e9b20a94a71b68928": [
        [
            [
                "0xd77c2ab1cd0faa4b79e16a0e7472cb222a9ee175",
                "0x23b872dd",
                "complete",
                1515,
                2076,
                "call",
                {
                    "0xd77c2ab1cd0faa4b79e16a0e7472cb222a9ee175": [
                        [
                            "sload",
                            "0x52b7d8d1556d27b32f0d4372d9c744513c9e6c5de14e0f24d189d8626a0ff5a9",
                            "0x1accc9d3f96ae490b0",
                            8271
                        ],
                        [
                            "sstore",
                            "0x52b7d8d1556d27b32f0d4372d9c744513c9e6c5de14e0f24d189d8626a0ff5a9",
                            "0x12ab1ec6b5564c90b0",
                            8351
                        ],
                        [
                            "sload",
                            "0xa6a3f8564534e7d68c9062bba1259b92b5e7b300d7e6ffe9ea2be3d9c34a3398",
                            "0x481c22252819ebab9b",
                            8419
                        ],
                        [
                            "sstore",
                            "0xa6a3f8564534e7d68c9062bba1259b92b5e7b300d7e6ffe9ea2be3d9c34a3398",
                            "0x503dcd326c2e83ab9b",
                            8498
                        ],
                        [
                            "sload",
                            "0xd5e3fec5d83dd7cc834743d4afd1ca8f9af1ddf25620f60c42f2919c97d862c3",
                            "0xffffffffffffffffffffffffffffffffffffffffffffffffffffffffffffffff",
                            3526
                        ],
                        [
                            "sstore",
                            "0xd5e3fec5d83dd7cc834743d4afd1ca8f9af1ddf25620f60c42f2919c97d862c3",
                            "0xfffffffffffffffffffffffffffffffffffffffffffffff7de54f2bbeb67ffff",
                            7804
                        ]
                    ]
                }
            ],
            [
                "0xd77c2ab1cd0faa4b79e16a0e7472cb222a9ee175",
                "0x70a08231",
                "complete",
                3702,
                3831,
                "staticcall",
                {
                    "0xd77c2ab1cd0faa4b79e16a0e7472cb222a9ee175": [
                        [
                            "sload",
                            "0xa6a3f8564534e7d68c9062bba1259b92b5e7b300d7e6ffe9ea2be3d9c34a3398",
                            "0x503dcd326c2e83ab9b",
                            4643
                        ]
                    ]
                }
            ]
        ],
        []
    ],
    "0x1d849c919fddcbd197c66a64b8ab68307d07b2ebd4ef7d62d9636f5e51f4283f": [
        [
            [
                "0x5ade7ae8660293f2ebfcefaba91d141d72d221e8",
                "0x70a08231",
                "complete",
                1748,
                1877,
                "staticcall",
                {
                    "0x5ade7ae8660293f2ebfcefaba91d141d72d221e8": [
                        [
                            "sload",
                            "0x1974bf2e8671b5cc8297de7305e30f80edcc901aa8a72328c832fdc1a0301379",
                            "0x47cc8ee78b8d86a974cf4",
                            4643
                        ]
                    ]
                }
            ],
            [
                "0x5ade7ae8660293f2ebfcefaba91d141d72d221e8",
                "0xdd62ed3e",
                "complete",
                1987,
                2139,
                "staticcall",
                {
                    "0x5ade7ae8660293f2ebfcefaba91d141d72d221e8": [
                        [
                            "sload",
                            "0x4e1938be643246c0f3936840f255d656e7565547760f61d843b004a52442c2ce",
                            "0xfffffffffffffffffffffffffffffffffffffffffffd31d96bd723462311a0b8",
                            7494
                        ]
                    ]
                }
            ],
            [
                "0x5ade7ae8660293f2ebfcefaba91d141d72d221e8",
                "0x23b872dd",
                "complete",
                11564,
                12125,
                "call",
                {
                    "0x5ade7ae8660293f2ebfcefaba91d141d72d221e8": [
                        [
                            "sload",
                            "0x1974bf2e8671b5cc8297de7305e30f80edcc901aa8a72328c832fdc1a0301379",
                            "0x47cc8ee78b8d86a974cf4",
                            8395
                        ],
                        [
                            "sstore",
                            "0x1974bf2e8671b5cc8297de7305e30f80edcc901aa8a72328c832fdc1a0301379",
                            "0x3f43e686b2abc2131e93e",
                            8475
                        ],
                        [
                            "sload",
                            "0xb056996798399186abef17e6348d35aa3ed630d530b6cdd10aaaa13419995439",
                            "0x5be567883c3b324b858",
                            8543
                        ],
                        [
                            "sstore",
                            "0xb056996798399186abef17e6348d35aa3ed630d530b6cdd10aaaa13419995439",
                            "0x8e48dc8611dffc8a1c0e",
                            8622
                        ],
                        [
                            "sload",
                            "0x4e1938be643246c0f3936840f255d656e7565547760f61d843b004a52442c2ce",
                            "0xfffffffffffffffffffffffffffffffffffffffffffd31d96bd723462311a0b8",
                            3526
                        ],
                        [
                            "sstore",
                            "0x4e1938be643246c0f3936840f255d656e7565547760f61d843b004a52442c2ce",
                            "0xfffffffffffffffffffffffffffffffffffffffffffca94ee5c99529d9ac3d02",
                            7928
                        ]
                    ]
                }
            ],
            [
                "0x5ade7ae8660293f2ebfcefaba91d141d72d221e8",
                "0x70a08231",
                "complete",
                14488,
                14617,
                "call",
                {
                    "0x5ade7ae8660293f2ebfcefaba91d141d72d221e8": [
                        [
                            "sload",
                            "0xb056996798399186abef17e6348d35aa3ed630d530b6cdd10aaaa13419995439",
                            "0x8e48dc8611dffc8a1c0e",
                            4643
                        ]
                    ]
                }
            ],
            [
                "0x5ade7ae8660293f2ebfcefaba91d141d72d221e8",
                "0xa9059cbb",
                "complete",
                14770,
                15132,
                "call",
                {
                    "0x5ade7ae8660293f2ebfcefaba91d141d72d221e8": [
                        [
                            "sload",
                            "0xb056996798399186abef17e6348d35aa3ed630d530b6cdd10aaaa13419995439",
                            "0x8e48dc8611dffc8a1c0e",
                            8395
                        ],
                        [
                            "sstore",
                            "0xb056996798399186abef17e6348d35aa3ed630d530b6cdd10aaaa13419995439",
                            "0x5be567883c3a48a1c0e",
                            8475
                        ],
                        [
                            "sload",
                            "0x55b91fb95307b5d559958238471c03242b9eb0f4d0f88762e32505930424070d",
                            "0x46f46fc756e651ceb51e4f",
                            8543
                        ],
                        [
                            "sstore",
                            "0x55b91fb95307b5d559958238471c03242b9eb0f4d0f88762e32505930424070d",
                            "0x477cfa4d64746e26b51e4f",
                            8622
                        ]
                    ]
                }
            ],
            [
                "0x5ade7ae8660293f2ebfcefaba91d141d72d221e8",
                "0x70a08231",
                "complete",
                16085,
                16214,
                "staticcall",
                {
                    "0x5ade7ae8660293f2ebfcefaba91d141d72d221e8": [
                        [
                            "sload",
                            "0x55b91fb95307b5d559958238471c03242b9eb0f4d0f88762e32505930424070d",
                            "0x477cfa4d64746e26b51e4f",
                            4643
                        ]
                    ]
                }
            ]
        ],
        []
    ],
    "0xce19804f49675b42a794f36577a291f5dcd90a988f7b86aacce726c7f7998145": [
        [
            [
                "0x5ade7ae8660293f2ebfcefaba91d141d72d221e8",
                "0x28c3d701",
                "complete",
                9740,
                11085,
                "staticcall",
                {
                    "0x5ade7ae8660293f2ebfcefaba91d141d72d221e8": [
                        [
                            "sload",
                            "0x2",
                            "0x42a070d41459dcf26808ae9",
                            3349
                        ],
                        [
                            "sload",
                            "0x4",
                            "0xa4bfd03bd8df652e759ea",
                            3618
                        ],
                        [
                            "sload",
                            "0x5",
                            "0xf3e58",
                            3624
                        ]
                    ]
                }
            ],
            [
                "0x16f6664c16bede5d70818654defef11769d40983",
                "0x29a00e7c",
                "complete",
                9920,
                11024,
                "staticcall",
                {}
            ],
            [
                "0x5ade7ae8660293f2ebfcefaba91d141d72d221e8",
                "0xd6febde8",
                "complete",
                31805,
                33927,
                "call",
                {
                    "0x5ade7ae8660293f2ebfcefaba91d141d72d221e8": [
                        [
                            "sload",
                            "0x2",
                            "0x42a070d41459dcf26808ae9",
                            3349
                        ],
                        [
                            "sload",
                            "0x4",
                            "0xa4bfd03bd8df652e759ea",
                            3618
                        ],
                        [
                            "sload",
                            "0x5",
                            "0xf3e58",
                            3624
                        ],
                        [
                            "sload",
                            "0x4",
                            "0xa4bfd03bd8df652e759ea",
                            10071
                        ],
                        [
                            "sstore",
                            "0x4",
                            "0xa508b203051528020764d",
                            10090
                        ],
                        [
                            "sload",
                            "0x2",
                            "0x42a070d41459dcf26808ae9",
                            9227
                        ],
                        [
                            "sstore",
                            "0x2",
                            "0x42bde2b8ba234d11f867cda",
                            9246
                        ],
                        [
                            "sload",
                            "0xcf1ebd270c9e98b45655fefc8ac3f96c271014d258e730be3e370958b08a8a68",
                            "0x0",
                            9314
                        ],
                        [
                            "sstore",
                            "0xcf1ebd270c9e98b45655fefc8ac3f96c271014d258e730be3e370958b08a8a68",
                            "0x1d71e4a5c9701f905f1f1",
                            9393
                        ]
                    ],
                    "0x6b175474e89094c44da98b954eedeac495271d0f": [
                        [
                            "sload",
                            "0x80b3dc911f3762b423a97146f3ef9efbf188a1bc8bbfa303df03f0f2a8079e55",
                            "0x48e1c72c35c2d391c63",
                            2664
                        ],
                        [
                            "sload",
                            "0x354c3bbafba8b173da80e80fa8a9d416e96f4762d6dad8a46e5a4ce8d4e674ec",
                            "0xffffffffffffffffffffffffffffffffffffffffffffffffffffffffffffffff",
                            2993
                        ],
                        [
                            "sload",
                            "0x80b3dc911f3762b423a97146f3ef9efbf188a1bc8bbfa303df03f0f2a8079e55",
                            "0x48e1c72c35c2d391c63",
                            3573
                        ],
                        [
                            "sstore",
                            "0x80b3dc911f3762b423a97146f3ef9efbf188a1bc8bbfa303df03f0f2a8079e55",
                            "0x0",
                            3645
                        ],
                        [
                            "sload",
                            "0x15faa59cd19891e9621a3bba273a9f040887cde9f44ce391e7a85ff4c6110dc6",
                            "0xa53014cab9c805cb40bf3",
                            3713
                        ],
                        [
                            "sstore",
                            "0x15faa59cd19891e9621a3bba273a9f040887cde9f44ce391e7a85ff4c6110dc6",
                            "0xa578f691e5fdc89ed2856",
                            3785
                        ]
                    ]
                }
            ],
            [
                "0x16f6664c16bede5d70818654defef11769d40983",
                "0x29a00e7c",
                "complete",
                32007,
                33111,
                "staticcall",
                {}
            ],
            [
                "0x5ade7ae8660293f2ebfcefaba91d141d72d221e8",
                "0xdd62ed3e",
                "complete",
                34213,
                34365,
                "staticcall",
                {
                    "0x5ade7ae8660293f2ebfcefaba91d141d72d221e8": [
                        [
                            "sload",
                            "0x318e877804fa38a9977c3b47bc179680f82c7f29e0bb99f1a29a47541820d071",
                            "0xffffffffffffffffffffffffffffffffffffffffffe6a066edd478cd54ca7271",
                            7494
                        ]
                    ]
                }
            ],
            [
                "0x5ade7ae8660293f2ebfcefaba91d141d72d221e8",
                "0x23b872dd",
                "complete",
                36174,
                36735,
                "call",
                {
                    "0x5ade7ae8660293f2ebfcefaba91d141d72d221e8": [
                        [
                            "sload",
                            "0xcf1ebd270c9e98b45655fefc8ac3f96c271014d258e730be3e370958b08a8a68",
                            "0x1d71e4a5c9701f905f1f1",
                            8395
                        ],
                        [
                            "sstore",
                            "0xcf1ebd270c9e98b45655fefc8ac3f96c271014d258e730be3e370958b08a8a68",
                            "0x0",
                            8475
                        ],
                        [
                            "sload",
                            "0x55b91fb95307b5d559958238471c03242b9eb0f4d0f88762e32505930424070d",
                            "0x477cfa4d64746e26b51e4f",
                            8543
                        ],
                        [
                            "sstore",
                            "0x55b91fb95307b5d559958238471c03242b9eb0f4d0f88762e32505930424070d",
                            "0x49541897c10b701fbb1040",
                            8622
                        ],
                        [
                            "sload",
                            "0x318e877804fa38a9977c3b47bc179680f82c7f29e0bb99f1a29a47541820d071",
                            "0xffffffffffffffffffffffffffffffffffffffffffe6a066edd478cd54ca7271",
                            3526
                        ],
                        [
                            "sstore",
                            "0x318e877804fa38a9977c3b47bc179680f82c7f29e0bb99f1a29a47541820d071",
                            "0xffffffffffffffffffffffffffffffffffffffffffe4c948a377e1cb5bc48080",
                            7928
                        ]
                    ]
                }
            ],
            [
                "0x5ade7ae8660293f2ebfcefaba91d141d72d221e8",
                "0x70a08231",
                "complete",
                38181,
                38310,
                "staticcall",
                {
                    "0x5ade7ae8660293f2ebfcefaba91d141d72d221e8": [
                        [
                            "sload",
                            "0x55b91fb95307b5d559958238471c03242b9eb0f4d0f88762e32505930424070d",
                            "0x49541897c10b701fbb1040",
                            4643
                        ]
                    ]
                }
            ]
        ],
        [
            [
                "0x6b175474e89094c44da98b954eedeac495271d0f",
                "0xe69902f347c77a2ea18e23efbcc3f0acc5eb1609",
                "0x5ade7ae8660293f2ebfcefaba91d141d72d221e8",
                21510953505526407306339
            ]
        ]
    ],
    "0xa21238871cdfecdd50935b4fe48378a8caff4ee8c92ad70539997ddad37cd099": [
        [
            [
                "0xe4ffd682380c571a6a07dd8f20b402412e02830e",
                "0xd6febde8",
                "complete",
                -1,
                2040,
                "firstcall",
                {
                    "0xe4ffd682380c571a6a07dd8f20b402412e02830e": [
                        [
                            "sload",
                            "0x2",
                            "0x338f7ae8976a2df03018",
                            3349
                        ],
                        [
                            "sload",
                            "0x4",
                            "0x310a53828364dc39818546",
                            3618
                        ],
                        [
                            "sload",
                            "0x5",
                            "0x7a120",
                            3624
                        ],
                        [
                            "sload",
                            "0x4",
                            "0x310a53828364dc39818546",
                            9947
                        ],
                        [
                            "sstore",
                            "0x4",
                            "0x311f80854b462730018546",
                            9966
                        ],
                        [
                            "sload",
                            "0x2",
                            "0x338f7ae8976a2df03018",
                            9103
                        ],
                        [
                            "sstore",
                            "0x2",
                            "0x339a9b80dd3835fd4490",
                            9122
                        ],
                        [
                            "sload",
                            "0x2a5b64fded0413ee1bbd0604545469f6d8102358c18967f245b3c5ec93ffee59",
                            "0x2dbf72af7ab2f7f",
                            9190
                        ],
                        [
                            "sstore",
                            "0x2a5b64fded0413ee1bbd0604545469f6d8102358c18967f245b3c5ec93ffee59",
                            "0xb23743cf8ffb843f7",
                            9269
                        ]
                    ],
                    "0x5ade7ae8660293f2ebfcefaba91d141d72d221e8": [
                        [
                            "sload",
                            "0x38b87d70d14495111f09602cb283025cd374a927f27c7ad296fe733416c143ac",
                            "0x1",
                            5767
                        ],
                        [
                            "sload",
                            "0x2a5b64fded0413ee1bbd0604545469f6d8102358c18967f245b3c5ec93ffee59",
                            "0x10151f4340ad99f1ab916",
                            9726
                        ],
                        [
                            "sstore",
                            "0x2a5b64fded0413ee1bbd0604545469f6d8102358c18967f245b3c5ec93ffee59",
                            "0xec24f16c298ea89ab916",
                            9806
                        ],
                        [
                            "sload",
                            "0x2",
                            "0x42bde2b8ba234d11f867cda",
                            9814
                        ],
                        [
                            "sstore",
                            "0x2",
                            "0x42bc8fe88da538629067cda",
                            9833
                        ]
                    ]
                }
            ],
            [
                "0x16f6664c16bede5d70818654defef11769d40983",
                "0x29a00e7c",
                "complete",
                190,
                1294,
                "staticcall",
                {}
            ],
            [
                "0x5ade7ae8660293f2ebfcefaba91d141d72d221e8",
                "0xaad3ec96",
                "complete",
                1461,
                1805,
                "call",
                {
                    "0x5ade7ae8660293f2ebfcefaba91d141d72d221e8": [
                        [
                            "sload",
                            "0x38b87d70d14495111f09602cb283025cd374a927f27c7ad296fe733416c143ac",
                            "0x1",
                            5767
                        ],
                        [
                            "sload",
                            "0x2a5b64fded0413ee1bbd0604545469f6d8102358c18967f245b3c5ec93ffee59",
                            "0x10151f4340ad99f1ab916",
                            9726
                        ],
                        [
                            "sstore",
                            "0x2a5b64fded0413ee1bbd0604545469f6d8102358c18967f245b3c5ec93ffee59",
                            "0xec24f16c298ea89ab916",
                            9806
                        ],
                        [
                            "sload",
                            "0x2",
                            "0x42bde2b8ba234d11f867cda",
                            9814
                        ],
                        [
                            "sstore",
                            "0x2",
                            "0x42bc8fe88da538629067cda",
                            9833
                        ]
                    ]
                }
            ]
        ],
        []
    ],
    "0xeb05679ed8a92d04ba7c928e3e9cb311f96ae05323fc5268811e0d0eee7cb8ce": [
        [
            [
                "0x5ade7ae8660293f2ebfcefaba91d141d72d221e8",
                "0x28c3d701",
                "complete",
                211,
                1556,
                "staticcall",
                {
                    "0x5ade7ae8660293f2ebfcefaba91d141d72d221e8": [
                        [
                            "sload",
                            "0x2",
                            "0x42bc8fe88da538629067cda",
                            3349
                        ],
                        [
                            "sload",
                            "0x4",
                            "0xa508b203051528020764d",
                            3618
                        ],
                        [
                            "sload",
                            "0x5",
                            "0xf3e58",
                            3624
                        ]
                    ]
                }
            ],
            [
                "0x16f6664c16bede5d70818654defef11769d40983",
                "0x29a00e7c",
                "complete",
                391,
                1495,
                "staticcall",
                {}
            ],
            [
                "0x5ade7ae8660293f2ebfcefaba91d141d72d221e8",
                "0x90f0c2ea",
                "complete",
                6141,
                7612,
                "staticcall",
                {
                    "0x5ade7ae8660293f2ebfcefaba91d141d72d221e8": [
                        [
                            "sload",
                            "0x2",
                            "0x42bc8fe88da538629067cda",
                            3349
                        ],
                        [
                            "sload",
                            "0x4",
                            "0xa508b203051528020764d",
                            4775
                        ],
                        [
                            "sload",
                            "0x5",
                            "0xf3e58",
                            4781
                        ]
                    ]
                }
            ],
            [
                "0x16f6664c16bede5d70818654defef11769d40983",
                "0x49f9b0f7",
                "complete",
                6311,
                7551,
                "staticcall",
                {}
            ]
        ],
        []
    ],
    "0x0e3bd72937100c965c46b48da5a7f3b68cbe0240caabab99db62032dad23e3d6": [
        [
            [
                "0x5ade7ae8660293f2ebfcefaba91d141d72d221e8",
                "0xa9059cbb",
                "complete",
                6272,
                6634,
                "call",
                {
                    "0x5ade7ae8660293f2ebfcefaba91d141d72d221e8": [
                        [
                            "sload",
                            "0x55b91fb95307b5d559958238471c03242b9eb0f4d0f88762e32505930424070d",
                            "0x49541897c10b701fbb1040",
                            8395
                        ],
                        [
                            "sstore",
                            "0x55b91fb95307b5d559958238471c03242b9eb0f4d0f88762e32505930424070d",
                            "0x4948b2d5fd98cd7e83ee73",
                            8475
                        ],
                        [
                            "sload",
                            "0xa6bd75f4d1218dec558699095b78d350d4c4c61d351182e75c8ca6526fc0f953",
                            "0x146266c873e8a40607ef",
                            8543
                        ],
                        [
                            "sstore",
                            "0xa6bd75f4d1218dec558699095b78d350d4c4c61d351182e75c8ca6526fc0f953",
                            "0x1fc8288be68b453d29bc",
                            8622
                        ]
                    ]
                }
            ],
            [
                "0x5ade7ae8660293f2ebfcefaba91d141d72d221e8",
                "0x70a08231",
                "complete",
                6769,
                6898,
                "staticcall",
                {
                    "0x5ade7ae8660293f2ebfcefaba91d141d72d221e8": [
                        [
                            "sload",
                            "0x55b91fb95307b5d559958238471c03242b9eb0f4d0f88762e32505930424070d",
                            "0x4948b2d5fd98cd7e83ee73",
                            4643
                        ]
                    ]
                }
            ]
        ],
        []
    ],
    "0xfccfe596cc4c450b73bcccb526f81b3391bb391dfddd492db06b683a2aabb603": [
        [
            [
                "0x5ade7ae8660293f2ebfcefaba91d141d72d221e8",
                "0xa9059cbb",
                "complete",
                6530,
                6892,
                "call",
                {
                    "0x5ade7ae8660293f2ebfcefaba91d141d72d221e8": [
                        [
                            "sload",
                            "0x55b91fb95307b5d559958238471c03242b9eb0f4d0f88762e32505930424070d",
                            "0x4948b2d5fd98cd7e83ee73",
                            8395
                        ],
                        [
                            "sstore",
                            "0x55b91fb95307b5d559958238471c03242b9eb0f4d0f88762e32505930424070d",
                            "0x494367954ba07ac0e3ee73",
                            8475
                        ],
                        [
                            "sload",
                            "0xd247bc6647255092c7158e2be0493a1813060d0b5128d434c3ff3a3b6681cb25",
                            "0x0",
                            8543
                        ],
                        [
                            "sstore",
                            "0xd247bc6647255092c7158e2be0493a1813060d0b5128d434c3ff3a3b6681cb25",
                            "0x54b40b1f852bda00000",
                            8622
                        ]
                    ]
                }
            ],
            [
                "0x5ade7ae8660293f2ebfcefaba91d141d72d221e8",
                "0x70a08231",
                "complete",
                7027,
                7156,
                "staticcall",
                {
                    "0x5ade7ae8660293f2ebfcefaba91d141d72d221e8": [
                        [
                            "sload",
                            "0x55b91fb95307b5d559958238471c03242b9eb0f4d0f88762e32505930424070d",
                            "0x494367954ba07ac0e3ee73",
                            4643
                        ]
                    ]
                }
            ]
        ],
        []
    ],
    "0x8c52d750138aa6232896ad9d3eef264f30d5fa58a4df565af8b026c8108ef7c7": [
        [
            [
                "0x5ade7ae8660293f2ebfcefaba91d141d72d221e8",
                "0x23b872dd",
                "complete",
                1511,
                2072,
                "call",
                {
                    "0x5ade7ae8660293f2ebfcefaba91d141d72d221e8": [
                        [
                            "sload",
                            "0x669aa283aeca169e521fe34978993ce97034d62cbc4ac9e726b2ca32d2031b18",
                            "0x154f045cb5932903d97b",
                            8395
                        ],
                        [
                            "sstore",
                            "0x669aa283aeca169e521fe34978993ce97034d62cbc4ac9e726b2ca32d2031b18",
                            "0x0",
                            8475
                        ],
                        [
                            "sload",
                            "0x55b91fb95307b5d559958238471c03242b9eb0f4d0f88762e32505930424070d",
                            "0x494367954ba07ac0e3ee73",
                            8543
                        ],
                        [
                            "sstore",
                            "0x55b91fb95307b5d559958238471c03242b9eb0f4d0f88762e32505930424070d",
                            "0x4958b699a8560de9e7c7ee",
                            8622
                        ],
                        [
                            "sload",
                            "0x82d1d8c1c27d11b9f7a9ef520f296e56eda1d61f3610d2f9622f184608a4d1cc",
                            "0xffffffffffffffffffffffffffffffffffffffffffffffffffffffffffffffff",
                            3526
                        ],
                        [
                            "sstore",
                            "0x82d1d8c1c27d11b9f7a9ef520f296e56eda1d61f3610d2f9622f184608a4d1cc",
                            "0xffffffffffffffffffffffffffffffffffffffffffffeab0fba34a6cd6fc2684",
                            7928
                        ]
                    ]
                }
            ],
            [
                "0x5ade7ae8660293f2ebfcefaba91d141d72d221e8",
                "0x70a08231",
                "complete",
                3518,
                3647,
                "staticcall",
                {
                    "0x5ade7ae8660293f2ebfcefaba91d141d72d221e8": [
                        [
                            "sload",
                            "0x55b91fb95307b5d559958238471c03242b9eb0f4d0f88762e32505930424070d",
                            "0x4958b699a8560de9e7c7ee",
                            4643
                        ]
                    ]
                }
            ]
        ],
        []
    ],
    "0x36693d53c5add7745b93a49062a07dffb66b1a1a1b59b6f99a2af6ebe9c16e30": [
        [
            [
                "0x5ade7ae8660293f2ebfcefaba91d141d72d221e8",
                "0xa9059cbb",
                "complete",
                2777,
                3139,
                "call",
                {
                    "0x5ade7ae8660293f2ebfcefaba91d141d72d221e8": [
                        [
                            "sload",
                            "0x55b91fb95307b5d559958238471c03242b9eb0f4d0f88762e32505930424070d",
                            "0x4958b699a8560de9e7c7ee",
                            8395
                        ],
                        [
                            "sstore",
                            "0x55b91fb95307b5d559958238471c03242b9eb0f4d0f88762e32505930424070d",
                            "0x495102897cba32d9d1c50d",
                            8475
                        ],
                        [
                            "sload",
                            "0xfb65db5b73d5685d747b274f06996734d38e10931a6d2d892e3c1f4807803ccf",
                            "0x0",
                            8543
                        ],
                        [
                            "sstore",
                            "0xfb65db5b73d5685d747b274f06996734d38e10931a6d2d892e3c1f4807803ccf",
                            "0x7b4102b9bdb101602e1",
                            8622
                        ]
                    ]
                }
            ],
            [
                "0x5ade7ae8660293f2ebfcefaba91d141d72d221e8",
                "0x70a08231",
                "complete",
                3274,
                3403,
                "staticcall",
                {
                    "0x5ade7ae8660293f2ebfcefaba91d141d72d221e8": [
                        [
                            "sload",
                            "0x55b91fb95307b5d559958238471c03242b9eb0f4d0f88762e32505930424070d",
                            "0x495102897cba32d9d1c50d",
                            4643
                        ]
                    ]
                }
            ]
        ],
        []
    ],
    "0xed8ff9fecec69823bb3030ab8570da41206dbf71fe1326a3695f8e9dea2f6546": [
        [
            [
                "0xd77c2ab1cd0faa4b79e16a0e7472cb222a9ee175",
                "0xd6febde8",
                "complete",
                -1,
                2056,
                "firstcall",
                {
                    "0xd77c2ab1cd0faa4b79e16a0e7472cb222a9ee175": [
                        [
                            "sload",
                            "0x2",
                            "0x2f9715608ea1ff3e1bb1",
                            3349
                        ],
                        [
                            "sload",
                            "0x4",
                            "0x29c7548af62503bc89516a",
                            3618
                        ],
                        [
                            "sload",
                            "0x5",
                            "0x7a120",
                            3624
                        ],
                        [
                            "sload",
                            "0x4",
                            "0x29c7548af62503bc89516a",
                            9947
                        ],
                        [
                            "sstore",
                            "0x4",
                            "0x29f99a82afea39456d516a",
                            9966
                        ],
                        [
                            "sload",
                            "0x2",
                            "0x2f9715608ea1ff3e1bb1",
                            9103
                        ],
                        [
                            "sstore",
                            "0x2",
                            "0x2fb3aee4b73528803f82",
                            9122
                        ],
                        [
                            "sload",
                            "0x316b191918a84469353265076f491747fbf25f470506c2f7fe8397cccf7807ce",
                            "0x4751ffc3cb8743c6",
                            9190
                        ],
                        [
                            "sstore",
                            "0x316b191918a84469353265076f491747fbf25f470506c2f7fe8397cccf7807ce",
                            "0x1ce0d62856f4c96797",
                            9269
                        ]
                    ],
                    "0x5ade7ae8660293f2ebfcefaba91d141d72d221e8": [
                        [
                            "sload",
                            "0xbb7f75af9ee4c243e190d2ab367265101aa816d4e4743015a851608dd6e1fcfa",
                            "0x1",
                            5767
                        ],
                        [
                            "sload",
                            "0x316b191918a84469353265076f491747fbf25f470506c2f7fe8397cccf7807ce",
                            "0x3245fde9495fe8f12e29",
                            9726
                        ],
                        [
                            "sstore",
                            "0x316b191918a84469353265076f491747fbf25f470506c2f7fe8397cccf7807ce",
                            "0x62f842a600d2e29",
                            9806
                        ],
                        [
                            "sload",
                            "0x2",
                            "0x42bc8fe88da538629067cda",
                            9814
                        ],
                        [
                            "sstore",
                            "0x2",
                            "0x42b96b891208e50a0227cda",
                            9833
                        ]
                    ]
                }
            ],
            [
                "0x16f6664c16bede5d70818654defef11769d40983",
                "0x29a00e7c",
                "complete",
                190,
                1310,
                "staticcall",
                {}
            ],
            [
                "0x5ade7ae8660293f2ebfcefaba91d141d72d221e8",
                "0xaad3ec96",
                "complete",
                1477,
                1821,
                "call",
                {
                    "0x5ade7ae8660293f2ebfcefaba91d141d72d221e8": [
                        [
                            "sload",
                            "0xbb7f75af9ee4c243e190d2ab367265101aa816d4e4743015a851608dd6e1fcfa",
                            "0x1",
                            5767
                        ],
                        [
                            "sload",
                            "0x316b191918a84469353265076f491747fbf25f470506c2f7fe8397cccf7807ce",
                            "0x3245fde9495fe8f12e29",
                            9726
                        ],
                        [
                            "sstore",
                            "0x316b191918a84469353265076f491747fbf25f470506c2f7fe8397cccf7807ce",
                            "0x62f842a600d2e29",
                            9806
                        ],
                        [
                            "sload",
                            "0x2",
                            "0x42bc8fe88da538629067cda",
                            9814
                        ],
                        [
                            "sstore",
                            "0x2",
                            "0x42b96b891208e50a0227cda",
                            9833
                        ]
                    ]
                }
            ]
        ],
        []
    ],
    "0xaad3cb324a4ae1f9f84f9440416a7e7f69c8a0122eed5ee1849668866132b4b3": [
        [
            [
                "0x5ade7ae8660293f2ebfcefaba91d141d72d221e8",
                "0xa9059cbb",
                "complete",
                -1,
                361,
                "firstcall",
                {
                    "0x5ade7ae8660293f2ebfcefaba91d141d72d221e8": [
                        [
                            "sload",
                            "0x39c6318402aed45bc550f21606ef87cfa2e9dec19a40fcb5cb37cf5516540bc5",
                            "0x124080a11ab67040b40000",
                            8395
                        ],
                        [
                            "sstore",
                            "0x39c6318402aed45bc550f21606ef87cfa2e9dec19a40fcb5cb37cf5516540bc5",
                            "0x10f8dbe0490c2b82000000",
                            8475
                        ],
                        [
                            "sload",
                            "0x2278590fb6631d7761c42e15146aad0330c8a9511eabd0f5de6a3bed066baac2",
                            "0x75db529fa7d8cd5ce3451",
                            8543
                        ],
                        [
                            "sstore",
                            "0x2278590fb6631d7761c42e15146aad0330c8a9511eabd0f5de6a3bed066baac2",
                            "0x8a559eacc27d194823451",
                            8622
                        ]
                    ]
                }
            ]
        ],
        []
    ],
    "0x48787d55c3c5cf06a0c96a0453d67b9405d8c0b7fbe06c7c2b0f6f19cb4b1ed9": [
        [
            [
                "0xc08f38f43adb64d16fe9f9efcc2949d9eddec198",
                "0xd6febde8",
                "complete",
                -1,
                2040,
                "firstcall",
                {
                    "0xc08f38f43adb64d16fe9f9efcc2949d9eddec198": [
                        [
                            "sload",
                            "0x2",
                            "0x4225adae9ac78deae251",
                            3349
                        ],
                        [
                            "sload",
                            "0x4",
                            "0x50b67a01c84c9d8f75b2b9",
                            3618
                        ],
                        [
                            "sload",
                            "0x5",
                            "0x7a120",
                            3624
                        ],
                        [
                            "sload",
                            "0x4",
                            "0x50b67a01c84c9d8f75b2b9",
                            9947
                        ],
                        [
                            "sstore",
                            "0x4",
                            "0x50bef2694b73885875b2b9",
                            9966
                        ],
                        [
                            "sload",
                            "0x2",
                            "0x4225adae9ac78deae251",
                            9103
                        ],
                        [
                            "sstore",
                            "0x2",
                            "0x42292622b3c73da10887",
                            9122
                        ],
                        [
                            "sload",
                            "0xb507c1c5317c5c557dddf8c39d2c44fc009d24865037eee30f25711450ba9f2c",
                            "0x0",
                            9190
                        ],
                        [
                            "sstore",
                            "0xb507c1c5317c5c557dddf8c39d2c44fc009d24865037eee30f25711450ba9f2c",
                            "0x3787418ffafb62636",
                            9269
                        ]
                    ],
                    "0x5ade7ae8660293f2ebfcefaba91d141d72d221e8": [
                        [
                            "sload",
                            "0x8c46ca77f0ee03a453b1e6fca0f29fef94f0e1e38c07851c3f25d947fb6be7cc",
                            "0x1",
                            5767
                        ],
                        [
                            "sload",
                            "0xb507c1c5317c5c557dddf8c39d2c44fc009d24865037eee30f25711450ba9f2c",
                            "0x1e5786d06273d18bf06b",
                            9726
                        ],
                        [
                            "sstore",
                            "0xb507c1c5317c5c557dddf8c39d2c44fc009d24865037eee30f25711450ba9f2c",
                            "0x15df1f4d3b89088bf06b",
                            9806
                        ],
                        [
                            "sload",
                            "0x2",
                            "0x42b96b891208e50a0227cda",
                            9814
                        ],
                        [
                            "sstore",
                            "0x2",
                            "0x42b8e40299d6765d7227cda",
                            9833
                        ]
                    ]
                }
            ],
            [
                "0x16f6664c16bede5d70818654defef11769d40983",
                "0x29a00e7c",
                "complete",
                190,
                1294,
                "staticcall",
                {}
            ],
            [
                "0x5ade7ae8660293f2ebfcefaba91d141d72d221e8",
                "0xaad3ec96",
                "complete",
                1461,
                1805,
                "call",
                {
                    "0x5ade7ae8660293f2ebfcefaba91d141d72d221e8": [
                        [
                            "sload",
                            "0x8c46ca77f0ee03a453b1e6fca0f29fef94f0e1e38c07851c3f25d947fb6be7cc",
                            "0x1",
                            5767
                        ],
                        [
                            "sload",
                            "0xb507c1c5317c5c557dddf8c39d2c44fc009d24865037eee30f25711450ba9f2c",
                            "0x1e5786d06273d18bf06b",
                            9726
                        ],
                        [
                            "sstore",
                            "0xb507c1c5317c5c557dddf8c39d2c44fc009d24865037eee30f25711450ba9f2c",
                            "0x15df1f4d3b89088bf06b",
                            9806
                        ],
                        [
                            "sload",
                            "0x2",
                            "0x42b96b891208e50a0227cda",
                            9814
                        ],
                        [
                            "sstore",
                            "0x2",
                            "0x42b8e40299d6765d7227cda",
                            9833
                        ]
                    ]
                }
            ]
        ],
        []
    ],
    "0x6bf679896806c97a98a8ad0e8e75621c8d1b413bbe2304d069d49c4066056c86": [
        [
            [
                "0x5ade7ae8660293f2ebfcefaba91d141d72d221e8",
                "0xa9059cbb",
                "complete",
                -1,
                361,
                "firstcall",
                {
                    "0x5ade7ae8660293f2ebfcefaba91d141d72d221e8": [
                        [
                            "sload",
                            "0xafe17399033f50aa88d162183d790d7c2f55801cbc23f564d225e6bf2da84f1d",
                            "0x4cae7382dade50ab9068",
                            8395
                        ],
                        [
                            "sstore",
                            "0xafe17399033f50aa88d162183d790d7c2f55801cbc23f564d225e6bf2da84f1d",
                            "0x44360bffb3f387ab9068",
                            8475
                        ],
                        [
                            "sload",
                            "0xb28e6f371c1f50b0e25c7512cb8501ff6dba52b6dfd29ad8620fa3893ace34a3",
                            "0x0",
                            8543
                        ],
                        [
                            "sstore",
                            "0xb28e6f371c1f50b0e25c7512cb8501ff6dba52b6dfd29ad8620fa3893ace34a3",
                            "0x878678326eac9000000",
                            8622
                        ]
                    ]
                }
            ]
        ],
        []
    ],
    "0x06a634d1811490ffa08dd6e750586a38d891d9be7fb40fec562c874d8730d3d5": [],
    "0xb5deb0c267a9a9e0ef5045ac5d9b033664219d5a8364ad3d11c1357c262c30c3": [
        [
            [
                "0x5ade7ae8660293f2ebfcefaba91d141d72d221e8",
                "0xd6febde8",
                "complete",
                -1,
                2121,
                "firstcall",
                {
                    "0x5ade7ae8660293f2ebfcefaba91d141d72d221e8": [
                        [
                            "sload",
                            "0x2",
                            "0x42b8e40299d6765d7227cda",
                            3349
                        ],
                        [
                            "sload",
                            "0x4",
                            "0xa508b203051528020764d",
                            3618
                        ],
                        [
                            "sload",
                            "0x5",
                            "0xf3e58",
                            3624
                        ],
                        [
                            "sload",
                            "0x4",
                            "0xa508b203051528020764d",
                            10071
                        ],
                        [
                            "sstore",
                            "0x4",
                            "0xa50c155f9ff185ec0764d",
                            10090
                        ],
                        [
                            "sload",
                            "0x2",
                            "0x42b8e40299d6765d7227cda",
                            9227
                        ],
                        [
                            "sstore",
                            "0x2",
                            "0x42ba42541c1c435778904b9",
                            9246
                        ],
                        [
                            "sload",
                            "0xfe5befdbc410d16bf6e60be7bcf6779263ac3b78d86d595b5c2d215a391f166a",
                            "0x0",
                            9314
                        ],
                        [
                            "sstore",
                            "0xfe5befdbc410d16bf6e60be7bcf6779263ac3b78d86d595b5c2d215a391f166a",
                            "0x15e518245ccfa06687df",
                            9393
                        ]
                    ],
                    "0x6b175474e89094c44da98b954eedeac495271d0f": [
                        [
                            "sload",
                            "0x5076ef19c5039ce4cf6819904094312034651a9aae6f2ec239395c87a06dee8a",
                            "0x52b8ab2ca185b87a921",
                            2664
                        ],
                        [
                            "sload",
                            "0xed8a1b5f75f4d05ff9a388ee02001af8ae875900915dac58e34eb43804c22911",
                            "0xffffffffffffffffffffffffffffffffffffffffffffffffffffffffffffffff",
                            2993
                        ],
                        [
                            "sload",
                            "0x5076ef19c5039ce4cf6819904094312034651a9aae6f2ec239395c87a06dee8a",
                            "0x52b8ab2ca185b87a921",
                            3573
                        ],
                        [
                            "sstore",
                            "0x5076ef19c5039ce4cf6819904094312034651a9aae6f2ec239395c87a06dee8a",
                            "0x4f554e91c527ce7a921",
                            3645
                        ],
                        [
                            "sload",
                            "0x15faa59cd19891e9621a3bba273a9f040887cde9f44ce391e7a85ff4c6110dc6",
                            "0xa578f691e5fdc89ed2856",
                            3713
                        ],
                        [
                            "sstore",
                            "0x15faa59cd19891e9621a3bba273a9f040887cde9f44ce391e7a85ff4c6110dc6",
                            "0xa57c59ee80da2688d2856",
                            3785
                        ]
                    ]
                }
            ],
            [
                "0x16f6664c16bede5d70818654defef11769d40983",
                "0x29a00e7c",
                "complete",
                201,
                1305,
                "staticcall",
                {}
            ]
        ],
        [
            [
                "0x6b175474e89094c44da98b954eedeac495271d0f",
                "0x86e9bfa8110b4211c0c17d62aebe2e144bc236d0",
                "0x5ade7ae8660293f2ebfcefaba91d141d72d221e8",
                1000000000000000000000
            ]
        ]
    ],
    "0x8ab3cbe1f5aec457baa1d5bb97bdd0ecf78eadabfbd5ffc57cda83b7cafb5a70": [
        [],
        []
    ],
    "0xfdbcaeacb8c2da7eef3103421bdd46b15dddc2e702f649249178b9a0383453a3": [
        [
            [
                "0x5ade7ae8660293f2ebfcefaba91d141d72d221e8",
                "0x095ea7b3",
                "complete",
                -1,
                221,
                "firstcall",
                {
                    "0x5ade7ae8660293f2ebfcefaba91d141d72d221e8": [
                        [
                            "sstore",
                            "0x7316bdb3ec04bc410a2639013c04596453e0ac13768568c07218d502c82c5425",
                            "0xd3c21bcecceda1000000",
                            7928
                        ]
                    ]
                }
            ]
        ],
        []
    ],
    "0x0f59fb76fb9c1815649a910c0f75ab5a60eaaf09a1e1191962117406cacea25a": [],
    "0x929bfe3c982212f3a837d64ab44531c45bfe17902e10c74f283283b81c6f5331": [
        [
            [
                "0x5ade7ae8660293f2ebfcefaba91d141d72d221e8",
                "0xa9059cbb",
                "complete",
                2777,
                3139,
                "call",
                {
                    "0x5ade7ae8660293f2ebfcefaba91d141d72d221e8": [
                        [
                            "sload",
                            "0x55b91fb95307b5d559958238471c03242b9eb0f4d0f88762e32505930424070d",
                            "0x495102897cba32d9d1c50d",
                            8395
                        ],
                        [
                            "sstore",
                            "0x55b91fb95307b5d559958238471c03242b9eb0f4d0f88762e32505930424070d",
                            "0x494f15c65196d06a3630b9",
                            8475
                        ],
                        [
                            "sload",
                            "0x7fca700b611a3dd312afb69bc9c48f2b623d717b155535771f666690a680422a",
                            "0x0",
                            8543
                        ],
                        [
                            "sstore",
                            "0x7fca700b611a3dd312afb69bc9c48f2b623d717b155535771f666690a680422a",
                            "0x1ecc32b23626f9b9454",
                            8622
                        ]
                    ]
                }
            ],
            [
                "0x5ade7ae8660293f2ebfcefaba91d141d72d221e8",
                "0x70a08231",
                "complete",
                3274,
                3403,
                "staticcall",
                {
                    "0x5ade7ae8660293f2ebfcefaba91d141d72d221e8": [
                        [
                            "sload",
                            "0x55b91fb95307b5d559958238471c03242b9eb0f4d0f88762e32505930424070d",
                            "0x494f15c65196d06a3630b9",
                            4643
                        ]
                    ]
                }
            ]
        ],
        []
    ],
    "0x4e95536bdda658f902c6ff93a694c8d63b5388fe74363b78fcdf8b701988f418": [
        [
            [
                "0x5ade7ae8660293f2ebfcefaba91d141d72d221e8",
                "0xa9059cbb",
                "complete",
                2777,
                3139,
                "call",
                {
                    "0x5ade7ae8660293f2ebfcefaba91d141d72d221e8": [
                        [
                            "sload",
                            "0x55b91fb95307b5d559958238471c03242b9eb0f4d0f88762e32505930424070d",
                            "0x494f15c65196d06a3630b9",
                            8395
                        ],
                        [
                            "sstore",
                            "0x55b91fb95307b5d559958238471c03242b9eb0f4d0f88762e32505930424070d",
                            "0x494e50b2b61796b8f6549f",
                            8475
                        ],
                        [
                            "sload",
                            "0x2ce40991f261e9e1718bf669af1b4e42970965f6c8372db7c9e07630963ac09b",
                            "0x0",
                            8543
                        ],
                        [
                            "sstore",
                            "0x2ce40991f261e9e1718bf669af1b4e42970965f6c8372db7c9e07630963ac09b",
                            "0xc5139b7f39b13fdc1a",
                            8622
                        ]
                    ]
                }
            ],
            [
                "0x5ade7ae8660293f2ebfcefaba91d141d72d221e8",
                "0x70a08231",
                "complete",
                3274,
                3403,
                "staticcall",
                {
                    "0x5ade7ae8660293f2ebfcefaba91d141d72d221e8": [
                        [
                            "sload",
                            "0x55b91fb95307b5d559958238471c03242b9eb0f4d0f88762e32505930424070d",
                            "0x494e50b2b61796b8f6549f",
                            4643
                        ]
                    ]
                }
            ]
        ],
        []
    ],
    "0xa59e2412dea7283ae4d20f74fdb72a7eb2fade2e8682a19854259d704ca4097b": [
        [
            [
                "0xd77c2ab1cd0faa4b79e16a0e7472cb222a9ee175",
                "0xd79875eb",
                "complete",
                -1,
                2245,
                "firstcall",
                {
                    "0xd77c2ab1cd0faa4b79e16a0e7472cb222a9ee175": [
                        [
                            "sload",
                            "0x2",
                            "0x2fb3aee4b73528803f82",
                            3349
                        ],
                        [
                            "sload",
                            "0x4",
                            "0x29f99a82afea39456d516a",
                            4775
                        ],
                        [
                            "sload",
                            "0x5",
                            "0x7a120",
                            4781
                        ],
                        [
                            "sload",
                            "0x4",
                            "0x29f99a82afea39456d516a",
                            9997
                        ],
                        [
                            "sstore",
                            "0x4",
                            "0x28b2f986586cee71bd21fe",
                            10016
                        ],
                        [
                            "sload",
                            "0x5ccf3c350ef9c2373ba349bc490cc6ca1b253ef3c3118d0e7ebd44c2d7bc331c",
                            "0xbb074bad52d579d3dd",
                            9602
                        ],
                        [
                            "sstore",
                            "0x5ccf3c350ef9c2373ba349bc490cc6ca1b253ef3c3118d0e7ebd44c2d7bc331c",
                            "0x0",
                            9682
                        ],
                        [
                            "sload",
                            "0x2",
                            "0x2fb3aee4b73528803f82",
                            9690
                        ],
                        [
                            "sstore",
                            "0x2",
                            "0x2ef8a79909e253066ba5",
                            9709
                        ]
                    ],
                    "0x5ade7ae8660293f2ebfcefaba91d141d72d221e8": [
                        [
                            "sload",
                            "0xbb7f75af9ee4c243e190d2ab367265101aa816d4e4743015a851608dd6e1fcfa",
                            "0x1",
                            4068
                        ],
                        [
                            "sload",
                            "0x2",
                            "0x42ba42541c1c435778904b9",
                            9227
                        ],
                        [
                            "sstore",
                            "0x2",
                            "0x42ceac63e1941804b393425",
                            9246
                        ],
                        [
                            "sload",
                            "0x5ccf3c350ef9c2373ba349bc490cc6ca1b253ef3c3118d0e7ebd44c2d7bc331c",
                            "0x19eca870a99ee0ad1e361",
                            9314
                        ],
                        [
                            "sstore",
                            "0x5ccf3c350ef9c2373ba349bc490cc6ca1b253ef3c3118d0e7ebd44c2d7bc331c",
                            "0x2e56b83621738de8212cd",
                            9393
                        ]
                    ]
                }
            ],
            [
                "0x16f6664c16bede5d70818654defef11769d40983",
                "0x49f9b0f7",
                "complete",
                195,
                1467,
                "staticcall",
                {}
            ],
            [
                "0x5ade7ae8660293f2ebfcefaba91d141d72d221e8",
                "0x5d8a776e",
                "complete",
                1891,
                2173,
                "call",
                {
                    "0x5ade7ae8660293f2ebfcefaba91d141d72d221e8": [
                        [
                            "sload",
                            "0xbb7f75af9ee4c243e190d2ab367265101aa816d4e4743015a851608dd6e1fcfa",
                            "0x1",
                            4068
                        ],
                        [
                            "sload",
                            "0x2",
                            "0x42ba42541c1c435778904b9",
                            9227
                        ],
                        [
                            "sstore",
                            "0x2",
                            "0x42ceac63e1941804b393425",
                            9246
                        ],
                        [
                            "sload",
                            "0x5ccf3c350ef9c2373ba349bc490cc6ca1b253ef3c3118d0e7ebd44c2d7bc331c",
                            "0x19eca870a99ee0ad1e361",
                            9314
                        ],
                        [
                            "sstore",
                            "0x5ccf3c350ef9c2373ba349bc490cc6ca1b253ef3c3118d0e7ebd44c2d7bc331c",
                            "0x2e56b83621738de8212cd",
                            9393
                        ]
                    ]
                }
            ]
        ],
        []
    ],
    "0xcb3a4633bf464fd8c3f12e08ac1ded2862a59cb1620463ad8685a90c2bf33109": [
        [
            [
                "0xe4ffd682380c571a6a07dd8f20b402412e02830e",
                "0x095ea7b3",
                "complete",
                -1,
                221,
                "firstcall",
                {
                    "0xe4ffd682380c571a6a07dd8f20b402412e02830e": [
                        [
                            "sstore",
                            "0xf130e1c1afd99f56e7f9b83b1bd8aebd74994cd1968c9ed9f1a26e05353deb29",
                            "0x152d02c7e14af67fffff",
                            7804
                        ]
                    ]
                }
            ]
        ],
        []
    ],
    "0x366c22517dfe811fc39f4ce18d178193e1968211307dc450ec17fcfc20f11dfd": [
        [
            [
                "0xd77c2ab1cd0faa4b79e16a0e7472cb222a9ee175",
                "0xd6febde8",
                "complete",
                -1,
                2040,
                "firstcall",
                {
                    "0xd77c2ab1cd0faa4b79e16a0e7472cb222a9ee175": [
                        [
                            "sload",
                            "0x2",
                            "0x2ef8a79909e253066ba5",
                            3349
                        ],
                        [
                            "sload",
                            "0x4",
                            "0x28b2f986586cee71bd21fe",
                            3618
                        ],
                        [
                            "sload",
                            "0x5",
                            "0x7a120",
                            3624
                        ],
                        [
                            "sload",
                            "0x4",
                            "0x28b2f986586cee71bd21fe",
                            9947
                        ],
                        [
                            "sstore",
                            "0x4",
                            "0x28b735ba1a0063d63d21fe",
                            9966
                        ],
                        [
                            "sload",
                            "0x2",
                            "0x2ef8a79909e253066ba5",
                            9103
                        ],
                        [
                            "sstore",
                            "0x2",
                            "0x2efb192ddc07df9ba358",
                            9122
                        ],
                        [
                            "sload",
                            "0xfd46949fe209aaba7a143b017c1b50c6038c5e53980aae317233fd51c266a168",
                            "0x32c258d097eb5db44",
                            9190
                        ],
                        [
                            "sstore",
                            "0xfd46949fe209aaba7a143b017c1b50c6038c5e53980aae317233fd51c266a168",
                            "0x59dba5f2f0b4b12f7",
                            9269
                        ]
                    ],
                    "0x5ade7ae8660293f2ebfcefaba91d141d72d221e8": [
                        [
                            "sload",
                            "0xbb7f75af9ee4c243e190d2ab367265101aa816d4e4743015a851608dd6e1fcfa",
                            "0x1",
                            5767
                        ],
                        [
                            "sload",
                            "0xfd46949fe209aaba7a143b017c1b50c6038c5e53980aae317233fd51c266a168",
                            "0x1edc100a3348dc87f747",
                            9726
                        ],
                        [
                            "sstore",
                            "0xfd46949fe209aaba7a143b017c1b50c6038c5e53980aae317233fd51c266a168",
                            "0x1a9fdc489fd37807f747",
                            9806
                        ],
                        [
                            "sload",
                            "0x2",
                            "0x42ceac63e1941804b393425",
                            9814
                        ],
                        [
                            "sstore",
                            "0x2",
                            "0x42ce68a0a57ae0ae6b93425",
                            9833
                        ]
                    ]
                }
            ],
            [
                "0x16f6664c16bede5d70818654defef11769d40983",
                "0x29a00e7c",
                "complete",
                190,
                1294,
                "staticcall",
                {}
            ],
            [
                "0x5ade7ae8660293f2ebfcefaba91d141d72d221e8",
                "0xaad3ec96",
                "complete",
                1461,
                1805,
                "call",
                {
                    "0x5ade7ae8660293f2ebfcefaba91d141d72d221e8": [
                        [
                            "sload",
                            "0xbb7f75af9ee4c243e190d2ab367265101aa816d4e4743015a851608dd6e1fcfa",
                            "0x1",
                            5767
                        ],
                        [
                            "sload",
                            "0xfd46949fe209aaba7a143b017c1b50c6038c5e53980aae317233fd51c266a168",
                            "0x1edc100a3348dc87f747",
                            9726
                        ],
                        [
                            "sstore",
                            "0xfd46949fe209aaba7a143b017c1b50c6038c5e53980aae317233fd51c266a168",
                            "0x1a9fdc489fd37807f747",
                            9806
                        ],
                        [
                            "sload",
                            "0x2",
                            "0x42ceac63e1941804b393425",
                            9814
                        ],
                        [
                            "sstore",
                            "0x2",
                            "0x42ce68a0a57ae0ae6b93425",
                            9833
                        ]
                    ]
                }
            ]
        ],
        []
    ],
    "0x4c7a71b63c1b2057395856c4819c1f6f472290358bf0987d66ab695aad1dbd37": [
        [
            [
                "0x5ade7ae8660293f2ebfcefaba91d141d72d221e8",
                "0x095ea7b3",
                "complete",
                -1,
                221,
                "firstcall",
                {
                    "0x5ade7ae8660293f2ebfcefaba91d141d72d221e8": [
                        [
                            "sstore",
                            "0xe723e007064c911d589529e6f58756780f0f31ece46a54b490c44f6c64f3f3c8",
                            "0xffffffffffffffffffffffffffffffffffffffffffffffffffffffffffffffff",
                            7928
                        ]
                    ]
                }
            ]
        ],
        []
    ],
    "0xcf646b18c107a5624a5db2731a4a2275937344c664ec2e14d31bf6e76b12df1d": [
        [
            [
                "0x16f6664c16bede5d70818654defef11769d40983",
                "0x49f9b0f7",
                "complete",
                195,
                1435,
                "staticcall",
                {}
            ],
            [
                "0x5ade7ae8660293f2ebfcefaba91d141d72d221e8",
                "0x5d8a776e",
                "complete",
                1859,
                2141,
                "call",
                {
                    "0x5ade7ae8660293f2ebfcefaba91d141d72d221e8": [
                        [
                            "sload",
                            "0x53b537acfe1fd102612c97c02fd418e586d0015f3544c73509abc8022f6aa363",
                            "0x1",
                            4068
                        ],
                        [
                            "sload",
                            "0x2",
                            "0x42ce68a0a57ae0ae6b93425",
                            9227
                        ],
                        [
                            "sstore",
                            "0x2",
                            "0x42ce6b333af71ec9dcc65f6",
                            9246
                        ],
                        [
                            "sload",
                            "0xaec345113e6534fc8f075ab2ada7ba08470af44827ae7e057f7c1b28bb6f1408",
                            "0x8f8f387b1b239fd6b2f",
                            9314
                        ],
                        [
                            "sstore",
                            "0xaec345113e6534fc8f075ab2ada7ba08470af44827ae7e057f7c1b28bb6f1408",
                            "0x9221cdf7593f1109d00",
                            9393
                        ]
                    ]
                }
            ]
        ],
        []
    ],
    "0xea84ba87101ae7dd0579b113cb2606a04c0003f915e382c6c82ab4ff6b75b9e1": [
        [
            [
                "0x5ade7ae8660293f2ebfcefaba91d141d72d221e8",
                "0xa9059cbb",
                "complete",
                6463,
                6825,
                "call",
                {
                    "0x5ade7ae8660293f2ebfcefaba91d141d72d221e8": [
                        [
                            "sload",
                            "0x55b91fb95307b5d559958238471c03242b9eb0f4d0f88762e32505930424070d",
                            "0x494e50b2b61796b8f6549f",
                            8395
                        ],
                        [
                            "sstore",
                            "0x55b91fb95307b5d559958238471c03242b9eb0f4d0f88762e32505930424070d",
                            "0x4943784942f9c14fe4b884",
                            8475
                        ],
                        [
                            "sload",
                            "0xee523a647b91aac0a8798d51fd97cc9afa6ccef7913fb33ddf55c975affa48bd",
                            "0x20283402b61df38c14ab",
                            8543
                        ],
                        [
                            "sstore",
                            "0xee523a647b91aac0a8798d51fd97cc9afa6ccef7913fb33ddf55c975affa48bd",
                            "0x2b009d75d3f35c9db0c6",
                            8622
                        ]
                    ]
                }
            ],
            [
                "0x5ade7ae8660293f2ebfcefaba91d141d72d221e8",
                "0x70a08231",
                "complete",
                6960,
                7089,
                "staticcall",
                {
                    "0x5ade7ae8660293f2ebfcefaba91d141d72d221e8": [
                        [
                            "sload",
                            "0x55b91fb95307b5d559958238471c03242b9eb0f4d0f88762e32505930424070d",
                            "0x4943784942f9c14fe4b884",
                            4643
                        ]
                    ]
                }
            ]
        ],
        []
    ],
    "0x69ea19efdfe679f365fe793f01634a695abb0d1311fda735a82050f0586ea5de": [
        [
            [
                "0x5ade7ae8660293f2ebfcefaba91d141d72d221e8",
                "0xa9059cbb",
                "complete",
                6171,
                6533,
                "call",
                {
                    "0x5ade7ae8660293f2ebfcefaba91d141d72d221e8": [
                        [
                            "sload",
                            "0x55b91fb95307b5d559958238471c03242b9eb0f4d0f88762e32505930424070d",
                            "0x4943784942f9c14fe4b884",
                            8395
                        ],
                        [
                            "sstore",
                            "0x55b91fb95307b5d559958238471c03242b9eb0f4d0f88762e32505930424070d",
                            "0x494142a3575c06c42c8360",
                            8475
                        ],
                        [
                            "sload",
                            "0x2394e9481fe075a8c8b677bbfbf9829b82c4c023dd6ee757ebda7108d6adbe4d",
                            "0x0",
                            8543
                        ],
                        [
                            "sstore",
                            "0x2394e9481fe075a8c8b677bbfbf9829b82c4c023dd6ee757ebda7108d6adbe4d",
                            "0x235a5eb9dba8bb83524",
                            8622
                        ]
                    ]
                }
            ],
            [
                "0x5ade7ae8660293f2ebfcefaba91d141d72d221e8",
                "0x70a08231",
                "complete",
                6668,
                6797,
                "staticcall",
                {
                    "0x5ade7ae8660293f2ebfcefaba91d141d72d221e8": [
                        [
                            "sload",
                            "0x55b91fb95307b5d559958238471c03242b9eb0f4d0f88762e32505930424070d",
                            "0x494142a3575c06c42c8360",
                            4643
                        ]
                    ]
                }
            ]
        ],
        []
    ],
    "0xdbbc36d95a40fb91ca7dda36eca1edb2131ed90ec12e0a65aee98eadab7b3ac8": [
        [
            [
                "0x5ade7ae8660293f2ebfcefaba91d141d72d221e8",
                "0xa9059cbb",
                "complete",
                2777,
                3139,
                "call",
                {
                    "0x5ade7ae8660293f2ebfcefaba91d141d72d221e8": [
                        [
                            "sload",
                            "0x55b91fb95307b5d559958238471c03242b9eb0f4d0f88762e32505930424070d",
                            "0x494142a3575c06c42c8360",
                            8395
                        ],
                        [
                            "sstore",
                            "0x55b91fb95307b5d559958238471c03242b9eb0f4d0f88762e32505930424070d",
                            "0x49407dda2598555ee28e43",
                            8475
                        ],
                        [
                            "sload",
                            "0x56d4f9ee4e2b4c176078b0f6075917377c7ee2feae8aec85040608a645f85dd7",
                            "0x4f37ce1cf7cdf16db1c",
                            8543
                        ],
                        [
                            "sstore",
                            "0x56d4f9ee4e2b4c176078b0f6075917377c7ee2feae8aec85040608a645f85dd7",
                            "0x5b84613932e4460d039",
                            8622
                        ]
                    ]
                }
            ],
            [
                "0x5ade7ae8660293f2ebfcefaba91d141d72d221e8",
                "0x70a08231",
                "complete",
                3274,
                3403,
                "staticcall",
                {
                    "0x5ade7ae8660293f2ebfcefaba91d141d72d221e8": [
                        [
                            "sload",
                            "0x55b91fb95307b5d559958238471c03242b9eb0f4d0f88762e32505930424070d",
                            "0x49407dda2598555ee28e43",
                            4643
                        ]
                    ]
                }
            ]
        ],
        []
    ]
}