{
    "0x3e70c56a6909d1070e87f40e316d12474b8c91d78dd6f270dcc786257c0a676a": [
        [
            [
                "0x5ade7ae8660293f2ebfcefaba91d141d72d221e8",
                "0xa9059cbb",
                "complete",
                2777,
                3139,
                "call",
                {
                    "0x5ade7ae8660293f2ebfcefaba91d141d72d221e8": [
                        [
                            "sload",
                            "0x55b91fb95307b5d559958238471c03242b9eb0f4d0f88762e32505930424070d",
                            "0x1baf8fa759e3783b4ac839",
                            8395
                        ],
                        [
                            "sstore",
                            "0x55b91fb95307b5d559958238471c03242b9eb0f4d0f88762e32505930424070d",
                            "0x1bac272ff486599d951078",
                            8475
                        ],
                        [
                            "sload",
                            "0x3047f43702c45489416e26f487d41696ec9663f066331c1938cbfc61953e83bf",
                            "0x0",
                            8543
                        ],
                        [
                            "sstore",
                            "0x3047f43702c45489416e26f487d41696ec9663f066331c1938cbfc61953e83bf",
                            "0x36877655d1e9db5b7c1",
                            8622
                        ]
                    ]
                }
            ],
            [
                "0x5ade7ae8660293f2ebfcefaba91d141d72d221e8",
                "0x70a08231",
                "complete",
                3274,
                3403,
                "staticcall",
                {
                    "0x5ade7ae8660293f2ebfcefaba91d141d72d221e8": [
                        [
                            "sload",
                            "0x55b91fb95307b5d559958238471c03242b9eb0f4d0f88762e32505930424070d",
                            "0x1bac272ff486599d951078",
                            4643
                        ]
                    ]
                }
            ]
        ],
        []
    ],
    "0xb77e127553c514b9a988b1373024b07f0d9cd353e3eb7eccfc637668881e2f30": [
        [
            [
                "0x5ade7ae8660293f2ebfcefaba91d141d72d221e8",
                "0xa9059cbb",
                "complete",
                2794,
                3156,
                "call",
                {
                    "0x5ade7ae8660293f2ebfcefaba91d141d72d221e8": [
                        [
                            "sload",
                            "0x55b91fb95307b5d559958238471c03242b9eb0f4d0f88762e32505930424070d",
                            "0x1a3d1a1784fbbc02d43443",
                            8395
                        ],
                        [
                            "sstore",
                            "0x55b91fb95307b5d559958238471c03242b9eb0f4d0f88762e32505930424070d",
                            "0x1a057be72c28c3d06fad5e",
                            8475
                        ],
                        [
                            "sload",
                            "0xd8ba00d7bd644010594d76265af940085c00701744b26e068eca01a69605b6fb",
                            "0x379e3058d2f8326486e5",
                            8543
                        ],
                        [
                            "sstore",
                            "0xd8ba00d7bd644010594d76265af940085c00701744b26e068eca01a69605b6fb",
                            "0x6f3c60b1a5f064c90dca",
                            8622
                        ]
                    ]
                }
            ],
            [
                "0x5ade7ae8660293f2ebfcefaba91d141d72d221e8",
                "0x70a08231",
                "complete",
                3291,
                3420,
                "staticcall",
                {
                    "0x5ade7ae8660293f2ebfcefaba91d141d72d221e8": [
                        [
                            "sload",
                            "0x55b91fb95307b5d559958238471c03242b9eb0f4d0f88762e32505930424070d",
                            "0x1a057be72c28c3d06fad5e",
                            4643
                        ]
                    ]
                }
            ]
        ],
        []
    ],
    "0x6c45ffc53c19a2c10898e2c32df5cee9f226e9e655b69281c6d18bd1c5a500c6": [
        [
            [
                "0x5ade7ae8660293f2ebfcefaba91d141d72d221e8",
                "0xd79875eb",
                "complete",
                -1,
                2293,
                "firstcall",
                {
                    "0x5ade7ae8660293f2ebfcefaba91d141d72d221e8": [
                        [
                            "sload",
                            "0x2",
                            "0x4190264019bd46410ad259e",
                            3349
                        ],
                        [
                            "sload",
                            "0x4",
                            "0xaaa7b14b5987ec024c994",
                            4775
                        ],
                        [
                            "sload",
                            "0x5",
                            "0xf3e58",
                            4781
                        ],
                        [
                            "sload",
                            "0x4",
                            "0xaaa7b14b5987ec024c994",
                            10121
                        ],
                        [
                            "sstore",
                            "0x4",
                            "0xa919a416eb442d19b5fd9",
                            10140
                        ],
                        [
                            "sload",
                            "0xbfa2e11f5ef71bc9537b136848f7cbb9e07bce714d8ce2eee04d6b7d44c5da6f",
                            "0x98c5edae6c1801db2f8e8",
                            9726
                        ],
                        [
                            "sstore",
                            "0xbfa2e11f5ef71bc9537b136848f7cbb9e07bce714d8ce2eee04d6b7d44c5da6f",
                            "0x0",
                            9806
                        ],
                        [
                            "sload",
                            "0x2",
                            "0x4190264019bd46410ad259e",
                            9814
                        ],
                        [
                            "sstore",
                            "0x2",
                            "0x40f760526b512e3f2fa2cb6",
                            9833
                        ]
                    ],
                    "0x6b175474e89094c44da98b954eedeac495271d0f": [
                        [
                            "sload",
                            "0x15faa59cd19891e9621a3bba273a9f040887cde9f44ce391e7a85ff4c6110dc6",
                            "0xab17b688f8dce0e6d7b9d",
                            2664
                        ],
                        [
                            "sload",
                            "0x15faa59cd19891e9621a3bba273a9f040887cde9f44ce391e7a85ff4c6110dc6",
                            "0xab17b688f8dce0e6d7b9d",
                            3573
                        ],
                        [
                            "sstore",
                            "0x15faa59cd19891e9621a3bba273a9f040887cde9f44ce391e7a85ff4c6110dc6",
                            "0xa989a9548a9921fe411e2",
                            3645
                        ],
                        [
                            "sload",
                            "0xd797bffe662c4839984949a61b891616dd8ce5ffcb5d24701fea92152b815b5",
                            "0x3ebdf8146b95c868957f",
                            3713
                        ],
                        [
                            "sstore",
                            "0xd797bffe662c4839984949a61b891616dd8ce5ffcb5d24701fea92152b815b5",
                            "0x579ecb5b4fd1b6f1ff3a",
                            3785
                        ]
                    ]
                }
            ],
            [
                "0x16f6664c16bede5d70818654defef11769d40983",
                "0x49f9b0f7",
                "complete",
                190,
                1446,
                "staticcall",
                {}
            ]
        ],
        [
            [
                "0x6b175474e89094c44da98b954eedeac495271d0f",
                "0x5ade7ae8660293f2ebfcefaba91d141d72d221e8",
                "0xbb0f66f52ccefc7d36c50d7e7c2c208e53c09cc6",
                117484090367918853417403
            ]
        ]
    ],
    "0x79d753ac96509983bbb4e1fa9cd95914cafd8f7320a2e7da8bf146d794bd9005": [
        [
            [
                "0x5ade7ae8660293f2ebfcefaba91d141d72d221e8",
                "0x23b872dd",
                "complete",
                2215,
                2776,
                "call",
                {
                    "0x5ade7ae8660293f2ebfcefaba91d141d72d221e8": [
                        [
                            "sload",
                            "0x9030c672f5da854853972505e1c663e954c082075033ac7ec253e99c714f1bc6",
                            "0x119f3a4d1107d61535bf9",
                            8395
                        ],
                        [
                            "sstore",
                            "0x9030c672f5da854853972505e1c663e954c082075033ac7ec253e99c714f1bc6",
                            "0x0",
                            8475
                        ],
                        [
                            "sload",
                            "0x55b91fb95307b5d559958238471c03242b9eb0f4d0f88762e32505930424070d",
                            "0x1a057be72c28c3d06fad5e",
                            8543
                        ],
                        [
                            "sstore",
                            "0x55b91fb95307b5d559958238471c03242b9eb0f4d0f88762e32505930424070d",
                            "0x1b1f6f8bfd394131c30957",
                            8622
                        ],
                        [
                            "sload",
                            "0xceb2e5acf4cbfe313492f31f2387969b78a2b0bad25e2eb0dcfdad5798135381",
                            "0xfffffffffffffffffffffffffffffffffffffffffffe0b58d9a9a183dcc76787",
                            3526
                        ],
                        [
                            "sstore",
                            "0xceb2e5acf4cbfe313492f31f2387969b78a2b0bad25e2eb0dcfdad5798135381",
                            "0xfffffffffffffffffffffffffffffffffffffffffffcf16534d891067b740b8e",
                            7928
                        ]
                    ]
                }
            ],
            [
                "0x5ade7ae8660293f2ebfcefaba91d141d72d221e8",
                "0x70a08231",
                "complete",
                4409,
                4538,
                "staticcall",
                {
                    "0x5ade7ae8660293f2ebfcefaba91d141d72d221e8": [
                        [
                            "sload",
                            "0x55b91fb95307b5d559958238471c03242b9eb0f4d0f88762e32505930424070d",
                            "0x1b1f6f8bfd394131c30957",
                            4643
                        ]
                    ]
                }
            ]
        ],
        []
    ],
    "0x6cfe214de8443666ec4b7388c420df5195c2946f9714ded722565e4a3d10d355": [
        [
            [
                "0x16f6664c16bede5d70818654defef11769d40983",
                "0x29a00e7c",
                "complete",
                190,
                1294,
                "staticcall",
                {}
            ],
            [
                "0x5ade7ae8660293f2ebfcefaba91d141d72d221e8",
                "0xaad3ec96",
                "complete",
                1461,
                1805,
                "call",
                {
                    "0x5ade7ae8660293f2ebfcefaba91d141d72d221e8": [
                        [
                            "sload",
                            "0x53b537acfe1fd102612c97c02fd418e586d0015f3544c73509abc8022f6aa363",
                            "0x1",
                            5767
                        ],
                        [
                            "sload",
                            "0xf296836b51b9fbddb2fb5fa4136df15c22fb69c6912b1c8d5323ab9f58297e95",
                            "0x8ddb4ffad52d7fe00ab",
                            9726
                        ],
                        [
                            "sstore",
                            "0xf296836b51b9fbddb2fb5fa4136df15c22fb69c6912b1c8d5323ab9f58297e95",
                            "0x233e0a658a2873200ab",
                            9806
                        ],
                        [
                            "sload",
                            "0x2",
                            "0x40f760526b512e3f2fa2cb6",
                            9814
                        ],
                        [
                            "sstore",
                            "0x2",
                            "0x40f6f5b525bbe33a22e2cb6",
                            9833
                        ]
                    ]
                }
            ]
        ],
        []
    ],
    "0x4e3641687e83beefe00ef48fdcf90fb5b681c8bd43ff4747445003f113923db6": [
        [
            [
                "0x5ade7ae8660293f2ebfcefaba91d141d72d221e8",
                "0x70a08231",
                "complete",
                145,
                274,
                "staticcall",
                {
                    "0x5ade7ae8660293f2ebfcefaba91d141d72d221e8": [
                        [
                            "sload",
                            "0x7b3bd7e054c541074d10153deb76cf22e3a5a0a3ada2fdea39d1ab7f316dc960",
                            "0x1",
                            4643
                        ]
                    ]
                }
            ]
        ],
        []
    ],
    "0xa1b920053bf511bf7ae39c2c420df36b714e647372c4949725a980efecf7e4be": [],
    "0x255a129bb69a494c900e7c369daf1824fd03ff1fe846a6a0941b9adcefd22cbd": [
        [
            [
                "0x5ade7ae8660293f2ebfcefaba91d141d72d221e8",
                "0xa9059cbb",
                "complete",
                2777,
                3139,
                "call",
                {
                    "0x5ade7ae8660293f2ebfcefaba91d141d72d221e8": [
                        [
                            "sload",
                            "0x55b91fb95307b5d559958238471c03242b9eb0f4d0f88762e32505930424070d",
                            "0x1b1f6f8bfd394131c30957",
                            8395
                        ],
                        [
                            "sstore",
                            "0x55b91fb95307b5d559958238471c03242b9eb0f4d0f88762e32505930424070d",
                            "0x1a88e03267119bb78b3797",
                            8475
                        ],
                        [
                            "sload",
                            "0x3bc239209c78437d3ebb932040a659646199ceca66bbdd493da8c9dd7fb3745d",
                            "0x22c78f1229481868c4c07",
                            8543
                        ],
                        [
                            "sstore",
                            "0x3bc239209c78437d3ebb932040a659646199ceca66bbdd493da8c9dd7fb3745d",
                            "0x2c3084ab8bc2700c41dc7",
                            8622
                        ]
                    ]
                }
            ],
            [
                "0x5ade7ae8660293f2ebfcefaba91d141d72d221e8",
                "0x70a08231",
                "complete",
                3274,
                3403,
                "staticcall",
                {
                    "0x5ade7ae8660293f2ebfcefaba91d141d72d221e8": [
                        [
                            "sload",
                            "0x55b91fb95307b5d559958238471c03242b9eb0f4d0f88762e32505930424070d",
                            "0x1a88e03267119bb78b3797",
                            4643
                        ]
                    ]
                }
            ]
        ],
        []
    ],
    "0x118aebc7af2a84172eb0bef253bb115b62fd0fe7d6e4bca3f3e18cd7103ea130": [
        [
            [
                "0x5ade7ae8660293f2ebfcefaba91d141d72d221e8",
                "0x70a08231",
                "complete",
                375,
                504,
                "staticcall",
                {
                    "0x5ade7ae8660293f2ebfcefaba91d141d72d221e8": [
                        [
                            "sload",
                            "0x3d9993a19506cace07ebd73137c91afc9cafd3fb78c0b0725476b53df219a528",
                            "0x1",
                            4643
                        ]
                    ]
                }
            ]
        ],
        []
    ],
    "0xcd182599ba2a5e4793fd12ebaff8d54050d6f850787ea72c42047a6565a8726a": [
        [
            [
                "0x5ade7ae8660293f2ebfcefaba91d141d72d221e8",
                "0x70a08231",
                "complete",
                149,
                278,
                "staticcall",
                {
                    "0x5ade7ae8660293f2ebfcefaba91d141d72d221e8": [
                        [
                            "sload",
                            "0x7b3bd7e054c541074d10153deb76cf22e3a5a0a3ada2fdea39d1ab7f316dc960",
                            "0x1",
                            4643
                        ]
                    ]
                }
            ]
        ],
        []
    ],
    "0x65bbd5628020517a0af36c5792ac88ff05a922f8034e88c65f0f87fe5e13aa6d": [
        [
            [
                "0x5ade7ae8660293f2ebfcefaba91d141d72d221e8",
                "0xa9059cbb",
                "complete",
                -1,
                361,
                "firstcall",
                {
                    "0x5ade7ae8660293f2ebfcefaba91d141d72d221e8": [
                        [
                            "sload",
                            "0xc6f39b5e3377552f767fbf862bc80f36bf7f21d4dcbce6303f53d0e182d0db05",
                            "0xe7d32583c9b3481b8db5",
                            8395
                        ],
                        [
                            "sstore",
                            "0xc6f39b5e3377552f767fbf862bc80f36bf7f21d4dcbce6303f53d0e182d0db05",
                            "0x0",
                            8475
                        ],
                        [
                            "sload",
                            "0xb6e57fab72483f1363efb8ee9e3a167c5a5f8ad72282d7c0a4eacc4272b17be6",
                            "0x0",
                            8543
                        ],
                        [
                            "sstore",
                            "0xb6e57fab72483f1363efb8ee9e3a167c5a5f8ad72282d7c0a4eacc4272b17be6",
                            "0xe7d32583c9b3481b8db5",
                            8622
                        ]
                    ]
                }
            ]
        ],
        []
    ],
    "0xb2dc9364a7c976be6995b9c579c5c43a64074b86629d15f9be3ae6923ee57239": [
        [
            [
                "0x5ade7ae8660293f2ebfcefaba91d141d72d221e8",
                "0xa9059cbb",
                "complete",
                2777,
                3139,
                "call",
                {
                    "0x5ade7ae8660293f2ebfcefaba91d141d72d221e8": [
                        [
                            "sload",
                            "0x55b91fb95307b5d559958238471c03242b9eb0f4d0f88762e32505930424070d",
                            "0x1a88e03267119bb78b3797",
                            8395
                        ],
                        [
                            "sstore",
                            "0x55b91fb95307b5d559958238471c03242b9eb0f4d0f88762e32505930424070d",
                            "0x1a806ada13a5b744e906b8",
                            8475
                        ],
                        [
                            "sload",
                            "0x7c74574b68e446c31b8a4f2a7300ae9f060addeb5836bb44d178c0358a08b070",
                            "0x15c8d219a0e7c0bd1c2e",
                            8543
                        ],
                        [
                            "sstore",
                            "0x7c74574b68e446c31b8a4f2a7300ae9f060addeb5836bb44d178c0358a08b070",
                            "0x1e3e2a6d0ccc335f4d0d",
                            8622
                        ]
                    ]
                }
            ],
            [
                "0x5ade7ae8660293f2ebfcefaba91d141d72d221e8",
                "0x70a08231",
                "complete",
                3274,
                3403,
                "staticcall",
                {
                    "0x5ade7ae8660293f2ebfcefaba91d141d72d221e8": [
                        [
                            "sload",
                            "0x55b91fb95307b5d559958238471c03242b9eb0f4d0f88762e32505930424070d",
                            "0x1a806ada13a5b744e906b8",
                            4643
                        ]
                    ]
                }
            ]
        ],
        []
    ],
    "0x8a7244482b9f6ba5ea339a5206311bf71831af1a23874665e0d3ab71849cfacd": [
        [
            [
                "0x5ade7ae8660293f2ebfcefaba91d141d72d221e8",
                "0x23b872dd",
                "complete",
                1511,
                2072,
                "call",
                {
                    "0x5ade7ae8660293f2ebfcefaba91d141d72d221e8": [
                        [
                            "sload",
                            "0x46a3c7d3968ca9629cda83d76723503b881800ac859b6c6ef9a59940e1aebfa9",
                            "0x211cde152747c8088c62",
                            8395
                        ],
                        [
                            "sstore",
                            "0x46a3c7d3968ca9629cda83d76723503b881800ac859b6c6ef9a59940e1aebfa9",
                            "0x0",
                            8475
                        ],
                        [
                            "sload",
                            "0x55b91fb95307b5d559958238471c03242b9eb0f4d0f88762e32505930424070d",
                            "0x1a806ada13a5b744e906b8",
                            8543
                        ],
                        [
                            "sstore",
                            "0x55b91fb95307b5d559958238471c03242b9eb0f4d0f88762e32505930424070d",
                            "0x1aa187b828ccff0cf1931a",
                            8622
                        ],
                        [
                            "sload",
                            "0x873e441946efe6ac9cc1cb0d7756e4fe0fdddac8c1ab63c3ca17718102105228",
                            "0xffffffffffffffffffffffffffffffffffffffffffffffffffffffffffffffff",
                            3526
                        ],
                        [
                            "sstore",
                            "0x873e441946efe6ac9cc1cb0d7756e4fe0fdddac8c1ab63c3ca17718102105228",
                            "0xffffffffffffffffffffffffffffffffffffffffffffdee321ead8b837f7739d",
                            7928
                        ]
                    ]
                }
            ],
            [
                "0x5ade7ae8660293f2ebfcefaba91d141d72d221e8",
                "0x70a08231",
                "complete",
                3518,
                3647,
                "staticcall",
                {
                    "0x5ade7ae8660293f2ebfcefaba91d141d72d221e8": [
                        [
                            "sload",
                            "0x55b91fb95307b5d559958238471c03242b9eb0f4d0f88762e32505930424070d",
                            "0x1aa187b828ccff0cf1931a",
                            4643
                        ]
                    ]
                }
            ]
        ],
        []
    ],
    "0x63889f4de13bf3375c4d7e23eb18f792c566d6ccd06f798fd553510415697316": [
        [
            [
                "0x5ade7ae8660293f2ebfcefaba91d141d72d221e8",
                "0x23b872dd",
                "complete",
                2975,
                3536,
                "call",
                {
                    "0x5ade7ae8660293f2ebfcefaba91d141d72d221e8": [
                        [
                            "sload",
                            "0x8dedb9cb119fc833e6413e315715c3a84356df056d4d507fb8f329cede4214bc",
                            "0x1cadbf9fc4e30b8aa56",
                            8395
                        ],
                        [
                            "sstore",
                            "0x8dedb9cb119fc833e6413e315715c3a84356df056d4d507fb8f329cede4214bc",
                            "0x634cd71fc8ad754e24",
                            8475
                        ],
                        [
                            "sload",
                            "0x310cefba57cc5c94c41a0bbc7d3eaee4c0438325df6daf66ef97f62996b7f534",
                            "0x424d63c30fbe6b4a6d5f",
                            8543
                        ],
                        [
                            "sstore",
                            "0x310cefba57cc5c94c41a0bbc7d3eaee4c0438325df6daf66ef97f62996b7f534",
                            "0x43b4f2e5ec43ee8dc991",
                            8622
                        ],
                        [
                            "sload",
                            "0x644913fa25ad6345dbfc8cc5d6300bf65b0441cbd8e5ce59b57ddcb6d0c4abea",
                            "0xfffffffffffffffffffffffffffffffffffffffffffffa79b0550bdcfd6d7f60",
                            3526
                        ],
                        [
                            "sstore",
                            "0x644913fa25ad6345dbfc8cc5d6300bf65b0441cbd8e5ce59b57ddcb6d0c4abea",
                            "0xfffffffffffffffffffffffffffffffffffffffffffff91221322f577a2a232e",
                            7928
                        ]
                    ]
                }
            ],
            [
                "0x5ade7ae8660293f2ebfcefaba91d141d72d221e8",
                "0x70a08231",
                "complete",
                5219,
                5348,
                "staticcall",
                {
                    "0x5ade7ae8660293f2ebfcefaba91d141d72d221e8": [
                        [
                            "sload",
                            "0x310cefba57cc5c94c41a0bbc7d3eaee4c0438325df6daf66ef97f62996b7f534",
                            "0x43b4f2e5ec43ee8dc991",
                            4643
                        ]
                    ]
                }
            ]
        ],
        []
    ],
    "0x981ee5cbcafe5f6c7d0d3c60904677614e85455ae2f3ff3033fbe0926f3deb28": [
        [
            [
                "0xc08f38f43adb64d16fe9f9efcc2949d9eddec198",
                "0xd79875eb",
                "complete",
                -1,
                2213,
                "firstcall",
                {
                    "0xc08f38f43adb64d16fe9f9efcc2949d9eddec198": [
                        [
                            "sload",
                            "0x2",
                            "0x4e8918dd0f45a3ae3682",
                            3349
                        ],
                        [
                            "sload",
                            "0x4",
                            "0x71c6c15edcedecb302eea5",
                            4775
                        ],
                        [
                            "sload",
                            "0x5",
                            "0x7a120",
                            4781
                        ],
                        [
                            "sload",
                            "0x4",
                            "0x71c6c15edcedecb302eea5",
                            9997
                        ],
                        [
                            "sstore",
                            "0x4",
                            "0x71a7314fc8ccfdd81ed991",
                            10016
                        ],
                        [
                            "sload",
                            "0x1b23fecd74acaf3b4cadf9a4a0a2db7138fb9ab310880f84cfe71f1dacc844c5",
                            "0xaf1f08e60d756ebc3",
                            9602
                        ],
                        [
                            "sstore",
                            "0x1b23fecd74acaf3b4cadf9a4a0a2db7138fb9ab310880f84cfe71f1dacc844c5",
                            "0xc811b5269d2ebc3",
                            9682
                        ],
                        [
                            "sload",
                            "0x2",
                            "0x4e8918dd0f45a3ae3682",
                            9690
                        ],
                        [
                            "sstore",
                            "0x2",
                            "0x4e7e336d9c37362a3682",
                            9709
                        ]
                    ],
                    "0x5ade7ae8660293f2ebfcefaba91d141d72d221e8": [
                        [
                            "sload",
                            "0x8c46ca77f0ee03a453b1e6fca0f29fef94f0e1e38c07851c3f25d947fb6be7cc",
                            "0x1",
                            4068
                        ],
                        [
                            "sload",
                            "0x2",
                            "0x40f6f5b525bbe33a22e2cb6",
                            9227
                        ],
                        [
                            "sstore",
                            "0x2",
                            "0x40f8eeb616fdf227d1241ca",
                            9246
                        ],
                        [
                            "sload",
                            "0x1b23fecd74acaf3b4cadf9a4a0a2db7138fb9ab310880f84cfe71f1dacc844c5",
                            "0x0",
                            9314
                        ],
                        [
                            "sstore",
                            "0x1b23fecd74acaf3b4cadf9a4a0a2db7138fb9ab310880f84cfe71f1dacc844c5",
                            "0x1f900f1420eedae41514",
                            9393
                        ]
                    ]
                }
            ],
            [
                "0x16f6664c16bede5d70818654defef11769d40983",
                "0x49f9b0f7",
                "complete",
                195,
                1435,
                "staticcall",
                {}
            ],
            [
                "0x5ade7ae8660293f2ebfcefaba91d141d72d221e8",
                "0x5d8a776e",
                "complete",
                1859,
                2141,
                "call",
                {
                    "0x5ade7ae8660293f2ebfcefaba91d141d72d221e8": [
                        [
                            "sload",
                            "0x8c46ca77f0ee03a453b1e6fca0f29fef94f0e1e38c07851c3f25d947fb6be7cc",
                            "0x1",
                            4068
                        ],
                        [
                            "sload",
                            "0x2",
                            "0x40f6f5b525bbe33a22e2cb6",
                            9227
                        ],
                        [
                            "sstore",
                            "0x2",
                            "0x40f8eeb616fdf227d1241ca",
                            9246
                        ],
                        [
                            "sload",
                            "0x1b23fecd74acaf3b4cadf9a4a0a2db7138fb9ab310880f84cfe71f1dacc844c5",
                            "0x0",
                            9314
                        ],
                        [
                            "sstore",
                            "0x1b23fecd74acaf3b4cadf9a4a0a2db7138fb9ab310880f84cfe71f1dacc844c5",
                            "0x1f900f1420eedae41514",
                            9393
                        ]
                    ]
                }
            ]
        ],
        []
    ],
    "0x22f9192873098cffcf19f0b390bfa28e9fc4b82f9aef211d08d76573e2f24b17": [
        [
            [
                "0x16f6664c16bede5d70818654defef11769d40983",
                "0x49f9b0f7",
                "complete",
                190,
                1446,
                "staticcall",
                {}
            ]
        ],
        []
    ],
    "0xef4c3f2c4ff38832a10d979b02b912ef8b6e5314a9c660844b91341e2ecabe0a": [
        [
            [
                "0x5ade7ae8660293f2ebfcefaba91d141d72d221e8",
                "0xa9059cbb",
                "complete",
                2777,
                3139,
                "call",
                {
                    "0x5ade7ae8660293f2ebfcefaba91d141d72d221e8": [
                        [
                            "sload",
                            "0x55b91fb95307b5d559958238471c03242b9eb0f4d0f88762e32505930424070d",
                            "0x1aa187b828ccff0cf1931a",
                            8395
                        ],
                        [
                            "sstore",
                            "0x55b91fb95307b5d559958238471c03242b9eb0f4d0f88762e32505930424070d",
                            "0x1a5826cb56c070269bb871",
                            8475
                        ],
                        [
                            "sload",
                            "0x88306829a1a7746e2c226f51e05182aaee20c4b49bf25c190c5837792ddd8c4a",
                            "0x0",
                            8543
                        ],
                        [
                            "sstore",
                            "0x88306829a1a7746e2c226f51e05182aaee20c4b49bf25c190c5837792ddd8c4a",
                            "0x4960ecd20c8ee655daa9",
                            8622
                        ]
                    ]
                }
            ],
            [
                "0x5ade7ae8660293f2ebfcefaba91d141d72d221e8",
                "0x70a08231",
                "complete",
                3274,
                3403,
                "staticcall",
                {
                    "0x5ade7ae8660293f2ebfcefaba91d141d72d221e8": [
                        [
                            "sload",
                            "0x55b91fb95307b5d559958238471c03242b9eb0f4d0f88762e32505930424070d",
                            "0x1a5826cb56c070269bb871",
                            4643
                        ]
                    ]
                }
            ]
        ],
        []
    ],
    "0xe85acde17dd9bc4c6656f6f14b9352d8f2fd6450e772d6a97f12bd3d741d93cc": [
        [
            [
                "0x5ade7ae8660293f2ebfcefaba91d141d72d221e8",
                "0x095ea7b3",
                "complete",
                -1,
                221,
                "firstcall",
                {
                    "0x5ade7ae8660293f2ebfcefaba91d141d72d221e8": [
                        [
                            "sstore",
                            "0xf1c88403730b3d1162fb201f9477be46a493099d59d960157e4ed59dd89d7039",
                            "0xffffffffffffffffffffffffffffffffffffffffffffffffffffffffffffffff",
                            7928
                        ]
                    ]
                }
            ]
        ],
        []
    ],
    "0xc0a0de613ebeb89a40763aa9666c2acab87814ffa2ebfa6df5f41afd2d340ec5": [
        [
            [
                "0x5ade7ae8660293f2ebfcefaba91d141d72d221e8",
                "0x23b872dd",
                "complete",
                2212,
                2773,
                "call",
                {
                    "0x5ade7ae8660293f2ebfcefaba91d141d72d221e8": [
                        [
                            "sload",
                            "0x79aab2ef45f1d57af819b4637300051e8d7a2be20fa202d98581c7c573951133",
                            "0x54b40b1f852bda000000",
                            8395
                        ],
                        [
                            "sstore",
                            "0x79aab2ef45f1d57af819b4637300051e8d7a2be20fa202d98581c7c573951133",
                            "0x3f870857a3e0e3800000",
                            8475
                        ],
                        [
                            "sload",
                            "0x55b91fb95307b5d559958238471c03242b9eb0f4d0f88762e32505930424070d",
                            "0x1a5826cb56c070269bb871",
                            8543
                        ],
                        [
                            "sstore",
                            "0x55b91fb95307b5d559958238471c03242b9eb0f4d0f88762e32505930424070d",
                            "0x1a6d53ce1ea1bb1d1bb871",
                            8622
                        ],
                        [
                            "sload",
                            "0xf975af74113c05fe631193125ea48a8cb6bbf05785e1b0ace834feef8f3ca94c",
                            "0xffffffffffffffffffffffffffffffffffffffffffffc3cdf1e3821257ba2975",
                            3526
                        ],
                        [
                            "sstore",
                            "0xf975af74113c05fe631193125ea48a8cb6bbf05785e1b0ace834feef8f3ca94c",
                            "0xffffffffffffffffffffffffffffffffffffffffffffaea0ef1ba0c7613a2975",
                            7928
                        ]
                    ]
                }
            ],
            [
                "0x5ade7ae8660293f2ebfcefaba91d141d72d221e8",
                "0x70a08231",
                "complete",
                4405,
                4534,
                "staticcall",
                {
                    "0x5ade7ae8660293f2ebfcefaba91d141d72d221e8": [
                        [
                            "sload",
                            "0x55b91fb95307b5d559958238471c03242b9eb0f4d0f88762e32505930424070d",
                            "0x1a6d53ce1ea1bb1d1bb871",
                            4643
                        ]
                    ]
                }
            ],
            [
                "0xd77c2ab1cd0faa4b79e16a0e7472cb222a9ee175",
                "0xa9059cbb",
                "complete",
                6247,
                6609,
                "call",
                {
                    "0xd77c2ab1cd0faa4b79e16a0e7472cb222a9ee175": [
                        [
                            "sload",
                            "0xa6a3f8564534e7d68c9062bba1259b92b5e7b300d7e6ffe9ea2be3d9c34a3398",
                            "0x34441880958bb46fda",
                            8271
                        ],
                        [
                            "sstore",
                            "0xa6a3f8564534e7d68c9062bba1259b92b5e7b300d7e6ffe9ea2be3d9c34a3398",
                            "0x2e649a288dedff36bd",
                            8351
                        ],
                        [
                            "sload",
                            "0x79aab2ef45f1d57af819b4637300051e8d7a2be20fa202d98581c7c573951133",
                            "0x17bfdb441fd05c2634",
                            8419
                        ],
                        [
                            "sstore",
                            "0x79aab2ef45f1d57af819b4637300051e8d7a2be20fa202d98581c7c573951133",
                            "0x1d9f599c276e115f51",
                            8498
                        ]
                    ]
                }
            ],
            [
                "0xd77c2ab1cd0faa4b79e16a0e7472cb222a9ee175",
                "0x70a08231",
                "complete",
                6920,
                7049,
                "staticcall",
                {
                    "0xd77c2ab1cd0faa4b79e16a0e7472cb222a9ee175": [
                        [
                            "sload",
                            "0xa6a3f8564534e7d68c9062bba1259b92b5e7b300d7e6ffe9ea2be3d9c34a3398",
                            "0x2e649a288dedff36bd",
                            4643
                        ]
                    ]
                }
            ]
        ],
        []
    ],
    "0xebe4db1d836dcbd8f3f0826f1cf13d7354ddc29e6ad4d598dd101aa7498ef59e": [
        [
            [
                "0x5ade7ae8660293f2ebfcefaba91d141d72d221e8",
                "0xa9059cbb",
                "complete",
                1587,
                1949,
                "call",
                {
                    "0x5ade7ae8660293f2ebfcefaba91d141d72d221e8": [
                        [
                            "sload",
                            "0x55b91fb95307b5d559958238471c03242b9eb0f4d0f88762e32505930424070d",
                            "0x1a6d53ce1ea1bb1d1bb871",
                            8395
                        ],
                        [
                            "sstore",
                            "0x55b91fb95307b5d559958238471c03242b9eb0f4d0f88762e32505930424070d",
                            "0x1a49009649d204ebcc62a5",
                            8475
                        ],
                        [
                            "sload",
                            "0x6cd9af91fa47fe1ecfb40437ce285ce21fad9d0ee775cc9975364dc36282ef7e",
                            "0x0",
                            8543
                        ],
                        [
                            "sstore",
                            "0x6cd9af91fa47fe1ecfb40437ce285ce21fad9d0ee775cc9975364dc36282ef7e",
                            "0x245337d4cfb6314f55cc",
                            8622
                        ]
                    ]
                }
            ],
            [
                "0x5ade7ae8660293f2ebfcefaba91d141d72d221e8",
                "0x70a08231",
                "complete",
                2084,
                2213,
                "staticcall",
                {
                    "0x5ade7ae8660293f2ebfcefaba91d141d72d221e8": [
                        [
                            "sload",
                            "0x55b91fb95307b5d559958238471c03242b9eb0f4d0f88762e32505930424070d",
                            "0x1a49009649d204ebcc62a5",
                            4643
                        ]
                    ]
                }
            ],
            [
                "0x5ade7ae8660293f2ebfcefaba91d141d72d221e8",
                "0x70a08231",
                "complete",
                3054,
                3183,
                "staticcall",
                {
                    "0x5ade7ae8660293f2ebfcefaba91d141d72d221e8": [
                        [
                            "sload",
                            "0x6cd9af91fa47fe1ecfb40437ce285ce21fad9d0ee775cc9975364dc36282ef7e",
                            "0x245337d4cfb6314f55cc",
                            4643
                        ]
                    ]
                }
            ]
        ],
        []
    ],
    "0x83155ffec90cc6bc22b9ca512a7bc8aba591fa76f20c5619a382b1b9af24596f": [
        [
            [
                "0x5ade7ae8660293f2ebfcefaba91d141d72d221e8",
                "0xa9059cbb",
                "complete",
                2777,
                3139,
                "call",
                {
                    "0x5ade7ae8660293f2ebfcefaba91d141d72d221e8": [
                        [
                            "sload",
                            "0x55b91fb95307b5d559958238471c03242b9eb0f4d0f88762e32505930424070d",
                            "0x1a49009649d204ebcc62a5",
                            8395
                        ],
                        [
                            "sstore",
                            "0x55b91fb95307b5d559958238471c03242b9eb0f4d0f88762e32505930424070d",
                            "0x1a45642b68b52be6bc4d0f",
                            8475
                        ],
                        [
                            "sload",
                            "0x9609ed4953362f8e02811002367d0a3d4fc9eb14ef59a7412487240dc10f190e",
                            "0x548f580768492a62f78",
                            8543
                        ],
                        [
                            "sstore",
                            "0x9609ed4953362f8e02811002367d0a3d4fc9eb14ef59a7412487240dc10f190e",
                            "0x8e56061935d97b6450e",
                            8622
                        ]
                    ]
                }
            ],
            [
                "0x5ade7ae8660293f2ebfcefaba91d141d72d221e8",
                "0x70a08231",
                "complete",
                3274,
                3403,
                "staticcall",
                {
                    "0x5ade7ae8660293f2ebfcefaba91d141d72d221e8": [
                        [
                            "sload",
                            "0x55b91fb95307b5d559958238471c03242b9eb0f4d0f88762e32505930424070d",
                            "0x1a45642b68b52be6bc4d0f",
                            4643
                        ]
                    ]
                }
            ]
        ],
        []
    ],
    "0xb1abbf3073587fb5f1614616e2e1a69231da76c3d609204e9b4fc97d772732d1": [
        [
            [
                "0x5ade7ae8660293f2ebfcefaba91d141d72d221e8",
                "0x23b872dd",
                "complete",
                1511,
                2072,
                "call",
                {
                    "0x5ade7ae8660293f2ebfcefaba91d141d72d221e8": [
                        [
                            "sload",
                            "0xd662d6cf9d15a21af3f8d3cde5ceb943155435ea45d6597da18ae6c73ed2ee2",
                            "0x3d78aa9588e690f35499",
                            8395
                        ],
                        [
                            "sstore",
                            "0xd662d6cf9d15a21af3f8d3cde5ceb943155435ea45d6597da18ae6c73ed2ee2",
                            "0x0",
                            8475
                        ],
                        [
                            "sload",
                            "0x55b91fb95307b5d559958238471c03242b9eb0f4d0f88762e32505930424070d",
                            "0x1a45642b68b52be6bc4d0f",
                            8543
                        ],
                        [
                            "sstore",
                            "0x55b91fb95307b5d559958238471c03242b9eb0f4d0f88762e32505930424070d",
                            "0x1a82dcd5fe3e1277afa1a8",
                            8622
                        ],
                        [
                            "sload",
                            "0xa36eaa61b2fcfbd5f9d0cc333db117ec922b9aa08f6d17b8c8fedee42bd3893d",
                            "0xffffffffffffffffffffffffffffffffffffffffffffffffffffffffffffffff",
                            3526
                        ],
                        [
                            "sstore",
                            "0xa36eaa61b2fcfbd5f9d0cc333db117ec922b9aa08f6d17b8c8fedee42bd3893d",
                            "0xffffffffffffffffffffffffffffffffffffffffffffc287556a77196f0cab66",
                            7928
                        ]
                    ]
                }
            ],
            [
                "0x5ade7ae8660293f2ebfcefaba91d141d72d221e8",
                "0x70a08231",
                "complete",
                3518,
                3647,
                "staticcall",
                {
                    "0x5ade7ae8660293f2ebfcefaba91d141d72d221e8": [
                        [
                            "sload",
                            "0x55b91fb95307b5d559958238471c03242b9eb0f4d0f88762e32505930424070d",
                            "0x1a82dcd5fe3e1277afa1a8",
                            4643
                        ]
                    ]
                }
            ]
        ],
        []
    ],
    "0xeed8eba4f0023b3f7cc77bf19f36d2f36100eae722cbef4ac18b170af8e89cb9": [
        [
            [
                "0x5ade7ae8660293f2ebfcefaba91d141d72d221e8",
                "0x095ea7b3",
                "complete",
                -1,
                221,
                "firstcall",
                {
                    "0x5ade7ae8660293f2ebfcefaba91d141d72d221e8": [
                        [
                            "sstore",
                            "0x58cfeb6f3f20f077ad2adda17e63b7691d2597a5f8ed0a84acaa58ddb574b4f4",
                            "0xffffffffffffffffffffffffffffffffffffffffffffffffffffffffffffffff",
                            7928
                        ]
                    ]
                }
            ]
        ],
        []
    ],
    "0xb6c9c89cf6a38ac9502bb6313510f57df5bbd1b554a54ad935d3b836f64e29ad": [
        [
            [
                "0x5ade7ae8660293f2ebfcefaba91d141d72d221e8",
                "0xa9059cbb",
                "complete",
                2794,
                3156,
                "call",
                {
                    "0x5ade7ae8660293f2ebfcefaba91d141d72d221e8": [
                        [
                            "sload",
                            "0x55b91fb95307b5d559958238471c03242b9eb0f4d0f88762e32505930424070d",
                            "0x1a82dcd5fe3e1277afa1a8",
                            8395
                        ],
                        [
                            "sstore",
                            "0x55b91fb95307b5d559958238471c03242b9eb0f4d0f88762e32505930424070d",
                            "0x1a80243473e24000649671",
                            8475
                        ],
                        [
                            "sload",
                            "0x6ede5aa3a83dc085828750b5916870e3fb6109948631404f3aefb62392f795b8",
                            "0x2b8a18a5bd2774b0b37",
                            8543
                        ],
                        [
                            "sstore",
                            "0x6ede5aa3a83dc085828750b5916870e3fb6109948631404f3aefb62392f795b8",
                            "0x5714314b7a4ee96166e",
                            8622
                        ]
                    ]
                }
            ],
            [
                "0x5ade7ae8660293f2ebfcefaba91d141d72d221e8",
                "0x70a08231",
                "complete",
                3291,
                3420,
                "staticcall",
                {
                    "0x5ade7ae8660293f2ebfcefaba91d141d72d221e8": [
                        [
                            "sload",
                            "0x55b91fb95307b5d559958238471c03242b9eb0f4d0f88762e32505930424070d",
                            "0x1a80243473e24000649671",
                            4643
                        ]
                    ]
                }
            ]
        ],
        []
    ],
    "0x86b57265ca2c1196777c8378efe3e86138a5365815956e726fdc10085c73f823": [
        [
            [
                "0x5ade7ae8660293f2ebfcefaba91d141d72d221e8",
                "0xa9059cbb",
                "complete",
                2777,
                3139,
                "call",
                {
                    "0x5ade7ae8660293f2ebfcefaba91d141d72d221e8": [
                        [
                            "sload",
                            "0x55b91fb95307b5d559958238471c03242b9eb0f4d0f88762e32505930424070d",
                            "0x1a80243473e24000649671",
                            8395
                        ],
                        [
                            "sstore",
                            "0x55b91fb95307b5d559958238471c03242b9eb0f4d0f88762e32505930424070d",
                            "0x1a7fd8ffebf8414e4f68f4",
                            8475
                        ],
                        [
                            "sload",
                            "0x312b83bdd289c7a2415434c0468b6a05ae4ea5ee295449a6fbba6e6009e8222b",
                            "0x0",
                            8543
                        ],
                        [
                            "sstore",
                            "0x312b83bdd289c7a2415434c0468b6a05ae4ea5ee295449a6fbba6e6009e8222b",
                            "0x4b3487e9feb2152d7d",
                            8622
                        ]
                    ]
                }
            ],
            [
                "0x5ade7ae8660293f2ebfcefaba91d141d72d221e8",
                "0x70a08231",
                "complete",
                3274,
                3403,
                "staticcall",
                {
                    "0x5ade7ae8660293f2ebfcefaba91d141d72d221e8": [
                        [
                            "sload",
                            "0x55b91fb95307b5d559958238471c03242b9eb0f4d0f88762e32505930424070d",
                            "0x1a7fd8ffebf8414e4f68f4",
                            4643
                        ]
                    ]
                }
            ]
        ],
        []
    ],
    "0xe9a67b90cd071246285b4443f7930244cbcc2965f8bcd5f6e3d0ec565dafe0e4": [],
    "0x2a619b4a874c799a215166169adf9dcfaa0b4c551e2e37d08095380fd108c4dc": [
        [],
        []
    ],
    "0xe4edd377f080fb7e3eaf7c8dbfa0285589d61fa28b2a8ddb34e4f43a64ed22c1": [
        [
            [
                "0x5ade7ae8660293f2ebfcefaba91d141d72d221e8",
                "0xa9059cbb",
                "complete",
                2777,
                3139,
                "call",
                {
                    "0x5ade7ae8660293f2ebfcefaba91d141d72d221e8": [
                        [
                            "sload",
                            "0x55b91fb95307b5d559958238471c03242b9eb0f4d0f88762e32505930424070d",
                            "0x1a7fd8ffebf8414e4f68f4",
                            8395
                        ],
                        [
                            "sstore",
                            "0x55b91fb95307b5d559958238471c03242b9eb0f4d0f88762e32505930424070d",
                            "0x1a7882fc04f02f3071f5a6",
                            8475
                        ],
                        [
                            "sload",
                            "0xa4c69a62ae436c3e1d0167455932c3ad3ca7aa52a4196b31e3648bd9f8034af0",
                            "0x0",
                            8543
                        ],
                        [
                            "sstore",
                            "0xa4c69a62ae436c3e1d0167455932c3ad3ca7aa52a4196b31e3648bd9f8034af0",
                            "0x75603e708121ddd734e",
                            8622
                        ]
                    ]
                }
            ],
            [
                "0x5ade7ae8660293f2ebfcefaba91d141d72d221e8",
                "0x70a08231",
                "complete",
                3274,
                3403,
                "staticcall",
                {
                    "0x5ade7ae8660293f2ebfcefaba91d141d72d221e8": [
                        [
                            "sload",
                            "0x55b91fb95307b5d559958238471c03242b9eb0f4d0f88762e32505930424070d",
                            "0x1a7882fc04f02f3071f5a6",
                            4643
                        ]
                    ]
                }
            ]
        ],
        []
    ],
    "0x148aebebea441c99a6a38b03225b62cd4371cb8a5393ac30508597c5ff2e237e": [
        [
            [
                "0x5ade7ae8660293f2ebfcefaba91d141d72d221e8",
                "0xa9059cbb",
                "complete",
                6611,
                6973,
                "call",
                {
                    "0x5ade7ae8660293f2ebfcefaba91d141d72d221e8": [
                        [
                            "sload",
                            "0x55b91fb95307b5d559958238471c03242b9eb0f4d0f88762e32505930424070d",
                            "0x1a7882fc04f02f3071f5a6",
                            8395
                        ],
                        [
                            "sstore",
                            "0x55b91fb95307b5d559958238471c03242b9eb0f4d0f88762e32505930424070d",
                            "0x1a557db619e0280d86664c",
                            8475
                        ],
                        [
                            "sload",
                            "0xc7ae9cb83af01a0cbefca2bdda60f7a9dfb126455acff11a53c24711c3df056c",
                            "0x1fe0f06bb57a82c0ec0d",
                            8543
                        ],
                        [
                            "sstore",
                            "0xc7ae9cb83af01a0cbefca2bdda60f7a9dfb126455acff11a53c24711c3df056c",
                            "0x42e63656c581a5ac7b67",
                            8622
                        ]
                    ]
                }
            ],
            [
                "0x5ade7ae8660293f2ebfcefaba91d141d72d221e8",
                "0x70a08231",
                "complete",
                7108,
                7237,
                "staticcall",
                {
                    "0x5ade7ae8660293f2ebfcefaba91d141d72d221e8": [
                        [
                            "sload",
                            "0x55b91fb95307b5d559958238471c03242b9eb0f4d0f88762e32505930424070d",
                            "0x1a557db619e0280d86664c",
                            4643
                        ]
                    ]
                }
            ]
        ],
        []
    ],
    "0xaabd3022c60e74d7a59f43195b3e6a827fb168b6697f4a3e666823de18b192af": [
        [
            [
                "0xd77c2ab1cd0faa4b79e16a0e7472cb222a9ee175",
                "0xd6febde8",
                "complete",
                -1,
                2056,
                "firstcall",
                {
                    "0xd77c2ab1cd0faa4b79e16a0e7472cb222a9ee175": [
                        [
                            "sload",
                            "0x2",
                            "0x49adcc419df6aeda2f94",
                            3349
                        ],
                        [
                            "sload",
                            "0x4",
                            "0x6423be87c4ab7102a1b4d2",
                            3618
                        ],
                        [
                            "sload",
                            "0x5",
                            "0x7a120",
                            3624
                        ],
                        [
                            "sload",
                            "0x4",
                            "0x6423be87c4ab7102a1b4d2",
                            9947
                        ],
                        [
                            "sstore",
                            "0x4",
                            "0x648dc7820727b1837d1398",
                            9966
                        ],
                        [
                            "sload",
                            "0x2",
                            "0x49adcc419df6aeda2f94",
                            9103
                        ],
                        [
                            "sstore",
                            "0x2",
                            "0x49d4c41180ca00e081bb",
                            9122
                        ],
                        [
                            "sload",
                            "0x59b66c717a6d2e394a53985f88d736b34bd9c480ad25243d8df4758b24361db6",
                            "0x0",
                            9190
                        ],
                        [
                            "sstore",
                            "0x59b66c717a6d2e394a53985f88d736b34bd9c480ad25243d8df4758b24361db6",
                            "0x26f7cfe2d352065227",
                            9269
                        ]
                    ],
                    "0x5ade7ae8660293f2ebfcefaba91d141d72d221e8": [
                        [
                            "sload",
                            "0xbb7f75af9ee4c243e190d2ab367265101aa816d4e4743015a851608dd6e1fcfa",
                            "0x1",
                            5767
                        ],
                        [
                            "sload",
                            "0x59b66c717a6d2e394a53985f88d736b34bd9c480ad25243d8df4758b24361db6",
                            "0x6a08fa427c4080db5ec6",
                            9726
                        ],
                        [
                            "sstore",
                            "0x59b66c717a6d2e394a53985f88d736b34bd9c480ad25243d8df4758b24361db6",
                            "0x0",
                            9806
                        ],
                        [
                            "sload",
                            "0x2",
                            "0x40f8eeb616fdf227d1241ca",
                            9814
                        ],
                        [
                            "sstore",
                            "0x2",
                            "0x40f24e2672d62e1fc36e304",
                            9833
                        ]
                    ]
                }
            ],
            [
                "0x16f6664c16bede5d70818654defef11769d40983",
                "0x29a00e7c",
                "complete",
                190,
                1310,
                "staticcall",
                {}
            ],
            [
                "0x5ade7ae8660293f2ebfcefaba91d141d72d221e8",
                "0xaad3ec96",
                "complete",
                1477,
                1821,
                "call",
                {
                    "0x5ade7ae8660293f2ebfcefaba91d141d72d221e8": [
                        [
                            "sload",
                            "0xbb7f75af9ee4c243e190d2ab367265101aa816d4e4743015a851608dd6e1fcfa",
                            "0x1",
                            5767
                        ],
                        [
                            "sload",
                            "0x59b66c717a6d2e394a53985f88d736b34bd9c480ad25243d8df4758b24361db6",
                            "0x6a08fa427c4080db5ec6",
                            9726
                        ],
                        [
                            "sstore",
                            "0x59b66c717a6d2e394a53985f88d736b34bd9c480ad25243d8df4758b24361db6",
                            "0x0",
                            9806
                        ],
                        [
                            "sload",
                            "0x2",
                            "0x40f8eeb616fdf227d1241ca",
                            9814
                        ],
                        [
                            "sstore",
                            "0x2",
                            "0x40f24e2672d62e1fc36e304",
                            9833
                        ]
                    ]
                }
            ]
        ],
        []
    ],
    "0xb0357678115267e091fe32606bf54f33b70e9d26633138266e5fa12f9ea7193c": [
        [
            [
                "0x5ade7ae8660293f2ebfcefaba91d141d72d221e8",
                "0x23b872dd",
                "complete",
                1511,
                2072,
                "call",
                {
                    "0x5ade7ae8660293f2ebfcefaba91d141d72d221e8": [
                        [
                            "sload",
                            "0xdd06cb5b7585e68fb138baf946c49773061027d18860ab079748f09a1552c8cd",
                            "0x2d27d7730fa7d2933927",
                            8395
                        ],
                        [
                            "sstore",
                            "0xdd06cb5b7585e68fb138baf946c49773061027d18860ab079748f09a1552c8cd",
                            "0x0",
                            8475
                        ],
                        [
                            "sload",
                            "0x55b91fb95307b5d559958238471c03242b9eb0f4d0f88762e32505930424070d",
                            "0x1a557db619e0280d86664c",
                            8543
                        ],
                        [
                            "sstore",
                            "0x55b91fb95307b5d559958238471c03242b9eb0f4d0f88762e32505930424070d",
                            "0x1a82a58d8cefcfe0199f73",
                            8622
                        ],
                        [
                            "sload",
                            "0x50c929c231f4840bacd47ffb3d5eee47a4672e56b1f8849b45bd04bad462f4f2",
                            "0xffffffffffffffffffffffffffffffffffffffffffffffffffffffffffffffff",
                            3526
                        ],
                        [
                            "sstore",
                            "0x50c929c231f4840bacd47ffb3d5eee47a4672e56b1f8849b45bd04bad462f4f2",
                            "0xffffffffffffffffffffffffffffffffffffffffffffd2d8288cf0582d6cc6d8",
                            7928
                        ]
                    ]
                }
            ],
            [
                "0x5ade7ae8660293f2ebfcefaba91d141d72d221e8",
                "0x70a08231",
                "complete",
                3518,
                3647,
                "staticcall",
                {
                    "0x5ade7ae8660293f2ebfcefaba91d141d72d221e8": [
                        [
                            "sload",
                            "0x55b91fb95307b5d559958238471c03242b9eb0f4d0f88762e32505930424070d",
                            "0x1a82a58d8cefcfe0199f73",
                            4643
                        ]
                    ]
                }
            ]
        ],
        []
    ],
    "0x6e82960229e90fde631ec6426a10d0847c3e400d8d79a14dd27e6047776ad0cd": [
        [
            [
                "0x5ade7ae8660293f2ebfcefaba91d141d72d221e8",
                "0x095ea7b3",
                "complete",
                -1,
                221,
                "firstcall",
                {
                    "0x5ade7ae8660293f2ebfcefaba91d141d72d221e8": [
                        [
                            "sstore",
                            "0xbeddceddc963b0305979241a81954fb93ee09b7a08a33c5c5ff7b8f6d3897a01",
                            "0xffffffffffffffffffffffffffffffffffffffffffffffffffffffffffffffff",
                            7928
                        ]
                    ]
                }
            ]
        ],
        []
    ],
    "0x031dcf7e64ba2f485527bb3f1978e3a17d50802ff7f906783f56d9ad61363380": [
        [
            [
                "0x5ade7ae8660293f2ebfcefaba91d141d72d221e8",
                "0x23b872dd",
                "complete",
                1511,
                2072,
                "call",
                {
                    "0x5ade7ae8660293f2ebfcefaba91d141d72d221e8": [
                        [
                            "sload",
                            "0x4520e613cf08db84c80a0d80ada9e00176b8b08a554a0d32eab1b29c9622b316",
                            "0xcbb7a96b24672f089b83",
                            8395
                        ],
                        [
                            "sstore",
                            "0x4520e613cf08db84c80a0d80ada9e00176b8b08a554a0d32eab1b29c9622b316",
                            "0x0",
                            8475
                        ],
                        [
                            "sload",
                            "0x55b91fb95307b5d559958238471c03242b9eb0f4d0f88762e32505930424070d",
                            "0x1a82a58d8cefcfe0199f73",
                            8543
                        ],
                        [
                            "sstore",
                            "0x55b91fb95307b5d559958238471c03242b9eb0f4d0f88762e32505930424070d",
                            "0x1b4e5d36f814370f223af6",
                            8622
                        ],
                        [
                            "sload",
                            "0x91f33dd69a9bddacb6ab99e0ff89236013f7d0aa39adb964cad8746571ca6e90",
                            "0xffffffffffffffffffffffffffffffffffffffffffffffffffffffffffffffff",
                            3526
                        ],
                        [
                            "sstore",
                            "0x91f33dd69a9bddacb6ab99e0ff89236013f7d0aa39adb964cad8746571ca6e90",
                            "0xffffffffffffffffffffffffffffffffffffffffffff34485694db98d0f7647c",
                            7928
                        ]
                    ]
                }
            ],
            [
                "0x5ade7ae8660293f2ebfcefaba91d141d72d221e8",
                "0x70a08231",
                "complete",
                3518,
                3647,
                "staticcall",
                {
                    "0x5ade7ae8660293f2ebfcefaba91d141d72d221e8": [
                        [
                            "sload",
                            "0x55b91fb95307b5d559958238471c03242b9eb0f4d0f88762e32505930424070d",
                            "0x1b4e5d36f814370f223af6",
                            4643
                        ]
                    ]
                }
            ]
        ],
        []
    ],
    "0xad3b8cccb280c1b9cd37b7c76b712fda7fda3064e7c2e7e09eefa12c07e51538": [
        [
            [
                "0x5ade7ae8660293f2ebfcefaba91d141d72d221e8",
                "0xa9059cbb",
                "complete",
                6611,
                6973,
                "call",
                {
                    "0x5ade7ae8660293f2ebfcefaba91d141d72d221e8": [
                        [
                            "sload",
                            "0x55b91fb95307b5d559958238471c03242b9eb0f4d0f88762e32505930424070d",
                            "0x1b4e5d36f814370f223af6",
                            8395
                        ],
                        [
                            "sstore",
                            "0x55b91fb95307b5d559958238471c03242b9eb0f4d0f88762e32505930424070d",
                            "0x1b3e7b74e22b3ed6423af6",
                            8475
                        ],
                        [
                            "sload",
                            "0xe2b81011c3c9aca1f683197346628980e62f9a1b7870e0bb936da29be4e7560c",
                            "0x1fc3842bd1f071c00000",
                            8543
                        ],
                        [
                            "sstore",
                            "0xe2b81011c3c9aca1f683197346628980e62f9a1b7870e0bb936da29be4e7560c",
                            "0x2fa54641bae8aaa00000",
                            8622
                        ]
                    ]
                }
            ],
            [
                "0x5ade7ae8660293f2ebfcefaba91d141d72d221e8",
                "0x70a08231",
                "complete",
                7108,
                7237,
                "staticcall",
                {
                    "0x5ade7ae8660293f2ebfcefaba91d141d72d221e8": [
                        [
                            "sload",
                            "0x55b91fb95307b5d559958238471c03242b9eb0f4d0f88762e32505930424070d",
                            "0x1b3e7b74e22b3ed6423af6",
                            4643
                        ]
                    ]
                }
            ]
        ],
        []
    ],
    "0xb2a04d7f28b19b743486e117be4d6e90b1a713c939a59fff97316ee2e0fea648": [],
    "0x211c500e17e7245c4c856dec62a8a82a8b1eb4fef0c06421db47fd15260044ac": [
        [
            [
                "0xe4ffd682380c571a6a07dd8f20b402412e02830e",
                "0xd6febde8",
                "complete",
                -1,
                2072,
                "firstcall",
                {
                    "0xe4ffd682380c571a6a07dd8f20b402412e02830e": [
                        [
                            "sload",
                            "0x2",
                            "0x2e3954096da9b56cb30d",
                            3349
                        ],
                        [
                            "sload",
                            "0x4",
                            "0x276a0e5e6e1eae722fe357",
                            3618
                        ],
                        [
                            "sload",
                            "0x5",
                            "0x7a120",
                            3624
                        ],
                        [
                            "sload",
                            "0x4",
                            "0x276a0e5e6e1eae722fe357",
                            9947
                        ],
                        [
                            "sstore",
                            "0x4",
                            "0x27e91c6f1d6670392fe357",
                            9966
                        ],
                        [
                            "sload",
                            "0x2",
                            "0x2e3954096da9b56cb30d",
                            9103
                        ],
                        [
                            "sstore",
                            "0x2",
                            "0x2e839930299bfc148b67",
                            9122
                        ],
                        [
                            "sload",
                            "0x84432848a1232086b67515286a9b7a865245b43285a14dfa20b634c7f10aa1de",
                            "0x1751f07582c26c856c",
                            9190
                        ],
                        [
                            "sstore",
                            "0x84432848a1232086b67515286a9b7a865245b43285a14dfa20b634c7f10aa1de",
                            "0x619717317509145dc6",
                            9269
                        ]
                    ],
                    "0x5ade7ae8660293f2ebfcefaba91d141d72d221e8": [
                        [
                            "sload",
                            "0x38b87d70d14495111f09602cb283025cd374a927f27c7ad296fe733416c143ac",
                            "0x1",
                            5767
                        ],
                        [
                            "sload",
                            "0x84432848a1232086b67515286a9b7a865245b43285a14dfa20b634c7f10aa1de",
                            "0x8711f29d94dce34366fd",
                            9726
                        ],
                        [
                            "sstore",
                            "0x84432848a1232086b67515286a9b7a865245b43285a14dfa20b634c7f10aa1de",
                            "0x803e1ee4d1b1c4366fd",
                            9806
                        ],
                        [
                            "sload",
                            "0x2",
                            "0x40f24e2672d62e1fc36e304",
                            9814
                        ],
                        [
                            "sstore",
                            "0x2",
                            "0x40ea5d4567e1b203536e304",
                            9833
                        ]
                    ]
                }
            ],
            [
                "0x16f6664c16bede5d70818654defef11769d40983",
                "0x29a00e7c",
                "complete",
                190,
                1326,
                "staticcall",
                {}
            ],
            [
                "0x5ade7ae8660293f2ebfcefaba91d141d72d221e8",
                "0xaad3ec96",
                "complete",
                1493,
                1837,
                "call",
                {
                    "0x5ade7ae8660293f2ebfcefaba91d141d72d221e8": [
                        [
                            "sload",
                            "0x38b87d70d14495111f09602cb283025cd374a927f27c7ad296fe733416c143ac",
                            "0x1",
                            5767
                        ],
                        [
                            "sload",
                            "0x84432848a1232086b67515286a9b7a865245b43285a14dfa20b634c7f10aa1de",
                            "0x8711f29d94dce34366fd",
                            9726
                        ],
                        [
                            "sstore",
                            "0x84432848a1232086b67515286a9b7a865245b43285a14dfa20b634c7f10aa1de",
                            "0x803e1ee4d1b1c4366fd",
                            9806
                        ],
                        [
                            "sload",
                            "0x2",
                            "0x40f24e2672d62e1fc36e304",
                            9814
                        ],
                        [
                            "sstore",
                            "0x2",
                            "0x40ea5d4567e1b203536e304",
                            9833
                        ]
                    ]
                }
            ]
        ],
        []
    ],
    "0x807f3bf1f2105148eeae5e8d468e7233b584b20167da25d46c06d6a10e929219": [
        [
            [
                "0x5ade7ae8660293f2ebfcefaba91d141d72d221e8",
                "0x095ea7b3",
                "complete",
                -1,
                221,
                "firstcall",
                {
                    "0x5ade7ae8660293f2ebfcefaba91d141d72d221e8": [
                        [
                            "sstore",
                            "0x5736ec7bf2e0c365360cd9311b7ddb93fd5222d4e8bd13f2e8a0254c551191cc",
                            "0xffffffffffffffffffffffffffffffffffffffffffffffffffffffffffffffff",
                            7928
                        ]
                    ]
                }
            ]
        ],
        []
    ],
    "0xd97cf10523ff44e1a07ead6367d75df578d008263410cd0148e2bc8264b71a23": [
        [
            [
                "0x5ade7ae8660293f2ebfcefaba91d141d72d221e8",
                "0x23b872dd",
                "complete",
                1511,
                2072,
                "call",
                {
                    "0x5ade7ae8660293f2ebfcefaba91d141d72d221e8": [
                        [
                            "sload",
                            "0x2c75c4f1f4ed7b03d3252a7e8b82383ee2308159e803a699647323603a5ea4be",
                            "0x71143277b83965088d43",
                            8395
                        ],
                        [
                            "sstore",
                            "0x2c75c4f1f4ed7b03d3252a7e8b82383ee2308159e803a699647323603a5ea4be",
                            "0x0",
                            8475
                        ],
                        [
                            "sload",
                            "0x55b91fb95307b5d559958238471c03242b9eb0f4d0f88762e32505930424070d",
                            "0x1b3e7b74e22b3ed6423af6",
                            8543
                        ],
                        [
                            "sstore",
                            "0x55b91fb95307b5d559958238471c03242b9eb0f4d0f88762e32505930424070d",
                            "0x1baf8fa759e3783b4ac839",
                            8622
                        ],
                        [
                            "sload",
                            "0x35abd6d418b84542827342aa41eb17239a837ac34b26a9787e1e27332411077d",
                            "0xffffffffffffffffffffffffffffffffffffffffffffffffffffffffffffffff",
                            3526
                        ],
                        [
                            "sstore",
                            "0x35abd6d418b84542827342aa41eb17239a837ac34b26a9787e1e27332411077d",
                            "0xffffffffffffffffffffffffffffffffffffffffffff8eebcd8847c69af772bc",
                            7928
                        ]
                    ]
                }
            ],
            [
                "0x5ade7ae8660293f2ebfcefaba91d141d72d221e8",
                "0x70a08231",
                "complete",
                3518,
                3647,
                "staticcall",
                {
                    "0x5ade7ae8660293f2ebfcefaba91d141d72d221e8": [
                        [
                            "sload",
                            "0x55b91fb95307b5d559958238471c03242b9eb0f4d0f88762e32505930424070d",
                            "0x1baf8fa759e3783b4ac839",
                            4643
                        ]
                    ]
                }
            ]
        ],
        []
    ]
}