{
    "0x4442117c73cf729bfa58b21b324c2b813fb6d53403b2f1746df0106abe3c21d9": [
        [
            [
                "0x5ade7ae8660293f2ebfcefaba91d141d72d221e8",
                "0x095ea7b3",
                "complete",
                -1,
                221,
                "firstcall",
                {
                    "0x5ade7ae8660293f2ebfcefaba91d141d72d221e8": [
                        [
                            "sstore",
                            "0xf14aa9ac8fc991af0b337375cd5cae8a69d27495f8e1f9002b8c3b95796074d5",
                            "0xffffffffffffffffffffffffffffffffffffffffffffffffffffffffffffffff",
                            7928
                        ]
                    ]
                }
            ]
        ],
        []
    ],
    "0x5f161d1d0424c50ce5fd85e073168338ce151b2599cd4f6ee9a5f485dde862cd": [
        [
            [
                "0x5ade7ae8660293f2ebfcefaba91d141d72d221e8",
                "0xa9059cbb",
                "complete",
                2777,
                3139,
                "call",
                {
                    "0x5ade7ae8660293f2ebfcefaba91d141d72d221e8": [
                        [
                            "sload",
                            "0x55b91fb95307b5d559958238471c03242b9eb0f4d0f88762e32505930424070d",
                            "0x134a452b3160a6eedfe30d",
                            8395
                        ],
                        [
                            "sstore",
                            "0x55b91fb95307b5d559958238471c03242b9eb0f4d0f88762e32505930424070d",
                            "0x134703b68ef6820027ddcd",
                            8475
                        ],
                        [
                            "sload",
                            "0xb9ddb6e3526d124b49ce656497ff3f88da3cf14e747016c612e2d218bf8e6da8",
                            "0x194e13afcd9c927dcffa",
                            8543
                        ],
                        [
                            "sstore",
                            "0xb9ddb6e3526d124b49ce656497ff3f88da3cf14e747016c612e2d218bf8e6da8",
                            "0x1c8f885237c18135d53a",
                            8622
                        ]
                    ]
                }
            ],
            [
                "0x5ade7ae8660293f2ebfcefaba91d141d72d221e8",
                "0x70a08231",
                "complete",
                3274,
                3403,
                "staticcall",
                {
                    "0x5ade7ae8660293f2ebfcefaba91d141d72d221e8": [
                        [
                            "sload",
                            "0x55b91fb95307b5d559958238471c03242b9eb0f4d0f88762e32505930424070d",
                            "0x134703b68ef6820027ddcd",
                            4643
                        ]
                    ]
                }
            ]
        ],
        []
    ],
    "0x55f45af9b1dcfd654dd256ca605f1701498c541c16818f248f20f9a28a313a9a": [
        [
            [
                "0x5ade7ae8660293f2ebfcefaba91d141d72d221e8",
                "0xa9059cbb",
                "complete",
                2777,
                3139,
                "call",
                {
                    "0x5ade7ae8660293f2ebfcefaba91d141d72d221e8": [
                        [
                            "sload",
                            "0x55b91fb95307b5d559958238471c03242b9eb0f4d0f88762e32505930424070d",
                            "0x134703b68ef6820027ddcd",
                            8395
                        ],
                        [
                            "sstore",
                            "0x55b91fb95307b5d559958238471c03242b9eb0f4d0f88762e32505930424070d",
                            "0x133a08dba16512e688425b",
                            8475
                        ],
                        [
                            "sload",
                            "0xf1405c9b7c8d335670e7eb13f05273cd72e13c3fcf233dadb8766142109945b2",
                            "0x414d63fb6678d5a43c5f",
                            8543
                        ],
                        [
                            "sstore",
                            "0xf1405c9b7c8d335670e7eb13f05273cd72e13c3fcf233dadb8766142109945b2",
                            "0x4e483ee8f7e7ef43d7d1",
                            8622
                        ]
                    ]
                }
            ],
            [
                "0x5ade7ae8660293f2ebfcefaba91d141d72d221e8",
                "0x70a08231",
                "complete",
                3274,
                3403,
                "staticcall",
                {
                    "0x5ade7ae8660293f2ebfcefaba91d141d72d221e8": [
                        [
                            "sload",
                            "0x55b91fb95307b5d559958238471c03242b9eb0f4d0f88762e32505930424070d",
                            "0x133a08dba16512e688425b",
                            4643
                        ]
                    ]
                }
            ]
        ],
        []
    ],
    "0x653c346ec794d3862998b7e4536ce07fa7559ebe098d45554ace8f506d63eae3": [
        [
            [
                "0x5ade7ae8660293f2ebfcefaba91d141d72d221e8",
                "0xa9059cbb",
                "complete",
                2777,
                3139,
                "call",
                {
                    "0x5ade7ae8660293f2ebfcefaba91d141d72d221e8": [
                        [
                            "sload",
                            "0x55b91fb95307b5d559958238471c03242b9eb0f4d0f88762e32505930424070d",
                            "0x133a08dba16512e688425b",
                            8395
                        ],
                        [
                            "sstore",
                            "0x55b91fb95307b5d559958238471c03242b9eb0f4d0f88762e32505930424070d",
                            "0x1337726377f64389352566",
                            8475
                        ],
                        [
                            "sload",
                            "0xc48f996c53f3cafcfb537e61b39d3e469cb72475c5d30eddf1e87ef431109c75",
                            "0x0",
                            8543
                        ],
                        [
                            "sstore",
                            "0xc48f996c53f3cafcfb537e61b39d3e469cb72475c5d30eddf1e87ef431109c75",
                            "0x29678296ecf5d531cf5",
                            8622
                        ]
                    ]
                }
            ],
            [
                "0x5ade7ae8660293f2ebfcefaba91d141d72d221e8",
                "0x70a08231",
                "complete",
                3274,
                3403,
                "staticcall",
                {
                    "0x5ade7ae8660293f2ebfcefaba91d141d72d221e8": [
                        [
                            "sload",
                            "0x55b91fb95307b5d559958238471c03242b9eb0f4d0f88762e32505930424070d",
                            "0x1337726377f64389352566",
                            4643
                        ]
                    ]
                }
            ]
        ],
        []
    ],
    "0x712051b1c54bf33440f7566b9938c3f7b8bc6e7262b167870c27313bd60211ed": [],
    "0x2ea48f709902ba9aa7d7fd64bac7e085898e5e49d06a67217ae90898013faaa0": [
        [
            [
                "0x5ade7ae8660293f2ebfcefaba91d141d72d221e8",
                "0x095ea7b3",
                "complete",
                -1,
                221,
                "firstcall",
                {
                    "0x5ade7ae8660293f2ebfcefaba91d141d72d221e8": [
                        [
                            "sstore",
                            "0x1e2e6da6983b05362d385daa2733acdf12d5da0b20c0e61e71172328825485c7",
                            "0x2cd76fe086b93ce2f768a00b22a00000000000",
                            7928
                        ]
                    ]
                }
            ]
        ],
        []
    ],
    "0x3ad14429c0d69d8817c1fe81cd064b9cb9a5109196bccf726b22bac67c07f869": [
        [],
        []
    ],
    "0x35c43c31ff195926ba4f70b7129f3ff55969378ac902a24a7c75c53ca0c5bbd6": [],
    "0xefd8e41a7c0dcb07bbd5e018b2dbbe3081aaf636a8d946db286096922a003cc0": [],
    "0x448110eca9b7cfe9f4db4eb5bd57b2d876dc4839ee02dc25e13813aef1387fc0": [],
    "0x5c2016911fb06374b005e186ff0305ebc1c6b326efc30315c78d764e883a1fa1": [
        [],
        []
    ],
    "0x83ce687157e45b8c72d24337db82b202061ad2c1e6ea130ba392c9cbc9d4de02": [
        [
            [
                "0xb387e90367f1e621e656900ed2a762dc7d71da8c",
                "0xd6febde8",
                "complete",
                -1,
                2040,
                "firstcall",
                {
                    "0xb387e90367f1e621e656900ed2a762dc7d71da8c": [
                        [
                            "sload",
                            "0x2",
                            "0x4d3e07ff01fec325c2f7",
                            3349
                        ],
                        [
                            "sload",
                            "0x4",
                            "0x6e0f68092a3a8aa6327181",
                            3618
                        ],
                        [
                            "sload",
                            "0x5",
                            "0x7a120",
                            3624
                        ],
                        [
                            "sload",
                            "0x4",
                            "0x6e0f68092a3a8aa6327181",
                            9947
                        ],
                        [
                            "sstore",
                            "0x4",
                            "0x6e0f69641c1215fef67181",
                            9966
                        ],
                        [
                            "sload",
                            "0x2",
                            "0x4d3e07ff01fec325c2f7",
                            9103
                        ],
                        [
                            "sstore",
                            "0x2",
                            "0x4d3e0878c102ed87fa10",
                            9122
                        ],
                        [
                            "sload",
                            "0xc1c8c32a635884d8e511cdfc8a14c8e8c74bffdc99d53a245e911f4d7e88414c",
                            "0x0",
                            9190
                        ],
                        [
                            "sstore",
                            "0xc1c8c32a635884d8e511cdfc8a14c8e8c74bffdc99d53a245e911f4d7e88414c",
                            "0x79bf042a623719",
                            9269
                        ]
                    ],
                    "0x5ade7ae8660293f2ebfcefaba91d141d72d221e8": [
                        [
                            "sload",
                            "0xc67e03c13a68efce33d790d1e644386ec5f7ecdc2e2f0d97f5b1ac99de6ff824",
                            "0x1",
                            5767
                        ],
                        [
                            "sload",
                            "0xc1c8c32a635884d8e511cdfc8a14c8e8c74bffdc99d53a245e911f4d7e88414c",
                            "0x416ce8d18cd9f13016e",
                            9726
                        ],
                        [
                            "sstore",
                            "0xc1c8c32a635884d8e511cdfc8a14c8e8c74bffdc99d53a245e911f4d7e88414c",
                            "0x415739b4142464f016e",
                            9806
                        ],
                        [
                            "sload",
                            "0x2",
                            "0x3d0c37c32cf8c9a9804d9d7",
                            9814
                        ],
                        [
                            "sstore",
                            "0x2",
                            "0x3d0c37ad7ddb50f3f40d9d7",
                            9833
                        ]
                    ]
                }
            ],
            [
                "0x16f6664c16bede5d70818654defef11769d40983",
                "0x29a00e7c",
                "complete",
                190,
                1294,
                "staticcall",
                {}
            ],
            [
                "0x5ade7ae8660293f2ebfcefaba91d141d72d221e8",
                "0xaad3ec96",
                "complete",
                1461,
                1805,
                "call",
                {
                    "0x5ade7ae8660293f2ebfcefaba91d141d72d221e8": [
                        [
                            "sload",
                            "0xc67e03c13a68efce33d790d1e644386ec5f7ecdc2e2f0d97f5b1ac99de6ff824",
                            "0x1",
                            5767
                        ],
                        [
                            "sload",
                            "0xc1c8c32a635884d8e511cdfc8a14c8e8c74bffdc99d53a245e911f4d7e88414c",
                            "0x416ce8d18cd9f13016e",
                            9726
                        ],
                        [
                            "sstore",
                            "0xc1c8c32a635884d8e511cdfc8a14c8e8c74bffdc99d53a245e911f4d7e88414c",
                            "0x415739b4142464f016e",
                            9806
                        ],
                        [
                            "sload",
                            "0x2",
                            "0x3d0c37c32cf8c9a9804d9d7",
                            9814
                        ],
                        [
                            "sstore",
                            "0x2",
                            "0x3d0c37ad7ddb50f3f40d9d7",
                            9833
                        ]
                    ]
                }
            ]
        ],
        []
    ],
    "0x4be31e393f4dbde368f688fed4d782b910d93804a00a65eb294b003282549644": [],
    "0x9aadc004781d287ea510281b5b53d5ff6783c4423099bdcd963bc2abf52943f2": [
        [
            [
                "0x5ade7ae8660293f2ebfcefaba91d141d72d221e8",
                "0xa9059cbb",
                "complete",
                6280,
                6642,
                "call",
                {
                    "0x5ade7ae8660293f2ebfcefaba91d141d72d221e8": [
                        [
                            "sload",
                            "0x55b91fb95307b5d559958238471c03242b9eb0f4d0f88762e32505930424070d",
                            "0x1337726377f64389352566",
                            8395
                        ],
                        [
                            "sstore",
                            "0x55b91fb95307b5d559958238471c03242b9eb0f4d0f88762e32505930424070d",
                            "0x13242069bc28c8bff66e0f",
                            8475
                        ],
                        [
                            "sload",
                            "0x28bbfe26fa1e5df097fa881a9d8fdc84d5926398d1607488e60db8908899e28f",
                            "0x0",
                            8543
                        ],
                        [
                            "sstore",
                            "0x28bbfe26fa1e5df097fa881a9d8fdc84d5926398d1607488e60db8908899e28f",
                            "0x1351f9bbcd7ac93eb757",
                            8622
                        ]
                    ]
                }
            ],
            [
                "0x5ade7ae8660293f2ebfcefaba91d141d72d221e8",
                "0x70a08231",
                "complete",
                6777,
                6906,
                "staticcall",
                {
                    "0x5ade7ae8660293f2ebfcefaba91d141d72d221e8": [
                        [
                            "sload",
                            "0x55b91fb95307b5d559958238471c03242b9eb0f4d0f88762e32505930424070d",
                            "0x13242069bc28c8bff66e0f",
                            4643
                        ]
                    ]
                }
            ]
        ],
        []
    ],
    "0xc503eedaf78e9826c26854c54a883c6e81af9fd229d5cbd13ad5e1d5304bde0b": [],
    "0x3c4368ca94fe73e73ba19b0daf1ddbc99b925c7e9a5a8ce02a6f73d7dec3e3fd": [],
    "0x2f2692cecf112f0cbe5054b06d0eebd1720b1bf8a98850dea4b7a035d363c288": [],
    "0xb01a38d0bd4d535fd9ffc1cff8409ac6adbff828b4da35a664be7c3b4849a977": [],
    "0x7098bb16233cac993bd0efd241042d33cd08c3cc12d8991c4a9f67c0c88d9297": [
        [
            [
                "0x5ade7ae8660293f2ebfcefaba91d141d72d221e8",
                "0x095ea7b3",
                "complete",
                -1,
                221,
                "firstcall",
                {
                    "0x5ade7ae8660293f2ebfcefaba91d141d72d221e8": [
                        [
                            "sstore",
                            "0x4d9f41c01deb7ebf884984ed4f3700101048f054a6a86eee15ae4f7cfa54e49",
                            "0xffffffffffffffffffffffffffffffffffffffffffffffffffffffffffffffff",
                            7928
                        ]
                    ]
                }
            ]
        ],
        []
    ]
}