{
    "0xa265584e18ca70d8efbd1dbe03fe9dc7376b6b71795fe2bb9e0db05b54d04057": [
        [
            [
                "0x929cb86046e421abf7e1e02de7836742654d49d6",
                "0x1bf8e7be",
                "complete",
                3509,
                7093,
                "staticcall",
                {
                    "0x929cb86046e421abf7e1e02de7836742654d49d6": [
                        [
                            "sload",
                            "0x2",
                            "0x5d3a536e4d6dbd6114cc1ead35777bab948e3643",
                            3432
                        ],
                        [
                            "sload",
                            "0x2",
                            "0x5d3a536e4d6dbd6114cc1ead35777bab948e3643",
                            1032
                        ],
                        [
                            "sload",
                            "0x0",
                            "0x1",
                            424
                        ],
                        [
                            "sload",
                            "0x290decd9548b62a8d60345a988386fc84ba6bc95484008f6362f93160ef3e563",
                            "0x6b175474e89094c44da98b954eedeac495271d0f",
                            450
                        ]
                    ],
                    "0x5d3a536e4d6dbd6114cc1ead35777bab948e3643": [
                        [
                            "sload",
                            "0x12",
                            "0xa035b9e130f2b1aedc733eefb1c67ba4c503491f",
                            3527
                        ],
                        [
                            "sload",
                            "0x976ca9da3914d8752328f942666fab9be54f42f8f08bc22795bbff20ab44d121",
                            "0xe10188829f2d8",
                            5251
                        ],
                        [
                            "sload",
                            "0x12",
                            "0xa035b9e130f2b1aedc733eefb1c67ba4c503491f",
                            3527
                        ],
                        [
                            "sload",
                            "0xd",
                            "0x11c39a791b0a467bc",
                            8884
                        ],
                        [
                            "sload",
                            "0x11",
                            "0x6b175474e89094c44da98b954eedeac495271d0f",
                            9966
                        ],
                        [
                            "sload",
                            "0xb",
                            "0xa2d2a6819cd51e02a9b16c0",
                            8939
                        ],
                        [
                            "sload",
                            "0xc",
                            "0xcd5ba71fcbbc026dd8a48",
                            8942
                        ]
                    ],
                    "0x6b175474e89094c44da98b954eedeac495271d0f": [
                        [
                            "sload",
                            "0xdd4746fb94b2ffc6eeaac985ba48d8d8573a5e7cf883a998fed3dcbb39c35d46",
                            "0x4228ad9959cb12ff7d1d3aa",
                            4772
                        ],
                        [
                            "sload",
                            "0x3d53fae5603f1f1de31f5bd7c8d90d03d449df24286d564a5c0977eff2bc3c95",
                            "0x0",
                            4772
                        ]
                    ]
                }
            ],
            [
                "0x929cb86046e421abf7e1e02de7836742654d49d6",
                "0x1bf8e7be",
                "complete",
                7614,
                11198,
                "staticcall",
                {
                    "0x929cb86046e421abf7e1e02de7836742654d49d6": [
                        [
                            "sload",
                            "0x2",
                            "0x5d3a536e4d6dbd6114cc1ead35777bab948e3643",
                            3432
                        ],
                        [
                            "sload",
                            "0x2",
                            "0x5d3a536e4d6dbd6114cc1ead35777bab948e3643",
                            1032
                        ],
                        [
                            "sload",
                            "0x0",
                            "0x1",
                            424
                        ],
                        [
                            "sload",
                            "0x290decd9548b62a8d60345a988386fc84ba6bc95484008f6362f93160ef3e563",
                            "0x6b175474e89094c44da98b954eedeac495271d0f",
                            450
                        ]
                    ],
                    "0x5d3a536e4d6dbd6114cc1ead35777bab948e3643": [
                        [
                            "sload",
                            "0x12",
                            "0xa035b9e130f2b1aedc733eefb1c67ba4c503491f",
                            3527
                        ],
                        [
                            "sload",
                            "0x976ca9da3914d8752328f942666fab9be54f42f8f08bc22795bbff20ab44d121",
                            "0xe10188829f2d8",
                            5251
                        ],
                        [
                            "sload",
                            "0x12",
                            "0xa035b9e130f2b1aedc733eefb1c67ba4c503491f",
                            3527
                        ],
                        [
                            "sload",
                            "0xd",
                            "0x11c39a791b0a467bc",
                            8884
                        ],
                        [
                            "sload",
                            "0x11",
                            "0x6b175474e89094c44da98b954eedeac495271d0f",
                            9966
                        ],
                        [
                            "sload",
                            "0xb",
                            "0xa2d2a6819cd51e02a9b16c0",
                            8939
                        ],
                        [
                            "sload",
                            "0xc",
                            "0xcd5ba71fcbbc026dd8a48",
                            8942
                        ]
                    ],
                    "0x6b175474e89094c44da98b954eedeac495271d0f": [
                        [
                            "sload",
                            "0xdd4746fb94b2ffc6eeaac985ba48d8d8573a5e7cf883a998fed3dcbb39c35d46",
                            "0x4228ad9959cb12ff7d1d3aa",
                            4772
                        ],
                        [
                            "sload",
                            "0x3d53fae5603f1f1de31f5bd7c8d90d03d449df24286d564a5c0977eff2bc3c95",
                            "0x0",
                            4772
                        ]
                    ]
                }
            ],
            [
                "0x929cb86046e421abf7e1e02de7836742654d49d6",
                "0xc86283c8",
                "complete",
                11679,
                21230,
                "call",
                {
                    "0x929cb86046e421abf7e1e02de7836742654d49d6": [
                        [
                            "sload",
                            "0x1",
                            "0xc9309a6121ce122c3fb3f7aa8920fb4cbd5fbeec",
                            1461
                        ],
                        [
                            "sload",
                            "0x0",
                            "0x1",
                            424
                        ],
                        [
                            "sload",
                            "0x290decd9548b62a8d60345a988386fc84ba6bc95484008f6362f93160ef3e563",
                            "0x6b175474e89094c44da98b954eedeac495271d0f",
                            450
                        ],
                        [
                            "sload",
                            "0x2",
                            "0x5d3a536e4d6dbd6114cc1ead35777bab948e3643",
                            1717
                        ],
                        [
                            "sload",
                            "0x0",
                            "0x1",
                            424
                        ],
                        [
                            "sload",
                            "0x290decd9548b62a8d60345a988386fc84ba6bc95484008f6362f93160ef3e563",
                            "0x6b175474e89094c44da98b954eedeac495271d0f",
                            450
                        ],
                        [
                            "sload",
                            "0x0",
                            "0x1",
                            424
                        ],
                        [
                            "sload",
                            "0x290decd9548b62a8d60345a988386fc84ba6bc95484008f6362f93160ef3e563",
                            "0x6b175474e89094c44da98b954eedeac495271d0f",
                            450
                        ],
                        [
                            "sload",
                            "0x1",
                            "0xc9309a6121ce122c3fb3f7aa8920fb4cbd5fbeec",
                            2204
                        ]
                    ],
                    "0x6b175474e89094c44da98b954eedeac495271d0f": [
                        [
                            "sload",
                            "0x3d53fae5603f1f1de31f5bd7c8d90d03d449df24286d564a5c0977eff2bc3c95",
                            "0x0",
                            4772
                        ],
                        [
                            "sload",
                            "0xdd4746fb94b2ffc6eeaac985ba48d8d8573a5e7cf883a998fed3dcbb39c35d46",
                            "0x4228ad9959cb12ff7d1d3aa",
                            4772
                        ],
                        [
                            "sload",
                            "0xdd4746fb94b2ffc6eeaac985ba48d8d8573a5e7cf883a998fed3dcbb39c35d46",
                            "0x4228ad9959cb12ff7d1d3aa",
                            4772
                        ],
                        [
                            "sload",
                            "0xdd4746fb94b2ffc6eeaac985ba48d8d8573a5e7cf883a998fed3dcbb39c35d46",
                            "0x4228ad9959cb12ff7d1d3aa",
                            4772
                        ],
                        [
                            "sload",
                            "0xdd4746fb94b2ffc6eeaac985ba48d8d8573a5e7cf883a998fed3dcbb39c35d46",
                            "0x4228ad9959cb12ff7d1d3aa",
                            2664
                        ],
                        [
                            "sload",
                            "0xdd4746fb94b2ffc6eeaac985ba48d8d8573a5e7cf883a998fed3dcbb39c35d46",
                            "0x4228ad9959cb12ff7d1d3aa",
                            3573
                        ],
                        [
                            "sstore",
                            "0xdd4746fb94b2ffc6eeaac985ba48d8d8573a5e7cf883a998fed3dcbb39c35d46",
                            "0x4228a96ca1a19fcb7c7fbee",
                            3645
                        ],
                        [
                            "sload",
                            "0x3d53fae5603f1f1de31f5bd7c8d90d03d449df24286d564a5c0977eff2bc3c95",
                            "0x0",
                            3713
                        ],
                        [
                            "sstore",
                            "0x3d53fae5603f1f1de31f5bd7c8d90d03d449df24286d564a5c0977eff2bc3c95",
                            "0x42cb8297334009d7bc",
                            3785
                        ],
                        [
                            "sload",
                            "0x3d53fae5603f1f1de31f5bd7c8d90d03d449df24286d564a5c0977eff2bc3c95",
                            "0x42cb8297334009d7bc",
                            4772
                        ],
                        [
                            "sload",
                            "0x3d53fae5603f1f1de31f5bd7c8d90d03d449df24286d564a5c0977eff2bc3c95",
                            "0x42cb8297334009d7bc",
                            2664
                        ],
                        [
                            "sload",
                            "0x3d53fae5603f1f1de31f5bd7c8d90d03d449df24286d564a5c0977eff2bc3c95",
                            "0x42cb8297334009d7bc",
                            3573
                        ],
                        [
                            "sstore",
                            "0x3d53fae5603f1f1de31f5bd7c8d90d03d449df24286d564a5c0977eff2bc3c95",
                            "0x0",
                            3645
                        ],
                        [
                            "sload",
                            "0xdfb765e932cd2cec969ff26be52c2fe6b9760746255c0a4b9d91aff7e02deae5",
                            "0x0",
                            3713
                        ],
                        [
                            "sstore",
                            "0xdfb765e932cd2cec969ff26be52c2fe6b9760746255c0a4b9d91aff7e02deae5",
                            "0x42cb8297334009d7bc",
                            3785
                        ]
                    ],
                    "0x5d3a536e4d6dbd6114cc1ead35777bab948e3643": [
                        [
                            "sload",
                            "0x12",
                            "0xa035b9e130f2b1aedc733eefb1c67ba4c503491f",
                            3527
                        ],
                        [
                            "sload",
                            "0x0",
                            "0x1",
                            10652
                        ],
                        [
                            "sload",
                            "0x0",
                            "0x1",
                            10721
                        ],
                        [
                            "sstore",
                            "0x0",
                            "0x0",
                            10727
                        ],
                        [
                            "sload",
                            "0x9",
                            "0xc64965",
                            6330
                        ],
                        [
                            "sload",
                            "0x11",
                            "0x6b175474e89094c44da98b954eedeac495271d0f",
                            9966
                        ],
                        [
                            "sload",
                            "0xb",
                            "0xa2d2a6819cd51e02a9b16c0",
                            6365
                        ],
                        [
                            "sload",
                            "0xc",
                            "0xcd5ba71fcbbc026dd8a48",
                            6368
                        ],
                        [
                            "sload",
                            "0xa",
                            "0xf502d597c9f3c60",
                            6371
                        ],
                        [
                            "sload",
                            "0x6",
                            "0xfb564da37b41b2f6b6edcc3e56fbf523bd9f2012",
                            6374
                        ],
                        [
                            "sload",
                            "0x8",
                            "0x214e8348c4f0000",
                            6953
                        ],
                        [
                            "sstore",
                            "0x9",
                            "0xc64971",
                            7065
                        ],
                        [
                            "sstore",
                            "0xa",
                            "0xf502d8dce4eaafc",
                            7070
                        ],
                        [
                            "sstore",
                            "0xb",
                            "0xa2d2a8ade9dc853cca4cd80",
                            7075
                        ],
                        [
                            "sstore",
                            "0xc",
                            "0xcd5bfa91c00b7e592327e",
                            7080
                        ],
                        [
                            "sload",
                            "0xd",
                            "0x11c39a791b0a467bc",
                            8884
                        ],
                        [
                            "sload",
                            "0x11",
                            "0x6b175474e89094c44da98b954eedeac495271d0f",
                            9966
                        ],
                        [
                            "sload",
                            "0xb",
                            "0xa2d2a8ade9dc853cca4cd80",
                            8939
                        ],
                        [
                            "sload",
                            "0xc",
                            "0xcd5bfa91c00b7e592327e",
                            8942
                        ],
                        [
                            "sload",
                            "0x5",
                            "0x3d9819210a31b4961b30ef54be2aed79b9c9cd3b",
                            15555
                        ],
                        [
                            "sload",
                            "0x9",
                            "0xc64971",
                            15738
                        ],
                        [
                            "sload",
                            "0xd",
                            "0x11c39a791b0a467bc",
                            15761
                        ],
                        [
                            "sload",
                            "0x976ca9da3914d8752328f942666fab9be54f42f8f08bc22795bbff20ab44d121",
                            "0xe10188829f2d8",
                            15881
                        ],
                        [
                            "sload",
                            "0x11",
                            "0x6b175474e89094c44da98b954eedeac495271d0f",
                            9966
                        ],
                        [
                            "sload",
                            "0x11",
                            "0x6b175474e89094c44da98b954eedeac495271d0f",
                            14877
                        ],
                        [
                            "sstore",
                            "0xd",
                            "0x11c39a25e789b4c86",
                            16034
                        ],
                        [
                            "sstore",
                            "0x976ca9da3914d8752328f942666fab9be54f42f8f08bc22795bbff20ab44d121",
                            "0xe0ae55020d7a2",
                            16071
                        ],
                        [
                            "sload",
                            "0x5",
                            "0x3d9819210a31b4961b30ef54be2aed79b9c9cd3b",
                            16195
                        ],
                        [
                            "sload",
                            "0x0",
                            "0x0",
                            5181
                        ],
                        [
                            "sstore",
                            "0x0",
                            "0x1",
                            5190
                        ],
                        [
                            "sload",
                            "0xd",
                            "0x11c39a791b0a467bc",
                            3868
                        ],
                        [
                            "sload",
                            "0x12",
                            "0xa035b9e130f2b1aedc733eefb1c67ba4c503491f",
                            3527
                        ],
                        [
                            "sload",
                            "0x976ca9da3914d8752328f942666fab9be54f42f8f08bc22795bbff20ab44d121",
                            "0xe10188829f2d8",
                            5251
                        ]
                    ],
                    "0xfb564da37b41b2f6b6edcc3e56fbf523bd9f2012": [
                        [
                            "sload",
                            "0x4",
                            "0xb1a2bc2ec500000",
                            493
                        ],
                        [
                            "sload",
                            "0x2",
                            "0x0",
                            505
                        ],
                        [
                            "sload",
                            "0x1",
                            "0x58989c533",
                            523
                        ]
                    ],
                    "0x3d9819210a31b4961b30ef54be2aed79b9c9cd3b": [
                        [
                            "sload",
                            "0x2",
                            "0x75442ac771a7243433e033f3f8eab2631e22938f",
                            126
                        ],
                        [
                            "sload",
                            "0x4c8571269d605467d44763c73e8fa19be535e4e50ea0ba639c10705cb1c83559",
                            "0x1",
                            20183
                        ],
                        [
                            "sload",
                            "0xe88653f87b922a5cdeb18e227b1b95d0636d8c9dbdacddc4af6da509ff7c7fdf",
                            "0x0",
                            20239
                        ],
                        [
                            "sload",
                            "0x7699274f9608b2e293bfea4bebe10b5174c1a84f1f540939f1e17cceb033c2bb",
                            "0xee08251ff38000",
                            18511
                        ],
                        [
                            "sload",
                            "0x96f43636b7c1940c83b35ddaf19e037258b49f86664db052d117550e1bd1d7dc",
                            "0xc6496500000000000000000000008e003d59a297ebd67571816c2dbc35ca4a",
                            18523
                        ],
                        [
                            "sload",
                            "0x96f43636b7c1940c83b35ddaf19e037258b49f86664db052d117550e1bd1d7dc",
                            "0xc6496500000000000000000000008e003d59a297ebd67571816c2dbc35ca4a",
                            18765
                        ],
                        [
                            "sload",
                            "0x96f43636b7c1940c83b35ddaf19e037258b49f86664db052d117550e1bd1d7dc",
                            "0xc6496500000000000000000000008e003d59a297ebd67571816c2dbc35ca4a",
                            18967
                        ],
                        [
                            "sstore",
                            "0x96f43636b7c1940c83b35ddaf19e037258b49f86664db052d117550e1bd1d7dc",
                            "0xc6497100000000000000000000008e0044e923b21071bf3eb9019b1ee73f8a",
                            19015
                        ],
                        [
                            "sload",
                            "0x96f43636b7c1940c83b35ddaf19e037258b49f86664db052d117550e1bd1d7dc",
                            "0xc6497100000000000000000000008e0044e923b21071bf3eb9019b1ee73f8a",
                            19160
                        ],
                        [
                            "sload",
                            "0x30099e5733c8912aded04fc00d67316d36977f6191c195e619b5b769dec5d710",
                            "0x8e001281c6ef43c21a0c9196b5e50ef123",
                            19228
                        ],
                        [
                            "sstore",
                            "0x30099e5733c8912aded04fc00d67316d36977f6191c195e619b5b769dec5d710",
                            "0x8e0044e923b21071bf3eb9019b1ee73f8a",
                            19242
                        ],
                        [
                            "sload",
                            "0x15cb5c6f57038656894b294945bfacb440c267f8a07fb16b4fe4edc0bdb7746e",
                            "0x12236ae85bc10e",
                            19472
                        ],
                        [
                            "sstore",
                            "0x15cb5c6f57038656894b294945bfacb440c267f8a07fb16b4fe4edc0bdb7746e",
                            "0x15d19a71a5a71b",
                            19518
                        ],
                        [
                            "sload",
                            "0x2",
                            "0x75442ac771a7243433e033f3f8eab2631e22938f",
                            126
                        ]
                    ]
                }
            ],
            [
                "0x929cb86046e421abf7e1e02de7836742654d49d6",
                "0xc86283c8",
                "complete",
                21513,
                28509,
                "call",
                {
                    "0x929cb86046e421abf7e1e02de7836742654d49d6": [
                        [
                            "sload",
                            "0x1",
                            "0xc9309a6121ce122c3fb3f7aa8920fb4cbd5fbeec",
                            1461
                        ],
                        [
                            "sload",
                            "0x0",
                            "0x1",
                            424
                        ],
                        [
                            "sload",
                            "0x290decd9548b62a8d60345a988386fc84ba6bc95484008f6362f93160ef3e563",
                            "0x6b175474e89094c44da98b954eedeac495271d0f",
                            450
                        ],
                        [
                            "sload",
                            "0x2",
                            "0x5d3a536e4d6dbd6114cc1ead35777bab948e3643",
                            1717
                        ],
                        [
                            "sload",
                            "0x0",
                            "0x1",
                            424
                        ],
                        [
                            "sload",
                            "0x290decd9548b62a8d60345a988386fc84ba6bc95484008f6362f93160ef3e563",
                            "0x6b175474e89094c44da98b954eedeac495271d0f",
                            450
                        ],
                        [
                            "sload",
                            "0x0",
                            "0x1",
                            424
                        ],
                        [
                            "sload",
                            "0x290decd9548b62a8d60345a988386fc84ba6bc95484008f6362f93160ef3e563",
                            "0x6b175474e89094c44da98b954eedeac495271d0f",
                            450
                        ],
                        [
                            "sload",
                            "0x1",
                            "0xc9309a6121ce122c3fb3f7aa8920fb4cbd5fbeec",
                            2204
                        ]
                    ],
                    "0x6b175474e89094c44da98b954eedeac495271d0f": [
                        [
                            "sload",
                            "0x3d53fae5603f1f1de31f5bd7c8d90d03d449df24286d564a5c0977eff2bc3c95",
                            "0x0",
                            4772
                        ],
                        [
                            "sload",
                            "0xdd4746fb94b2ffc6eeaac985ba48d8d8573a5e7cf883a998fed3dcbb39c35d46",
                            "0x4228a96ca1a19fcb7c7fbee",
                            4772
                        ],
                        [
                            "sload",
                            "0xdd4746fb94b2ffc6eeaac985ba48d8d8573a5e7cf883a998fed3dcbb39c35d46",
                            "0x4228a96ca1a19fcb7c7fbee",
                            4772
                        ],
                        [
                            "sload",
                            "0xdd4746fb94b2ffc6eeaac985ba48d8d8573a5e7cf883a998fed3dcbb39c35d46",
                            "0x4228a96ca1a19fcb7c7fbee",
                            2664
                        ],
                        [
                            "sload",
                            "0xdd4746fb94b2ffc6eeaac985ba48d8d8573a5e7cf883a998fed3dcbb39c35d46",
                            "0x4228a96ca1a19fcb7c7fbee",
                            3573
                        ],
                        [
                            "sstore",
                            "0xdd4746fb94b2ffc6eeaac985ba48d8d8573a5e7cf883a998fed3dcbb39c35d46",
                            "0x4228a961d612fbb8dc2b685",
                            3645
                        ],
                        [
                            "sload",
                            "0x3d53fae5603f1f1de31f5bd7c8d90d03d449df24286d564a5c0977eff2bc3c95",
                            "0x0",
                            3713
                        ],
                        [
                            "sstore",
                            "0x3d53fae5603f1f1de31f5bd7c8d90d03d449df24286d564a5c0977eff2bc3c95",
                            "0xacb8ea412a054569",
                            3785
                        ],
                        [
                            "sload",
                            "0x3d53fae5603f1f1de31f5bd7c8d90d03d449df24286d564a5c0977eff2bc3c95",
                            "0xacb8ea412a054569",
                            4772
                        ],
                        [
                            "sload",
                            "0x3d53fae5603f1f1de31f5bd7c8d90d03d449df24286d564a5c0977eff2bc3c95",
                            "0xacb8ea412a054569",
                            2664
                        ],
                        [
                            "sload",
                            "0x3d53fae5603f1f1de31f5bd7c8d90d03d449df24286d564a5c0977eff2bc3c95",
                            "0xacb8ea412a054569",
                            3573
                        ],
                        [
                            "sstore",
                            "0x3d53fae5603f1f1de31f5bd7c8d90d03d449df24286d564a5c0977eff2bc3c95",
                            "0x0",
                            3645
                        ],
                        [
                            "sload",
                            "0xa0fe97bb9a058e5f15e42c32785a46d278300e01a029d84010beb71dabd51e4e",
                            "0x0",
                            3713
                        ],
                        [
                            "sstore",
                            "0xa0fe97bb9a058e5f15e42c32785a46d278300e01a029d84010beb71dabd51e4e",
                            "0xacb8ea412a054569",
                            3785
                        ]
                    ],
                    "0x5d3a536e4d6dbd6114cc1ead35777bab948e3643": [
                        [
                            "sload",
                            "0x12",
                            "0xa035b9e130f2b1aedc733eefb1c67ba4c503491f",
                            3527
                        ],
                        [
                            "sload",
                            "0x0",
                            "0x1",
                            10652
                        ],
                        [
                            "sload",
                            "0x0",
                            "0x1",
                            10721
                        ],
                        [
                            "sstore",
                            "0x0",
                            "0x0",
                            10727
                        ],
                        [
                            "sload",
                            "0x9",
                            "0xc64971",
                            6330
                        ],
                        [
                            "sload",
                            "0xd",
                            "0x11c39a25e789b4c86",
                            8884
                        ],
                        [
                            "sload",
                            "0x11",
                            "0x6b175474e89094c44da98b954eedeac495271d0f",
                            9966
                        ],
                        [
                            "sload",
                            "0xb",
                            "0xa2d2a8ade9dc853cca4cd80",
                            8939
                        ],
                        [
                            "sload",
                            "0xc",
                            "0xcd5bfa91c00b7e592327e",
                            8942
                        ],
                        [
                            "sload",
                            "0x5",
                            "0x3d9819210a31b4961b30ef54be2aed79b9c9cd3b",
                            15555
                        ],
                        [
                            "sload",
                            "0x9",
                            "0xc64971",
                            15738
                        ],
                        [
                            "sload",
                            "0xd",
                            "0x11c39a25e789b4c86",
                            15761
                        ],
                        [
                            "sload",
                            "0x976ca9da3914d8752328f942666fab9be54f42f8f08bc22795bbff20ab44d121",
                            "0xe0ae55020d7a2",
                            15881
                        ],
                        [
                            "sload",
                            "0x11",
                            "0x6b175474e89094c44da98b954eedeac495271d0f",
                            9966
                        ],
                        [
                            "sload",
                            "0x11",
                            "0x6b175474e89094c44da98b954eedeac495271d0f",
                            14877
                        ],
                        [
                            "sstore",
                            "0xd",
                            "0x11c39a251064349aa",
                            16034
                        ],
                        [
                            "sstore",
                            "0x976ca9da3914d8752328f942666fab9be54f42f8f08bc22795bbff20ab44d121",
                            "0xe0ad7ddc8d4c6",
                            16071
                        ],
                        [
                            "sload",
                            "0x5",
                            "0x3d9819210a31b4961b30ef54be2aed79b9c9cd3b",
                            16195
                        ],
                        [
                            "sload",
                            "0x0",
                            "0x0",
                            5181
                        ],
                        [
                            "sstore",
                            "0x0",
                            "0x1",
                            5190
                        ],
                        [
                            "sload",
                            "0x12",
                            "0xa035b9e130f2b1aedc733eefb1c67ba4c503491f",
                            3527
                        ],
                        [
                            "sload",
                            "0x976ca9da3914d8752328f942666fab9be54f42f8f08bc22795bbff20ab44d121",
                            "0xe0ae55020d7a2",
                            5251
                        ]
                    ],
                    "0x3d9819210a31b4961b30ef54be2aed79b9c9cd3b": [
                        [
                            "sload",
                            "0x2",
                            "0x75442ac771a7243433e033f3f8eab2631e22938f",
                            126
                        ],
                        [
                            "sload",
                            "0x4c8571269d605467d44763c73e8fa19be535e4e50ea0ba639c10705cb1c83559",
                            "0x1",
                            20183
                        ],
                        [
                            "sload",
                            "0xe88653f87b922a5cdeb18e227b1b95d0636d8c9dbdacddc4af6da509ff7c7fdf",
                            "0x0",
                            20239
                        ],
                        [
                            "sload",
                            "0x7699274f9608b2e293bfea4bebe10b5174c1a84f1f540939f1e17cceb033c2bb",
                            "0xee08251ff38000",
                            18511
                        ],
                        [
                            "sload",
                            "0x96f43636b7c1940c83b35ddaf19e037258b49f86664db052d117550e1bd1d7dc",
                            "0xc6497100000000000000000000008e0044e923b21071bf3eb9019b1ee73f8a",
                            18523
                        ],
                        [
                            "sload",
                            "0x96f43636b7c1940c83b35ddaf19e037258b49f86664db052d117550e1bd1d7dc",
                            "0xc6497100000000000000000000008e0044e923b21071bf3eb9019b1ee73f8a",
                            19160
                        ],
                        [
                            "sload",
                            "0x30099e5733c8912aded04fc00d67316d36977f6191c195e619b5b769dec5d710",
                            "0x8e0044e923b21071bf3eb9019b1ee73f8a",
                            19228
                        ],
                        [
                            "sstore",
                            "0x30099e5733c8912aded04fc00d67316d36977f6191c195e619b5b769dec5d710",
                            "0x8e0044e923b21071bf3eb9019b1ee73f8a",
                            19242
                        ],
                        [
                            "sload",
                            "0x15cb5c6f57038656894b294945bfacb440c267f8a07fb16b4fe4edc0bdb7746e",
                            "0x15d19a71a5a71b",
                            19472
                        ],
                        [
                            "sstore",
                            "0x15cb5c6f57038656894b294945bfacb440c267f8a07fb16b4fe4edc0bdb7746e",
                            "0x15d19a71a5a71b",
                            19518
                        ],
                        [
                            "sload",
                            "0x2",
                            "0x75442ac771a7243433e033f3f8eab2631e22938f",
                            126
                        ]
                    ]
                }
            ]
        ],
        [
            [
                "0x6b175474e89094c44da98b954eedeac495271d0f",
                "0x929cb86046e421abf7e1e02de7836742654d49d6",
                "0x669abcbe9119df3bf718bc7f16bb697c5b9a99a3",
                1232149558447875676092
            ],
            [
                "0x6b175474e89094c44da98b954eedeac495271d0f",
                "0x5d3a536e4d6dbd6114cc1ead35777bab948e3643",
                "0x929cb86046e421abf7e1e02de7836742654d49d6",
                1232149558447875676092
            ],
            [
                "0x6b175474e89094c44da98b954eedeac495271d0f",
                "0x929cb86046e421abf7e1e02de7836742654d49d6",
                "0xdf4c249b8d984495ef6046d67b9cbff392e13b61",
                12445955135837128041
            ],
            [
                "0x6b175474e89094c44da98b954eedeac495271d0f",
                "0x5d3a536e4d6dbd6114cc1ead35777bab948e3643",
                "0x929cb86046e421abf7e1e02de7836742654d49d6",
                12445955135837128041
            ]
        ]
    ]
}