{
    "0xe61aa849142ba25d5966d2fb58a87b47ca80801a1c178a72eda46edad5634775": [
        [
            [
                "0x1f3b04c8c96a31c7920372ffa95371c80a4bfb0d",
                "0x1bf8e7be",
                "complete",
                3577,
                6742,
                "staticcall",
                {
                    "0x1f3b04c8c96a31c7920372ffa95371c80a4bfb0d": [
                        [
                            "sload",
                            "0x2",
                            "0xf650c3d88d12db855b8bf7d11be6c55a4e07dcc9",
                            3432
                        ],
                        [
                            "sload",
                            "0x2",
                            "0xf650c3d88d12db855b8bf7d11be6c55a4e07dcc9",
                            1032
                        ],
                        [
                            "sload",
                            "0x0",
                            "0x1",
                            424
                        ],
                        [
                            "sload",
                            "0x290decd9548b62a8d60345a988386fc84ba6bc95484008f6362f93160ef3e563",
                            "0xdac17f958d2ee523a2206206994597c13d831ec7",
                            450
                        ]
                    ],
                    "0xf650c3d88d12db855b8bf7d11be6c55a4e07dcc9": [
                        [
                            "sload",
                            "0x12",
                            "0xa035b9e130f2b1aedc733eefb1c67ba4c503491f",
                            2757
                        ],
                        [
                            "sload",
                            "0xc71e77650b211c8a8419913771e65d120b463d986e4c4efc7b1e747830301ef2",
                            "0x148a40757c7956",
                            5251
                        ],
                        [
                            "sload",
                            "0x12",
                            "0xa035b9e130f2b1aedc733eefb1c67ba4c503491f",
                            2757
                        ],
                        [
                            "sload",
                            "0xd",
                            "0x2de35dc727d0b0f9",
                            8884
                        ],
                        [
                            "sload",
                            "0x11",
                            "0xdac17f958d2ee523a2206206994597c13d831ec7",
                            9966
                        ],
                        [
                            "sload",
                            "0xb",
                            "0x1de47c2f7504f",
                            8939
                        ],
                        [
                            "sload",
                            "0xc",
                            "0x14019e75ddc",
                            8942
                        ]
                    ],
                    "0xdac17f958d2ee523a2206206994597c13d831ec7": [
                        [
                            "sload",
                            "0xa",
                            "0x0",
                            4673
                        ],
                        [
                            "sload",
                            "0xac71f786b4964876bf0a1d9704efff18f0506bfb6793300fa8fe01de419e1a6f",
                            "0xa2d255f784bc",
                            9876
                        ],
                        [
                            "sload",
                            "0xa",
                            "0x0",
                            4673
                        ],
                        [
                            "sload",
                            "0xc0b622b91d54bc2ee6fff6357ee7b2d1a424f40d03092a9d4fdc94d97766f680",
                            "0x0",
                            9876
                        ]
                    ]
                }
            ],
            [
                "0x1f3b04c8c96a31c7920372ffa95371c80a4bfb0d",
                "0x1bf8e7be",
                "complete",
                7263,
                10428,
                "staticcall",
                {
                    "0x1f3b04c8c96a31c7920372ffa95371c80a4bfb0d": [
                        [
                            "sload",
                            "0x2",
                            "0xf650c3d88d12db855b8bf7d11be6c55a4e07dcc9",
                            3432
                        ],
                        [
                            "sload",
                            "0x2",
                            "0xf650c3d88d12db855b8bf7d11be6c55a4e07dcc9",
                            1032
                        ],
                        [
                            "sload",
                            "0x0",
                            "0x1",
                            424
                        ],
                        [
                            "sload",
                            "0x290decd9548b62a8d60345a988386fc84ba6bc95484008f6362f93160ef3e563",
                            "0xdac17f958d2ee523a2206206994597c13d831ec7",
                            450
                        ]
                    ],
                    "0xf650c3d88d12db855b8bf7d11be6c55a4e07dcc9": [
                        [
                            "sload",
                            "0x12",
                            "0xa035b9e130f2b1aedc733eefb1c67ba4c503491f",
                            2757
                        ],
                        [
                            "sload",
                            "0xc71e77650b211c8a8419913771e65d120b463d986e4c4efc7b1e747830301ef2",
                            "0x148a40757c7956",
                            5251
                        ],
                        [
                            "sload",
                            "0x12",
                            "0xa035b9e130f2b1aedc733eefb1c67ba4c503491f",
                            2757
                        ],
                        [
                            "sload",
                            "0xd",
                            "0x2de35dc727d0b0f9",
                            8884
                        ],
                        [
                            "sload",
                            "0x11",
                            "0xdac17f958d2ee523a2206206994597c13d831ec7",
                            9966
                        ],
                        [
                            "sload",
                            "0xb",
                            "0x1de47c2f7504f",
                            8939
                        ],
                        [
                            "sload",
                            "0xc",
                            "0x14019e75ddc",
                            8942
                        ]
                    ],
                    "0xdac17f958d2ee523a2206206994597c13d831ec7": [
                        [
                            "sload",
                            "0xa",
                            "0x0",
                            4673
                        ],
                        [
                            "sload",
                            "0xac71f786b4964876bf0a1d9704efff18f0506bfb6793300fa8fe01de419e1a6f",
                            "0xa2d255f784bc",
                            9876
                        ],
                        [
                            "sload",
                            "0xa",
                            "0x0",
                            4673
                        ],
                        [
                            "sload",
                            "0xc0b622b91d54bc2ee6fff6357ee7b2d1a424f40d03092a9d4fdc94d97766f680",
                            "0x0",
                            9876
                        ]
                    ]
                }
            ],
            [
                "0x1f3b04c8c96a31c7920372ffa95371c80a4bfb0d",
                "0xc86283c8",
                "complete",
                10909,
                20762,
                "call",
                {
                    "0x1f3b04c8c96a31c7920372ffa95371c80a4bfb0d": [
                        [
                            "sload",
                            "0x1",
                            "0xd73ad702ac09eddacc10ceb137cbf84e6b3b9e0",
                            1461
                        ],
                        [
                            "sload",
                            "0x0",
                            "0x1",
                            424
                        ],
                        [
                            "sload",
                            "0x290decd9548b62a8d60345a988386fc84ba6bc95484008f6362f93160ef3e563",
                            "0xdac17f958d2ee523a2206206994597c13d831ec7",
                            450
                        ],
                        [
                            "sload",
                            "0x2",
                            "0xf650c3d88d12db855b8bf7d11be6c55a4e07dcc9",
                            1717
                        ],
                        [
                            "sload",
                            "0x0",
                            "0x1",
                            424
                        ],
                        [
                            "sload",
                            "0x290decd9548b62a8d60345a988386fc84ba6bc95484008f6362f93160ef3e563",
                            "0xdac17f958d2ee523a2206206994597c13d831ec7",
                            450
                        ],
                        [
                            "sload",
                            "0x0",
                            "0x1",
                            424
                        ],
                        [
                            "sload",
                            "0x290decd9548b62a8d60345a988386fc84ba6bc95484008f6362f93160ef3e563",
                            "0xdac17f958d2ee523a2206206994597c13d831ec7",
                            450
                        ],
                        [
                            "sload",
                            "0x1",
                            "0xd73ad702ac09eddacc10ceb137cbf84e6b3b9e0",
                            2204
                        ]
                    ],
                    "0xdac17f958d2ee523a2206206994597c13d831ec7": [
                        [
                            "sload",
                            "0xa",
                            "0x0",
                            4673
                        ],
                        [
                            "sload",
                            "0xc0b622b91d54bc2ee6fff6357ee7b2d1a424f40d03092a9d4fdc94d97766f680",
                            "0x0",
                            9876
                        ],
                        [
                            "sload",
                            "0xa",
                            "0x0",
                            4673
                        ],
                        [
                            "sload",
                            "0xac71f786b4964876bf0a1d9704efff18f0506bfb6793300fa8fe01de419e1a6f",
                            "0xa2d255f784bc",
                            9876
                        ],
                        [
                            "sload",
                            "0xa",
                            "0x0",
                            4673
                        ],
                        [
                            "sload",
                            "0xac71f786b4964876bf0a1d9704efff18f0506bfb6793300fa8fe01de419e1a6f",
                            "0xa2d255f784bc",
                            9876
                        ],
                        [
                            "sload",
                            "0xa",
                            "0x0",
                            4673
                        ],
                        [
                            "sload",
                            "0xac71f786b4964876bf0a1d9704efff18f0506bfb6793300fa8fe01de419e1a6f",
                            "0xa2d255f784bc",
                            9876
                        ],
                        [
                            "sload",
                            "0x0",
                            "0xc6cde7c39eb2f0f0095f41570af89efc2c1ea828",
                            5370
                        ],
                        [
                            "sload",
                            "0x89ee401b8f75e482836781c0870bcb3c1f01ef29bcfa6d836271179c50a97ed1",
                            "0x0",
                            5459
                        ],
                        [
                            "sload",
                            "0xa",
                            "0x0",
                            5487
                        ],
                        [
                            "sload",
                            "0x3",
                            "0x0",
                            9922
                        ],
                        [
                            "sload",
                            "0x4",
                            "0x0",
                            9956
                        ],
                        [
                            "sload",
                            "0xac71f786b4964876bf0a1d9704efff18f0506bfb6793300fa8fe01de419e1a6f",
                            "0xa2d255f784bc",
                            10058
                        ],
                        [
                            "sstore",
                            "0xac71f786b4964876bf0a1d9704efff18f0506bfb6793300fa8fe01de419e1a6f",
                            "0xa2d21af5513c",
                            10138
                        ],
                        [
                            "sload",
                            "0xc0b622b91d54bc2ee6fff6357ee7b2d1a424f40d03092a9d4fdc94d97766f680",
                            "0x0",
                            10207
                        ],
                        [
                            "sstore",
                            "0xc0b622b91d54bc2ee6fff6357ee7b2d1a424f40d03092a9d4fdc94d97766f680",
                            "0x3b023380",
                            10287
                        ],
                        [
                            "sload",
                            "0xa",
                            "0x0",
                            4673
                        ],
                        [
                            "sload",
                            "0xc0b622b91d54bc2ee6fff6357ee7b2d1a424f40d03092a9d4fdc94d97766f680",
                            "0x3b023380",
                            9876
                        ],
                        [
                            "sload",
                            "0x0",
                            "0xc6cde7c39eb2f0f0095f41570af89efc2c1ea828",
                            5370
                        ],
                        [
                            "sload",
                            "0x202225475e6a37967fabbdd0f5c40f6e66f8bf3100af2ffa1040f7e85a9d287e",
                            "0x0",
                            5459
                        ],
                        [
                            "sload",
                            "0xa",
                            "0x0",
                            5487
                        ],
                        [
                            "sload",
                            "0x3",
                            "0x0",
                            9922
                        ],
                        [
                            "sload",
                            "0x4",
                            "0x0",
                            9956
                        ],
                        [
                            "sload",
                            "0xc0b622b91d54bc2ee6fff6357ee7b2d1a424f40d03092a9d4fdc94d97766f680",
                            "0x3b023380",
                            10058
                        ],
                        [
                            "sstore",
                            "0xc0b622b91d54bc2ee6fff6357ee7b2d1a424f40d03092a9d4fdc94d97766f680",
                            "0x0",
                            10138
                        ],
                        [
                            "sload",
                            "0x77c75a5f9e30fc3c263c6adfd2c7cf79d9ca6fa9db50cfc424ad61c3d236f9a",
                            "0x0",
                            10207
                        ],
                        [
                            "sstore",
                            "0x77c75a5f9e30fc3c263c6adfd2c7cf79d9ca6fa9db50cfc424ad61c3d236f9a",
                            "0x3b023380",
                            10287
                        ]
                    ],
                    "0xf650c3d88d12db855b8bf7d11be6c55a4e07dcc9": [
                        [
                            "sload",
                            "0x12",
                            "0xa035b9e130f2b1aedc733eefb1c67ba4c503491f",
                            2480
                        ],
                        [
                            "sload",
                            "0x0",
                            "0x1",
                            10652
                        ],
                        [
                            "sload",
                            "0x0",
                            "0x1",
                            10721
                        ],
                        [
                            "sstore",
                            "0x0",
                            "0x0",
                            10727
                        ],
                        [
                            "sload",
                            "0x9",
                            "0xc64aef",
                            6330
                        ],
                        [
                            "sload",
                            "0x11",
                            "0xdac17f958d2ee523a2206206994597c13d831ec7",
                            9966
                        ],
                        [
                            "sload",
                            "0xb",
                            "0x1de47c2f7504f",
                            6365
                        ],
                        [
                            "sload",
                            "0xc",
                            "0x14019e75ddc",
                            6368
                        ],
                        [
                            "sload",
                            "0xa",
                            "0xf5c62de350a4969",
                            6371
                        ],
                        [
                            "sload",
                            "0x6",
                            "0xfb564da37b41b2f6b6edcc3e56fbf523bd9f2012",
                            6374
                        ],
                        [
                            "sload",
                            "0x8",
                            "0x10a741a46278000",
                            6953
                        ],
                        [
                            "sstore",
                            "0x9",
                            "0xc64af0",
                            7065
                        ],
                        [
                            "sstore",
                            "0xa",
                            "0xf5c62e2c9de07ca",
                            7070
                        ],
                        [
                            "sstore",
                            "0xb",
                            "0x1de47c385f5bf",
                            7075
                        ],
                        [
                            "sstore",
                            "0xc",
                            "0x14019f210aa",
                            7080
                        ],
                        [
                            "sload",
                            "0xd",
                            "0x2de35dc727d0b0f9",
                            8884
                        ],
                        [
                            "sload",
                            "0x11",
                            "0xdac17f958d2ee523a2206206994597c13d831ec7",
                            9966
                        ],
                        [
                            "sload",
                            "0xb",
                            "0x1de47c385f5bf",
                            8939
                        ],
                        [
                            "sload",
                            "0xc",
                            "0x14019f210aa",
                            8942
                        ],
                        [
                            "sload",
                            "0x5",
                            "0x3d9819210a31b4961b30ef54be2aed79b9c9cd3b",
                            15555
                        ],
                        [
                            "sload",
                            "0x9",
                            "0xc64af0",
                            15738
                        ],
                        [
                            "sload",
                            "0xd",
                            "0x2de35dc727d0b0f9",
                            15761
                        ],
                        [
                            "sload",
                            "0xc71e77650b211c8a8419913771e65d120b463d986e4c4efc7b1e747830301ef2",
                            "0x148a40757c7956",
                            15881
                        ],
                        [
                            "sload",
                            "0x11",
                            "0xdac17f958d2ee523a2206206994597c13d831ec7",
                            9966
                        ],
                        [
                            "sload",
                            "0x11",
                            "0xdac17f958d2ee523a2206206994597c13d831ec7",
                            14877
                        ],
                        [
                            "sstore",
                            "0xd",
                            "0x2de3598bc93d2806",
                            16034
                        ],
                        [
                            "sstore",
                            "0xc71e77650b211c8a8419913771e65d120b463d986e4c4efc7b1e747830301ef2",
                            "0x14860516e8f063",
                            16071
                        ],
                        [
                            "sload",
                            "0x5",
                            "0x3d9819210a31b4961b30ef54be2aed79b9c9cd3b",
                            16195
                        ],
                        [
                            "sload",
                            "0x0",
                            "0x0",
                            5181
                        ],
                        [
                            "sstore",
                            "0x0",
                            "0x1",
                            5190
                        ],
                        [
                            "sload",
                            "0xd",
                            "0x2de35dc727d0b0f9",
                            2827
                        ],
                        [
                            "sload",
                            "0x12",
                            "0xa035b9e130f2b1aedc733eefb1c67ba4c503491f",
                            2757
                        ],
                        [
                            "sload",
                            "0xc71e77650b211c8a8419913771e65d120b463d986e4c4efc7b1e747830301ef2",
                            "0x148a40757c7956",
                            5251
                        ]
                    ],
                    "0xfb564da37b41b2f6b6edcc3e56fbf523bd9f2012": [
                        [
                            "sload",
                            "0x4",
                            "0xb1a2bc2ec500000",
                            493
                        ],
                        [
                            "sload",
                            "0x2",
                            "0x0",
                            505
                        ],
                        [
                            "sload",
                            "0x1",
                            "0x58989c533",
                            523
                        ]
                    ],
                    "0x3d9819210a31b4961b30ef54be2aed79b9c9cd3b": [
                        [
                            "sload",
                            "0x2",
                            "0x75442ac771a7243433e033f3f8eab2631e22938f",
                            126
                        ],
                        [
                            "sload",
                            "0x27748cc516f06e168d2c78c65f3a9e991d4f090c5221adc3adf56ee1eb4838fb",
                            "0x1",
                            20183
                        ],
                        [
                            "sload",
                            "0x76bbda840b6d7522586dbf057785bdd40f69d6a040879e5f0e9ce4044e3ca08b",
                            "0x0",
                            20239
                        ],
                        [
                            "sload",
                            "0xf8acb6d8daa3290b2b335df9a4c13dab7b42d9cf8dcedc3090dc473ac4987c42",
                            "0x22489fb6152000",
                            18511
                        ],
                        [
                            "sload",
                            "0x1bff56205117824788ff89942763798b298b499955fd25b0a9a7ceac90dad8d0",
                            "0xc64aef000000000000000000000093fb612e53c541188416f559d901cc3efa",
                            18523
                        ],
                        [
                            "sload",
                            "0x1bff56205117824788ff89942763798b298b499955fd25b0a9a7ceac90dad8d0",
                            "0xc64aef000000000000000000000093fb612e53c541188416f559d901cc3efa",
                            18765
                        ],
                        [
                            "sload",
                            "0x1bff56205117824788ff89942763798b298b499955fd25b0a9a7ceac90dad8d0",
                            "0xc64aef000000000000000000000093fb612e53c541188416f559d901cc3efa",
                            18967
                        ],
                        [
                            "sstore",
                            "0x1bff56205117824788ff89942763798b298b499955fd25b0a9a7ceac90dad8d0",
                            "0xc64af0000000000000000000000093fb61be3757dbb1d75c839c618ae8bb89",
                            19015
                        ],
                        [
                            "sload",
                            "0x1bff56205117824788ff89942763798b298b499955fd25b0a9a7ceac90dad8d0",
                            "0xc64af0000000000000000000000093fb61be3757dbb1d75c839c618ae8bb89",
                            19160
                        ],
                        [
                            "sload",
                            "0xec5f843aa2b628fb4a54ecb62c4f66529f6a09c0ed0bae21124478af1e987bb8",
                            "0x93fb612e53c541188416f559d901cc3efa",
                            19228
                        ],
                        [
                            "sstore",
                            "0xec5f843aa2b628fb4a54ecb62c4f66529f6a09c0ed0bae21124478af1e987bb8",
                            "0x93fb61be3757dbb1d75c839c618ae8bb89",
                            19242
                        ],
                        [
                            "sload",
                            "0x8ac0b1dcada8723bf78b83b1f26a3dfda935096653bb5cb752d6abd3389ce932",
                            "0x2fbd403c6915d1",
                            19472
                        ],
                        [
                            "sstore",
                            "0x8ac0b1dcada8723bf78b83b1f26a3dfda935096653bb5cb752d6abd3389ce932",
                            "0x2fcc98c01b5cc9",
                            19518
                        ],
                        [
                            "sload",
                            "0x2",
                            "0x75442ac771a7243433e033f3f8eab2631e22938f",
                            126
                        ]
                    ]
                }
            ],
            [
                "0x1f3b04c8c96a31c7920372ffa95371c80a4bfb0d",
                "0xc86283c8",
                "complete",
                21045,
                28275,
                "call",
                {
                    "0x1f3b04c8c96a31c7920372ffa95371c80a4bfb0d": [
                        [
                            "sload",
                            "0x1",
                            "0xd73ad702ac09eddacc10ceb137cbf84e6b3b9e0",
                            1461
                        ],
                        [
                            "sload",
                            "0x0",
                            "0x1",
                            424
                        ],
                        [
                            "sload",
                            "0x290decd9548b62a8d60345a988386fc84ba6bc95484008f6362f93160ef3e563",
                            "0xdac17f958d2ee523a2206206994597c13d831ec7",
                            450
                        ],
                        [
                            "sload",
                            "0x2",
                            "0xf650c3d88d12db855b8bf7d11be6c55a4e07dcc9",
                            1717
                        ],
                        [
                            "sload",
                            "0x0",
                            "0x1",
                            424
                        ],
                        [
                            "sload",
                            "0x290decd9548b62a8d60345a988386fc84ba6bc95484008f6362f93160ef3e563",
                            "0xdac17f958d2ee523a2206206994597c13d831ec7",
                            450
                        ],
                        [
                            "sload",
                            "0x0",
                            "0x1",
                            424
                        ],
                        [
                            "sload",
                            "0x290decd9548b62a8d60345a988386fc84ba6bc95484008f6362f93160ef3e563",
                            "0xdac17f958d2ee523a2206206994597c13d831ec7",
                            450
                        ],
                        [
                            "sload",
                            "0x1",
                            "0xd73ad702ac09eddacc10ceb137cbf84e6b3b9e0",
                            2204
                        ]
                    ],
                    "0xdac17f958d2ee523a2206206994597c13d831ec7": [
                        [
                            "sload",
                            "0xa",
                            "0x0",
                            4673
                        ],
                        [
                            "sload",
                            "0xc0b622b91d54bc2ee6fff6357ee7b2d1a424f40d03092a9d4fdc94d97766f680",
                            "0x0",
                            9876
                        ],
                        [
                            "sload",
                            "0xa",
                            "0x0",
                            4673
                        ],
                        [
                            "sload",
                            "0xac71f786b4964876bf0a1d9704efff18f0506bfb6793300fa8fe01de419e1a6f",
                            "0xa2d21af5513c",
                            9876
                        ],
                        [
                            "sload",
                            "0xa",
                            "0x0",
                            4673
                        ],
                        [
                            "sload",
                            "0xac71f786b4964876bf0a1d9704efff18f0506bfb6793300fa8fe01de419e1a6f",
                            "0xa2d21af5513c",
                            9876
                        ],
                        [
                            "sload",
                            "0x0",
                            "0xc6cde7c39eb2f0f0095f41570af89efc2c1ea828",
                            5370
                        ],
                        [
                            "sload",
                            "0x89ee401b8f75e482836781c0870bcb3c1f01ef29bcfa6d836271179c50a97ed1",
                            "0x0",
                            5459
                        ],
                        [
                            "sload",
                            "0xa",
                            "0x0",
                            5487
                        ],
                        [
                            "sload",
                            "0x3",
                            "0x0",
                            9922
                        ],
                        [
                            "sload",
                            "0x4",
                            "0x0",
                            9956
                        ],
                        [
                            "sload",
                            "0xac71f786b4964876bf0a1d9704efff18f0506bfb6793300fa8fe01de419e1a6f",
                            "0xa2d21af5513c",
                            10058
                        ],
                        [
                            "sstore",
                            "0xac71f786b4964876bf0a1d9704efff18f0506bfb6793300fa8fe01de419e1a6f",
                            "0xa2d21a5cbabc",
                            10138
                        ],
                        [
                            "sload",
                            "0xc0b622b91d54bc2ee6fff6357ee7b2d1a424f40d03092a9d4fdc94d97766f680",
                            "0x0",
                            10207
                        ],
                        [
                            "sstore",
                            "0xc0b622b91d54bc2ee6fff6357ee7b2d1a424f40d03092a9d4fdc94d97766f680",
                            "0x989680",
                            10287
                        ],
                        [
                            "sload",
                            "0xa",
                            "0x0",
                            4673
                        ],
                        [
                            "sload",
                            "0xc0b622b91d54bc2ee6fff6357ee7b2d1a424f40d03092a9d4fdc94d97766f680",
                            "0x989680",
                            9876
                        ],
                        [
                            "sload",
                            "0x0",
                            "0xc6cde7c39eb2f0f0095f41570af89efc2c1ea828",
                            5370
                        ],
                        [
                            "sload",
                            "0x202225475e6a37967fabbdd0f5c40f6e66f8bf3100af2ffa1040f7e85a9d287e",
                            "0x0",
                            5459
                        ],
                        [
                            "sload",
                            "0xa",
                            "0x0",
                            5487
                        ],
                        [
                            "sload",
                            "0x3",
                            "0x0",
                            9922
                        ],
                        [
                            "sload",
                            "0x4",
                            "0x0",
                            9956
                        ],
                        [
                            "sload",
                            "0xc0b622b91d54bc2ee6fff6357ee7b2d1a424f40d03092a9d4fdc94d97766f680",
                            "0x989680",
                            10058
                        ],
                        [
                            "sstore",
                            "0xc0b622b91d54bc2ee6fff6357ee7b2d1a424f40d03092a9d4fdc94d97766f680",
                            "0x0",
                            10138
                        ],
                        [
                            "sload",
                            "0xa0fe97bb9a058e5f15e42c32785a46d278300e01a029d84010beb71dabd51e4e",
                            "0x0",
                            10207
                        ],
                        [
                            "sstore",
                            "0xa0fe97bb9a058e5f15e42c32785a46d278300e01a029d84010beb71dabd51e4e",
                            "0x989680",
                            10287
                        ]
                    ],
                    "0xf650c3d88d12db855b8bf7d11be6c55a4e07dcc9": [
                        [
                            "sload",
                            "0x12",
                            "0xa035b9e130f2b1aedc733eefb1c67ba4c503491f",
                            2480
                        ],
                        [
                            "sload",
                            "0x0",
                            "0x1",
                            10652
                        ],
                        [
                            "sload",
                            "0x0",
                            "0x1",
                            10721
                        ],
                        [
                            "sstore",
                            "0x0",
                            "0x0",
                            10727
                        ],
                        [
                            "sload",
                            "0x9",
                            "0xc64af0",
                            6330
                        ],
                        [
                            "sload",
                            "0xd",
                            "0x2de3598bc93d2806",
                            8884
                        ],
                        [
                            "sload",
                            "0x11",
                            "0xdac17f958d2ee523a2206206994597c13d831ec7",
                            9966
                        ],
                        [
                            "sload",
                            "0xb",
                            "0x1de47c385f5bf",
                            8939
                        ],
                        [
                            "sload",
                            "0xc",
                            "0x14019f210aa",
                            8942
                        ],
                        [
                            "sload",
                            "0x5",
                            "0x3d9819210a31b4961b30ef54be2aed79b9c9cd3b",
                            15555
                        ],
                        [
                            "sload",
                            "0x9",
                            "0xc64af0",
                            15738
                        ],
                        [
                            "sload",
                            "0xd",
                            "0x2de3598bc93d2806",
                            15761
                        ],
                        [
                            "sload",
                            "0xc71e77650b211c8a8419913771e65d120b463d986e4c4efc7b1e747830301ef2",
                            "0x14860516e8f063",
                            15881
                        ],
                        [
                            "sload",
                            "0x11",
                            "0xdac17f958d2ee523a2206206994597c13d831ec7",
                            9966
                        ],
                        [
                            "sload",
                            "0x11",
                            "0xdac17f958d2ee523a2206206994597c13d831ec7",
                            14877
                        ],
                        [
                            "sstore",
                            "0xd",
                            "0x2de35980d7cc7964",
                            16034
                        ],
                        [
                            "sstore",
                            "0xc71e77650b211c8a8419913771e65d120b463d986e4c4efc7b1e747830301ef2",
                            "0x1485fa257841c1",
                            16071
                        ],
                        [
                            "sload",
                            "0x5",
                            "0x3d9819210a31b4961b30ef54be2aed79b9c9cd3b",
                            16195
                        ],
                        [
                            "sload",
                            "0x0",
                            "0x0",
                            5181
                        ],
                        [
                            "sstore",
                            "0x0",
                            "0x1",
                            5190
                        ],
                        [
                            "sload",
                            "0x12",
                            "0xa035b9e130f2b1aedc733eefb1c67ba4c503491f",
                            2757
                        ],
                        [
                            "sload",
                            "0xc71e77650b211c8a8419913771e65d120b463d986e4c4efc7b1e747830301ef2",
                            "0x14860516e8f063",
                            5251
                        ]
                    ],
                    "0x3d9819210a31b4961b30ef54be2aed79b9c9cd3b": [
                        [
                            "sload",
                            "0x2",
                            "0x75442ac771a7243433e033f3f8eab2631e22938f",
                            126
                        ],
                        [
                            "sload",
                            "0x27748cc516f06e168d2c78c65f3a9e991d4f090c5221adc3adf56ee1eb4838fb",
                            "0x1",
                            20183
                        ],
                        [
                            "sload",
                            "0x76bbda840b6d7522586dbf057785bdd40f69d6a040879e5f0e9ce4044e3ca08b",
                            "0x0",
                            20239
                        ],
                        [
                            "sload",
                            "0xf8acb6d8daa3290b2b335df9a4c13dab7b42d9cf8dcedc3090dc473ac4987c42",
                            "0x22489fb6152000",
                            18511
                        ],
                        [
                            "sload",
                            "0x1bff56205117824788ff89942763798b298b499955fd25b0a9a7ceac90dad8d0",
                            "0xc64af0000000000000000000000093fb61be3757dbb1d75c839c618ae8bb89",
                            18523
                        ],
                        [
                            "sload",
                            "0x1bff56205117824788ff89942763798b298b499955fd25b0a9a7ceac90dad8d0",
                            "0xc64af0000000000000000000000093fb61be3757dbb1d75c839c618ae8bb89",
                            19160
                        ],
                        [
                            "sload",
                            "0xec5f843aa2b628fb4a54ecb62c4f66529f6a09c0ed0bae21124478af1e987bb8",
                            "0x93fb61be3757dbb1d75c839c618ae8bb89",
                            19228
                        ],
                        [
                            "sstore",
                            "0xec5f843aa2b628fb4a54ecb62c4f66529f6a09c0ed0bae21124478af1e987bb8",
                            "0x93fb61be3757dbb1d75c839c618ae8bb89",
                            19242
                        ],
                        [
                            "sload",
                            "0x8ac0b1dcada8723bf78b83b1f26a3dfda935096653bb5cb752d6abd3389ce932",
                            "0x2fcc98c01b5cc9",
                            19472
                        ],
                        [
                            "sstore",
                            "0x8ac0b1dcada8723bf78b83b1f26a3dfda935096653bb5cb752d6abd3389ce932",
                            "0x2fcc98c01b5cc9",
                            19518
                        ],
                        [
                            "sload",
                            "0x2",
                            "0x75442ac771a7243433e033f3f8eab2631e22938f",
                            126
                        ]
                    ]
                }
            ]
        ],
        [
            [
                "0xdac17f958d2ee523a2206206994597c13d831ec7",
                "0x1f3b04c8c96a31c7920372ffa95371c80a4bfb0d",
                "0x032b57fa06c8f6c02be7016fcad81b364708eb68",
                990000000
            ],
            [
                "0xdac17f958d2ee523a2206206994597c13d831ec7",
                "0xf650c3d88d12db855b8bf7d11be6c55a4e07dcc9",
                "0x1f3b04c8c96a31c7920372ffa95371c80a4bfb0d",
                990000000
            ],
            [
                "0xdac17f958d2ee523a2206206994597c13d831ec7",
                "0x1f3b04c8c96a31c7920372ffa95371c80a4bfb0d",
                "0xdf4c249b8d984495ef6046d67b9cbff392e13b61",
                10000000
            ],
            [
                "0xdac17f958d2ee523a2206206994597c13d831ec7",
                "0xf650c3d88d12db855b8bf7d11be6c55a4e07dcc9",
                "0x1f3b04c8c96a31c7920372ffa95371c80a4bfb0d",
                10000000
            ]
        ]
    ]
}