{
    "0x576906777944b722988f61b9d27352ffaa2bb181c053b797907987d59d2bd8d1": [
        [
            [
                "0xe952bda8c06481506e4731c4f54ced2d4ab81659",
                "0xf242432a",
                "complete",
                -1,
                1136,
                "firstcall",
                {
                    "0xe952bda8c06481506e4731c4f54ced2d4ab81659": [
                        [
                            "sload",
                            "0x5",
                            "0xd721a90dd7e010c8c5e022cc0100c55ac78e0fc4",
                            10021
                        ],
                        [
                            "sload",
                            "0xc8f3c83420c30fda20d1e52fb335ecc7d6ad3f6891b28abed86ae4c1b0615916",
                            "0x1",
                            9042
                        ],
                        [
                            "sstore",
                            "0xc8f3c83420c30fda20d1e52fb335ecc7d6ad3f6891b28abed86ae4c1b0615916",
                            "0x0",
                            9198
                        ],
                        [
                            "sload",
                            "0xb058f9d5d08bebf5a920043673a8a947d4766cd2b265ffa087fb1798b03a6cde",
                            "0x0",
                            9207
                        ],
                        [
                            "sstore",
                            "0xb058f9d5d08bebf5a920043673a8a947d4766cd2b265ffa087fb1798b03a6cde",
                            "0x1",
                            9224
                        ]
                    ],
                    "0xd721a90dd7e010c8c5e022cc0100c55ac78e0fc4": [
                        [
                            "sload",
                            "0xcd21ebd1b10ee6395e44bcbfbb3ffdc76a12ec6c595ff27da346f28e3d5d89b3",
                            "0xa81bd16aa6f6b25e66965a2f842e9c806c0aa11f",
                            1304
                        ]
                    ],
                    "0xa81bd16aa6f6b25e66965a2f842e9c806c0aa11f": [
                        [
                            "sload",
                            "0x9bb60208b26f667dc2d7f1b427736188f10986f60559f2402682e767015ad7e0",
                            "0x0",
                            1562
                        ]
                    ]
                }
            ],
            [
                "0xd721a90dd7e010c8c5e022cc0100c55ac78e0fc4",
                "0x54f2f7af",
                "complete",
                524,
                602,
                "staticcall",
                {
                    "0xd721a90dd7e010c8c5e022cc0100c55ac78e0fc4": [
                        [
                            "sload",
                            "0xcd21ebd1b10ee6395e44bcbfbb3ffdc76a12ec6c595ff27da346f28e3d5d89b3",
                            "0xa81bd16aa6f6b25e66965a2f842e9c806c0aa11f",
                            1304
                        ]
                    ]
                }
            ],
            [
                "0xa81bd16aa6f6b25e66965a2f842e9c806c0aa11f",
                "0xf5e574a5",
                "complete",
                740,
                852,
                "staticcall",
                {
                    "0xa81bd16aa6f6b25e66965a2f842e9c806c0aa11f": [
                        [
                            "sload",
                            "0x9bb60208b26f667dc2d7f1b427736188f10986f60559f2402682e767015ad7e0",
                            "0x0",
                            1562
                        ]
                    ]
                }
            ]
        ],
        []
    ]
}