{
    "0xbd2fbd61657207b88de3cf1360b31c248d16fc4b68d833091156c56a05083ad1": [
        [
            [
                "0xe952bda8c06481506e4731c4f54ced2d4ab81659",
                "0xf242432a",
                "complete",
                -1,
                1136,
                "firstcall",
                {
                    "0xe952bda8c06481506e4731c4f54ced2d4ab81659": [
                        [
                            "sload",
                            "0x5",
                            "0xd721a90dd7e010c8c5e022cc0100c55ac78e0fc4",
                            10021
                        ],
                        [
                            "sload",
                            "0x321bd7672bcda6817dd8c1401fc762e8e265cdfe76b00450380732a90d5c6baa",
                            "0x1",
                            9042
                        ],
                        [
                            "sstore",
                            "0x321bd7672bcda6817dd8c1401fc762e8e265cdfe76b00450380732a90d5c6baa",
                            "0x0",
                            9198
                        ],
                        [
                            "sload",
                            "0x321bd7672bcda6817dd8c1401fc762e8e265cdfe76b00450380732a90d5c6baa",
                            "0x0",
                            9207
                        ],
                        [
                            "sstore",
                            "0x321bd7672bcda6817dd8c1401fc762e8e265cdfe76b00450380732a90d5c6baa",
                            "0x1",
                            9224
                        ]
                    ],
                    "0xd721a90dd7e010c8c5e022cc0100c55ac78e0fc4": [
                        [
                            "sload",
                            "0xcd21ebd1b10ee6395e44bcbfbb3ffdc76a12ec6c595ff27da346f28e3d5d89b3",
                            "0xa81bd16aa6f6b25e66965a2f842e9c806c0aa11f",
                            1304
                        ]
                    ],
                    "0xa81bd16aa6f6b25e66965a2f842e9c806c0aa11f": [
                        [
                            "sload",
                            "0xa92b1507b5aa50c55db6bba567d6696898665296851f4eab4e64b23438e1509d",
                            "0x0",
                            1562
                        ]
                    ]
                }
            ],
            [
                "0xd721a90dd7e010c8c5e022cc0100c55ac78e0fc4",
                "0x54f2f7af",
                "complete",
                524,
                602,
                "staticcall",
                {
                    "0xd721a90dd7e010c8c5e022cc0100c55ac78e0fc4": [
                        [
                            "sload",
                            "0xcd21ebd1b10ee6395e44bcbfbb3ffdc76a12ec6c595ff27da346f28e3d5d89b3",
                            "0xa81bd16aa6f6b25e66965a2f842e9c806c0aa11f",
                            1304
                        ]
                    ]
                }
            ],
            [
                "0xa81bd16aa6f6b25e66965a2f842e9c806c0aa11f",
                "0xf5e574a5",
                "complete",
                740,
                852,
                "staticcall",
                {
                    "0xa81bd16aa6f6b25e66965a2f842e9c806c0aa11f": [
                        [
                            "sload",
                            "0xa92b1507b5aa50c55db6bba567d6696898665296851f4eab4e64b23438e1509d",
                            "0x0",
                            1562
                        ]
                    ]
                }
            ]
        ],
        []
    ]
}