{
    "0x61bcdccbb8b2a5267969a687341f93c4d7c735c44c476cb26b4e7f8824381484": [
        [
            [
                "0x6847259b2b3a4c17e7c43c54409810af48ba5210",
                "0x61d027b3",
                "complete",
                2197,
                2285,
                "staticcall",
                {
                    "0x6847259b2b3a4c17e7c43c54409810af48ba5210": [
                        [
                            "sload",
                            "0x4",
                            "0x66419eaef5de53cc5da0d8702b990c5bc7d1ab3",
                            3059
                        ]
                    ]
                }
            ],
            [
                "0x6847259b2b3a4c17e7c43c54409810af48ba5210",
                "0x61d027b3",
                "complete",
                24665,
                24753,
                "staticcall",
                {
                    "0x6847259b2b3a4c17e7c43c54409810af48ba5210": [
                        [
                            "sload",
                            "0x4",
                            "0x66419eaef5de53cc5da0d8702b990c5bc7d1ab3",
                            3059
                        ]
                    ]
                }
            ],
            [
                "0x6847259b2b3a4c17e7c43c54409810af48ba5210",
                "0x61d027b3",
                "complete",
                25369,
                25457,
                "staticcall",
                {
                    "0x6847259b2b3a4c17e7c43c54409810af48ba5210": [
                        [
                            "sload",
                            "0x4",
                            "0x66419eaef5de53cc5da0d8702b990c5bc7d1ab3",
                            3059
                        ]
                    ]
                }
            ],
            [
                "0x6847259b2b3a4c17e7c43c54409810af48ba5210",
                "0x61d027b3",
                "complete",
                26610,
                26698,
                "staticcall",
                {
                    "0x6847259b2b3a4c17e7c43c54409810af48ba5210": [
                        [
                            "sload",
                            "0x4",
                            "0x66419eaef5de53cc5da0d8702b990c5bc7d1ab3",
                            3059
                        ]
                    ]
                }
            ],
            [
                "0x6847259b2b3a4c17e7c43c54409810af48ba5210",
                "0x8d8f1e67",
                "complete",
                27492,
                27589,
                "staticcall",
                {
                    "0x6847259b2b3a4c17e7c43c54409810af48ba5210": [
                        [
                            "sload",
                            "0x3",
                            "0x2fee17f575fa65c06f10ea2e63dbbc50730f145d",
                            4021
                        ]
                    ]
                }
            ]
        ],
        []
    ]
}