{
    "0x79594d51563b63d5508a692db5aa52e15bd54c825a33ebe962c02b478fe38059": [
        [
            [
                "0x6847259b2b3a4c17e7c43c54409810af48ba5210",
                "0x61d027b3",
                "complete",
                2202,
                2290,
                "staticcall",
                {
                    "0x6847259b2b3a4c17e7c43c54409810af48ba5210": [
                        [
                            "sload",
                            "0x4",
                            "0x66419eaef5de53cc5da0d8702b990c5bc7d1ab3",
                            3059
                        ]
                    ]
                }
            ],
            [
                "0x6847259b2b3a4c17e7c43c54409810af48ba5210",
                "0x61d027b3",
                "complete",
                25287,
                25375,
                "staticcall",
                {
                    "0x6847259b2b3a4c17e7c43c54409810af48ba5210": [
                        [
                            "sload",
                            "0x4",
                            "0x66419eaef5de53cc5da0d8702b990c5bc7d1ab3",
                            3059
                        ]
                    ]
                }
            ],
            [
                "0x6847259b2b3a4c17e7c43c54409810af48ba5210",
                "0x61d027b3",
                "complete",
                25991,
                26079,
                "staticcall",
                {
                    "0x6847259b2b3a4c17e7c43c54409810af48ba5210": [
                        [
                            "sload",
                            "0x4",
                            "0x66419eaef5de53cc5da0d8702b990c5bc7d1ab3",
                            3059
                        ]
                    ]
                }
            ],
            [
                "0x6847259b2b3a4c17e7c43c54409810af48ba5210",
                "0x61d027b3",
                "complete",
                27489,
                27577,
                "staticcall",
                {
                    "0x6847259b2b3a4c17e7c43c54409810af48ba5210": [
                        [
                            "sload",
                            "0x4",
                            "0x66419eaef5de53cc5da0d8702b990c5bc7d1ab3",
                            3059
                        ]
                    ]
                }
            ],
            [
                "0x6847259b2b3a4c17e7c43c54409810af48ba5210",
                "0x8d8f1e67",
                "complete",
                28371,
                28468,
                "staticcall",
                {
                    "0x6847259b2b3a4c17e7c43c54409810af48ba5210": [
                        [
                            "sload",
                            "0x3",
                            "0x2fee17f575fa65c06f10ea2e63dbbc50730f145d",
                            4021
                        ]
                    ]
                }
            ]
        ],
        []
    ]
}