{
    "0xe5cebe554c6ca0d253bf65ff437de60b1ae1d9a08a4b553a4c820801014e0d97": [
        [
            [
                "0x6847259b2b3a4c17e7c43c54409810af48ba5210",
                "0x70a08231",
                "complete",
                148,
                1006,
                "staticcall",
                {
                    "0x6847259b2b3a4c17e7c43c54409810af48ba5210": [
                        [
                            "sload",
                            "0xc0d9041949f4d8e377da311dd678cc79e705a6843211562f326d9705d0f5d38b",
                            "0xb606602c2ac912b52437817add9362b87776a6a6",
                            3569
                        ]
                    ],
                    "0xb606602c2ac912b52437817add9362b87776a6a6": [
                        [
                            "sload",
                            "0xa",
                            "0xb1f2cdec61db658f091671f5f199635aef202cac",
                            2608
                        ],
                        [
                            "sload",
                            "0x4",
                            "0x49849c98ae39fff122806c06791fa73784fb3675",
                            6887
                        ]
                    ],
                    "0xb1f2cdec61db658f091671f5f199635aef202cac": [
                        [
                            "sload",
                            "0x6be9f0586e2550a752c64d789b62899600899472114ef89e6d64e1e69b578b38",
                            "0x5f9b91c1c66047b46f",
                            4840
                        ]
                    ],
                    "0x49849c98ae39fff122806c06791fa73784fb3675": [
                        [
                            "sload",
                            "0xf07d1e299496aff9fb01d3697507ba36050c9a2bc5b34cce404f2ea3c7f466d1",
                            "0x0",
                            2253
                        ]
                    ]
                }
            ],
            [
                "0x6847259b2b3a4c17e7c43c54409810af48ba5210",
                "0xf3fef3a3",
                "complete",
                1977,
                9100,
                "call",
                {
                    "0x6847259b2b3a4c17e7c43c54409810af48ba5210": [
                        [
                            "sload",
                            "0xff48454c8bd77680fa794abacd1e932ceb66cb3b6b5a6c9dd1a91446f7a170ac",
                            "0x2e35392f4c36eba7ecafe4de34199b2373af22ec",
                            5473
                        ],
                        [
                            "sload",
                            "0xc0d9041949f4d8e377da311dd678cc79e705a6843211562f326d9705d0f5d38b",
                            "0xb606602c2ac912b52437817add9362b87776a6a6",
                            5532
                        ],
                        [
                            "sload",
                            "0x3",
                            "0x2fee17f575fa65c06f10ea2e63dbbc50730f145d",
                            4021
                        ],
                        [
                            "sload",
                            "0x4",
                            "0x66419eaef5de53cc5da0d8702b990c5bc7d1ab3",
                            3059
                        ],
                        [
                            "sload",
                            "0xff48454c8bd77680fa794abacd1e932ceb66cb3b6b5a6c9dd1a91446f7a170ac",
                            "0x2e35392f4c36eba7ecafe4de34199b2373af22ec",
                            5153
                        ]
                    ],
                    "0xb606602c2ac912b52437817add9362b87776a6a6": [
                        [
                            "sload",
                            "0x6",
                            "0x6847259b2b3a4c17e7c43c54409810af48ba5210",
                            3093
                        ],
                        [
                            "sload",
                            "0x4",
                            "0x49849c98ae39fff122806c06791fa73784fb3675",
                            3171
                        ],
                        [
                            "sload",
                            "0xa",
                            "0xb1f2cdec61db658f091671f5f199635aef202cac",
                            8090
                        ],
                        [
                            "sload",
                            "0x3",
                            "0x0",
                            3360
                        ],
                        [
                            "sload",
                            "0x6",
                            "0x6847259b2b3a4c17e7c43c54409810af48ba5210",
                            3398
                        ],
                        [
                            "sload",
                            "0x4",
                            "0x49849c98ae39fff122806c06791fa73784fb3675",
                            3517
                        ],
                        [
                            "sload",
                            "0x2",
                            "0x0",
                            3554
                        ],
                        [
                            "sload",
                            "0x6",
                            "0x6847259b2b3a4c17e7c43c54409810af48ba5210",
                            3580
                        ],
                        [
                            "sload",
                            "0x4",
                            "0x49849c98ae39fff122806c06791fa73784fb3675",
                            3517
                        ],
                        [
                            "sload",
                            "0x6",
                            "0x6847259b2b3a4c17e7c43c54409810af48ba5210",
                            3655
                        ],
                        [
                            "sload",
                            "0x4",
                            "0x49849c98ae39fff122806c06791fa73784fb3675",
                            3659
                        ],
                        [
                            "sload",
                            "0x4",
                            "0x49849c98ae39fff122806c06791fa73784fb3675",
                            3890
                        ]
                    ],
                    "0x49849c98ae39fff122806c06791fa73784fb3675": [
                        [
                            "sload",
                            "0xf07d1e299496aff9fb01d3697507ba36050c9a2bc5b34cce404f2ea3c7f466d1",
                            "0x0",
                            2253
                        ],
                        [
                            "sload",
                            "0xba4055b514665a62f30355471fd57272614bb796bcaca6c945b5b5fca7ead1c1",
                            "0x3c6a3b7437c52113cec",
                            427
                        ],
                        [
                            "sstore",
                            "0xba4055b514665a62f30355471fd57272614bb796bcaca6c945b5b5fca7ead1c1",
                            "0x3c64a64efd0b463c5ba",
                            452
                        ],
                        [
                            "sload",
                            "0xf07d1e299496aff9fb01d3697507ba36050c9a2bc5b34cce404f2ea3c7f466d1",
                            "0x0",
                            471
                        ],
                        [
                            "sstore",
                            "0xf07d1e299496aff9fb01d3697507ba36050c9a2bc5b34cce404f2ea3c7f466d1",
                            "0x595253ab9dad7732",
                            498
                        ],
                        [
                            "sload",
                            "0xf07d1e299496aff9fb01d3697507ba36050c9a2bc5b34cce404f2ea3c7f466d1",
                            "0x595253ab9dad7732",
                            427
                        ],
                        [
                            "sstore",
                            "0xf07d1e299496aff9fb01d3697507ba36050c9a2bc5b34cce404f2ea3c7f466d1",
                            "0x595253ab9dad7732",
                            452
                        ],
                        [
                            "sload",
                            "0x7dfa3f95c5beb013db7a6ae0eefe3b6c86e46c35c50f8dfd83f3ded94fdb7f23",
                            "0x192e828d2fa3b4eb",
                            471
                        ],
                        [
                            "sstore",
                            "0x7dfa3f95c5beb013db7a6ae0eefe3b6c86e46c35c50f8dfd83f3ded94fdb7f23",
                            "0x192e828d2fa3b4eb",
                            498
                        ],
                        [
                            "sload",
                            "0xf07d1e299496aff9fb01d3697507ba36050c9a2bc5b34cce404f2ea3c7f466d1",
                            "0x595253ab9dad7732",
                            427
                        ],
                        [
                            "sstore",
                            "0xf07d1e299496aff9fb01d3697507ba36050c9a2bc5b34cce404f2ea3c7f466d1",
                            "0x595253ab9dad7732",
                            452
                        ],
                        [
                            "sload",
                            "0x2fa04fa9164d3087c64a8f85735906a1c01cb929a91310b45b782b563f9d205f",
                            "0x319bd05db4e24cbc",
                            471
                        ],
                        [
                            "sstore",
                            "0x2fa04fa9164d3087c64a8f85735906a1c01cb929a91310b45b782b563f9d205f",
                            "0x319bd05db4e24cbc",
                            498
                        ],
                        [
                            "sload",
                            "0xf07d1e299496aff9fb01d3697507ba36050c9a2bc5b34cce404f2ea3c7f466d1",
                            "0x595253ab9dad7732",
                            427
                        ],
                        [
                            "sstore",
                            "0xf07d1e299496aff9fb01d3697507ba36050c9a2bc5b34cce404f2ea3c7f466d1",
                            "0x0",
                            452
                        ],
                        [
                            "sload",
                            "0x510bc6209361d3999a248413bf1aedd12446072812a536ce06fa744416870a4",
                            "0xfc37bfb8b4aa93",
                            471
                        ],
                        [
                            "sstore",
                            "0x510bc6209361d3999a248413bf1aedd12446072812a536ce06fa744416870a4",
                            "0x5a4e8b6b566221c5",
                            498
                        ]
                    ],
                    "0xb1f2cdec61db658f091671f5f199635aef202cac": [
                        [
                            "sload",
                            "0xffffff",
                            "0x0",
                            4145
                        ],
                        [
                            "sstore",
                            "0xffffff",
                            "0x1",
                            4162
                        ],
                        [
                            "sload",
                            "0x1",
                            "0xd533a949740bb3306d119cc777fa900ba034cd52",
                            815
                        ],
                        [
                            "sload",
                            "0x3",
                            "0x2f50d538606fa9edd2b11e2446beb18c9d5846bb",
                            822
                        ],
                        [
                            "sload",
                            "0xb",
                            "0x3be6",
                            829
                        ],
                        [
                            "sload",
                            "0xdf6966c971051c3d54ec59162606531493a51404a002842f56009d7e5cf4e4ad",
                            "0x5fb16515",
                            874
                        ],
                        [
                            "sload",
                            "0xd7b6990105719101dabeb77144f2a3385c8033acd3af97e9423a695e81ad5a9b",
                            "0x481f832f0c6f1d7f3769",
                            919
                        ],
                        [
                            "sload",
                            "0x11",
                            "0x78ef89edad16a615",
                            926
                        ],
                        [
                            "sload",
                            "0x7",
                            "0x6116ef78",
                            941
                        ],
                        [
                            "sstore",
                            "0x7",
                            "0x6116ef78",
                            1019
                        ],
                        [
                            "sstore",
                            "0x11",
                            "0x78ef89edad16a615",
                            1084
                        ],
                        [
                            "sload",
                            "0x8027b9a39e519c6a0b275894ac8dcb70e631f27ac78c3ad461f4aa2d3744634d",
                            "0x263e3a4d828ce97b5f",
                            1157
                        ],
                        [
                            "sload",
                            "0xa",
                            "0x1aa0b4c201b0db7d05a",
                            1164
                        ],
                        [
                            "sstore",
                            "0xb",
                            "0x3be7",
                            2081
                        ],
                        [
                            "sstore",
                            "0xdf6966c971051c3d54ec59162606531493a51404a002842f56009d7e5cf4e4ae",
                            "0x5fb16559",
                            2123
                        ],
                        [
                            "sstore",
                            "0xd7b6990105719101dabeb77144f2a3385c8033acd3af97e9423a695e81ad5a9c",
                            "0x481f833c4811b1a50207",
                            2168
                        ],
                        [
                            "sload",
                            "0x80ca3477a0a387c1f464ff88cc52d6833897eda54384d78ebb55323e84466949",
                            "0x11240a4bdf8f0d45d814",
                            2187
                        ],
                        [
                            "sload",
                            "0x4be6b2c504f464538683cbf5f4ecf4608bc8508a5039eca00116cf1c6157f666",
                            "0x481f7d6bc176a01d97b5",
                            2213
                        ],
                        [
                            "sstore",
                            "0x80ca3477a0a387c1f464ff88cc52d6833897eda54384d78ebb55323e84466949",
                            "0x1134103bab1b6a6442a1",
                            2310
                        ],
                        [
                            "sstore",
                            "0x4be6b2c504f464538683cbf5f4ecf4608bc8508a5039eca00116cf1c6157f666",
                            "0x481f833c4811b1a50207",
                            2333
                        ],
                        [
                            "sstore",
                            "0x7c615fbef0c7093e2115a57c58da07926537dbc3e42765daa6f7d0f5be1cc196",
                            "0x5fb16559",
                            2352
                        ],
                        [
                            "sload",
                            "0x6be9f0586e2550a752c64d789b62899600899472114ef89e6d64e1e69b578b38",
                            "0x5f9b91c1c66047b46f",
                            4209
                        ],
                        [
                            "sload",
                            "0x6",
                            "0x3c6a3b7437c52113cec",
                            4239
                        ],
                        [
                            "sstore",
                            "0x6be9f0586e2550a752c64d789b62899600899472114ef89e6d64e1e69b578b38",
                            "0x5f423f6e1ac29a3d3d",
                            4285
                        ],
                        [
                            "sstore",
                            "0x6",
                            "0x3c64a64efd0b463c5ba",
                            4292
                        ],
                        [
                            "sload",
                            "0x4",
                            "0x5f3b5dfeb7b28cdbd7faba78963ee202a494e2a2",
                            188
                        ],
                        [
                            "sload",
                            "0xdf6966c971051c3d54ec59162606531493a51404a002842f56009d7e5cf4a8c7",
                            "0x5f347191",
                            395
                        ],
                        [
                            "sload",
                            "0x8027b9a39e519c6a0b275894ac8dcb70e631f27ac78c3ad461f4aa2d3744634d",
                            "0x263e3a4d828ce97b5f",
                            621
                        ],
                        [
                            "sstore",
                            "0x8027b9a39e519c6a0b275894ac8dcb70e631f27ac78c3ad461f4aa2d3744634d",
                            "0x261a7fc5a44dd74bb2",
                            647
                        ],
                        [
                            "sload",
                            "0xa",
                            "0x1aa0b4c201b0db7d05a",
                            650
                        ],
                        [
                            "sstore",
                            "0xa",
                            "0x1a9e791983ccea5a0ad",
                            711
                        ],
                        [
                            "sload",
                            "0x2",
                            "0x49849c98ae39fff122806c06791fa73784fb3675",
                            4413
                        ],
                        [
                            "sstore",
                            "0xffffff",
                            "0x0",
                            4507
                        ]
                    ],
                    "0xd533a949740bb3306d119cc777fa900ba034cd52": [
                        [
                            "sload",
                            "0x9",
                            "0x5f35bbf8",
                            748
                        ],
                        [
                            "sload",
                            "0xa",
                            "0x78ef89edad16a615",
                            4351
                        ]
                    ],
                    "0x2f50d538606fa9edd2b11e2446beb18c9d5846bb": [
                        [
                            "sload",
                            "0x66e17939597a8dbc158aaad2ad5ec37d581d30bca1063d7919601f253c1da947",
                            "0x5fb5b580",
                            2061
                        ],
                        [
                            "sload",
                            "0xf9507177b1eae716817e7704d5557b97967922f36be5b010f2676b6a841427ea",
                            "0x10bda3cd00b46f330001a",
                            2122
                        ],
                        [
                            "sload",
                            "0xf9507177b1eae716817e7704d5557b97967922f36be5b010f2676b6a841427eb",
                            "0x2989f834700156",
                            2137
                        ],
                        [
                            "sload",
                            "0x13",
                            "0x5fb5b580",
                            1378
                        ],
                        [
                            "sload",
                            "0x4",
                            "0x1",
                            1385
                        ],
                        [
                            "sload",
                            "0x25272c305969c6ac1a4676c19d1a3b435b7e3bc164916deae823988027c0dcfd",
                            "0x1303fe05852e449e2f6d985fb5fca56200000",
                            1451
                        ],
                        [
                            "sload",
                            "0x31ecc21a745e3968a04e9570e4425bc18fa8019c68028196b546d1669c200c68",
                            "0x5fb5b580",
                            881
                        ],
                        [
                            "sload",
                            "0x74566fcfe63798dd9a6fef1e5c0d98709a48009b63eb53ec22132b28fa6bc69d",
                            "0x16756a0f28b56367a78648",
                            942
                        ],
                        [
                            "sload",
                            "0x74566fcfe63798dd9a6fef1e5c0d98709a48009b63eb53ec22132b28fa6bc69e",
                            "0x318f32d25bcd37b",
                            957
                        ],
                        [
                            "sload",
                            "0x55f448fdea98c4d29eb340757ef0a66cd03dbb9538908a6a81d96026b71ec475",
                            "0x5fb5b580",
                            575
                        ],
                        [
                            "sload",
                            "0x90419af1d7b476e2d5c9eca1df8dcd401a21c8eaa1bf99eaf86bf5b32fa1a4e4",
                            "0xde0b6b3a7640000",
                            624
                        ],
                        [
                            "sload",
                            "0x74566fcfe63798dd9a6fef1e5c0d98709a48009b63eb53ec22132b28fa6bc69d",
                            "0x16756a0f28b56367a78648",
                            1824
                        ],
                        [
                            "sload",
                            "0x90419af1d7b476e2d5c9eca1df8dcd401a21c8eaa1bf99eaf86bf5b32fa1a4e4",
                            "0xde0b6b3a7640000",
                            1861
                        ],
                        [
                            "sstore",
                            "0x14658e545b524e9f2c75d66f2b84544083063afc9092f665264ad58f9c4a5fbc",
                            "0x137ad26ce84225afb2ed46e0cda616c200000",
                            1971
                        ],
                        [
                            "sstore",
                            "0x13",
                            "0x5fb5b580",
                            1989
                        ],
                        [
                            "sload",
                            "0x25272c305969c6ac1a4676c19d1a3b435b7e3bc164916deae823988027c0dcfd",
                            "0x1303fe05852e449e2f6d985fb5fca56200000",
                            3922
                        ],
                        [
                            "sload",
                            "0x618975ed6ff7fc1f2f93eda12fe0ff0ccb6f62283175eecb743ce9109677c469",
                            "0x1",
                            3956
                        ],
                        [
                            "sload",
                            "0xc06e2212934cf6b559d4aca972370db5ab335c50d4824d908152b5a46367545b",
                            "0xde0b6b3a7640000",
                            4035
                        ],
                        [
                            "sload",
                            "0xf2ac9ea8ad52632e6a2b6a78347a2ba797cf20f21bb4d072a911e5cbdd7ad556",
                            "0x11540ebba5e7696ffbc9a",
                            4080
                        ]
                    ],
                    "0x5f3b5dfeb7b28cdbd7faba78963ee202a494e2a2": [
                        [
                            "sload",
                            "0xceb6004b6b106ff33e75646768ef44c315f5fc59043ab5db261579b9692186b5",
                            "0x0",
                            7630
                        ],
                        [
                            "sload",
                            "0x3",
                            "0x289f",
                            9851
                        ],
                        [
                            "sload",
                            "0xc9bdcb7f640c0b78b3a6712ef3acb25b220aefbfbe69eb813077f10da343d62e",
                            "0x23ee56dd84eb08cc685dcf",
                            9908
                        ],
                        [
                            "sload",
                            "0xc9bdcb7f640c0b78b3a6712ef3acb25b220aefbfbe69eb813077f10da343d62f",
                            "0x52f5098e1bc4033",
                            9923
                        ],
                        [
                            "sload",
                            "0xc9bdcb7f640c0b78b3a6712ef3acb25b220aefbfbe69eb813077f10da343d630",
                            "0x5fb1620b",
                            9941
                        ],
                        [
                            "sload",
                            "0xc9bdcb7f640c0b78b3a6712ef3acb25b220aefbfbe69eb813077f10da343d631",
                            "0xabdee0",
                            9959
                        ]
                    ]
                }
            ],
            [
                "0x6847259b2b3a4c17e7c43c54409810af48ba5210",
                "0x8d8f1e67",
                "complete",
                6763,
                6860,
                "staticcall",
                {
                    "0x6847259b2b3a4c17e7c43c54409810af48ba5210": [
                        [
                            "sload",
                            "0x3",
                            "0x2fee17f575fa65c06f10ea2e63dbbc50730f145d",
                            4021
                        ]
                    ]
                }
            ],
            [
                "0x6847259b2b3a4c17e7c43c54409810af48ba5210",
                "0x61d027b3",
                "complete",
                7561,
                7649,
                "staticcall",
                {
                    "0x6847259b2b3a4c17e7c43c54409810af48ba5210": [
                        [
                            "sload",
                            "0x4",
                            "0x66419eaef5de53cc5da0d8702b990c5bc7d1ab3",
                            3059
                        ]
                    ]
                }
            ],
            [
                "0x6847259b2b3a4c17e7c43c54409810af48ba5210",
                "0xca6a48c2",
                "complete",
                8252,
                8408,
                "staticcall",
                {
                    "0x6847259b2b3a4c17e7c43c54409810af48ba5210": [
                        [
                            "sload",
                            "0xff48454c8bd77680fa794abacd1e932ceb66cb3b6b5a6c9dd1a91446f7a170ac",
                            "0x2e35392f4c36eba7ecafe4de34199b2373af22ec",
                            5153
                        ]
                    ]
                }
            ]
        ],
        []
    ]
}