{
    "0xc6551256bdd1052d4d88f647691c8bc99c36da7708ed3839ec2179830e4ed475": [
        [
            [
                "0x6847259b2b3a4c17e7c43c54409810af48ba5210",
                "0x70a08231",
                "complete",
                172,
                878,
                "staticcall",
                {
                    "0x6847259b2b3a4c17e7c43c54409810af48ba5210": [
                        [
                            "sload",
                            "0xc1145137857fc3afe7b131f775d0e403e8f5b5aa88892406175013350365cb38",
                            "0x697d05738b456bcc8f06023219da351ae252912",
                            3569
                        ]
                    ],
                    "0x0697d05738b456bcc8f06023219da351ae252912": [
                        [
                            "sload",
                            "0xa",
                            "0xa1484c3aa22a66c62b77e0ae78e15258bd0cb711",
                            2235
                        ],
                        [
                            "sload",
                            "0x4",
                            "0xa478c2975ab1ea89e8196811f51a7b7ade33eb11",
                            6894
                        ]
                    ],
                    "0xa1484c3aa22a66c62b77e0ae78e15258bd0cb711": [
                        [
                            "sload",
                            "0xa489f64a82cb6e4adc1758fe145a941069552ce7e33bd867247f4ce6080499e9",
                            "0xe828629845d2d3606bd",
                            2829
                        ]
                    ],
                    "0xa478c2975ab1ea89e8196811f51a7b7ade33eb11": [
                        [
                            "sload",
                            "0xbf50c99934e5c8447c6c5493d07afeb4d7da35c664de6c2ae840e457951a38fc",
                            "0x0",
                            5082
                        ]
                    ]
                }
            ],
            [
                "0x6847259b2b3a4c17e7c43c54409810af48ba5210",
                "0xf3fef3a3",
                "complete",
                1839,
                6613,
                "call",
                {
                    "0x6847259b2b3a4c17e7c43c54409810af48ba5210": [
                        [
                            "sload",
                            "0x8a0c0e3f6eaafe9c1dbe8eeb16bd99b1d699fd9fc6443ceb86d84eb12e36530d",
                            "0xcffa068f1e44d98d3753966ebd58d4cfe3bb5162",
                            5473
                        ],
                        [
                            "sload",
                            "0xc1145137857fc3afe7b131f775d0e403e8f5b5aa88892406175013350365cb38",
                            "0x697d05738b456bcc8f06023219da351ae252912",
                            5532
                        ],
                        [
                            "sload",
                            "0x3",
                            "0x2fee17f575fa65c06f10ea2e63dbbc50730f145d",
                            4021
                        ],
                        [
                            "sload",
                            "0x4",
                            "0x66419eaef5de53cc5da0d8702b990c5bc7d1ab3",
                            3059
                        ],
                        [
                            "sload",
                            "0x8a0c0e3f6eaafe9c1dbe8eeb16bd99b1d699fd9fc6443ceb86d84eb12e36530d",
                            "0xcffa068f1e44d98d3753966ebd58d4cfe3bb5162",
                            5153
                        ]
                    ],
                    "0x0697d05738b456bcc8f06023219da351ae252912": [
                        [
                            "sload",
                            "0x6",
                            "0x6847259b2b3a4c17e7c43c54409810af48ba5210",
                            2694
                        ],
                        [
                            "sload",
                            "0x4",
                            "0xa478c2975ab1ea89e8196811f51a7b7ade33eb11",
                            2772
                        ],
                        [
                            "sload",
                            "0xa",
                            "0xa1484c3aa22a66c62b77e0ae78e15258bd0cb711",
                            8147
                        ],
                        [
                            "sload",
                            "0x3",
                            "0x0",
                            2961
                        ],
                        [
                            "sload",
                            "0x6",
                            "0x6847259b2b3a4c17e7c43c54409810af48ba5210",
                            2999
                        ],
                        [
                            "sload",
                            "0x4",
                            "0xa478c2975ab1ea89e8196811f51a7b7ade33eb11",
                            3118
                        ],
                        [
                            "sload",
                            "0x2",
                            "0x0",
                            3155
                        ],
                        [
                            "sload",
                            "0x6",
                            "0x6847259b2b3a4c17e7c43c54409810af48ba5210",
                            3181
                        ],
                        [
                            "sload",
                            "0x4",
                            "0xa478c2975ab1ea89e8196811f51a7b7ade33eb11",
                            3118
                        ],
                        [
                            "sload",
                            "0x6",
                            "0x6847259b2b3a4c17e7c43c54409810af48ba5210",
                            3256
                        ],
                        [
                            "sload",
                            "0x4",
                            "0xa478c2975ab1ea89e8196811f51a7b7ade33eb11",
                            3260
                        ],
                        [
                            "sload",
                            "0x4",
                            "0xa478c2975ab1ea89e8196811f51a7b7ade33eb11",
                            3491
                        ]
                    ],
                    "0xa478c2975ab1ea89e8196811f51a7b7ade33eb11": [
                        [
                            "sload",
                            "0xbf50c99934e5c8447c6c5493d07afeb4d7da35c664de6c2ae840e457951a38fc",
                            "0x0",
                            5082
                        ],
                        [
                            "sload",
                            "0x14c1b713bcf756cacb4be42b887966545275f1fd60153daed8fb761e8e1ee580",
                            "0x2d042f0acbd30b28e26bc",
                            9777
                        ],
                        [
                            "sstore",
                            "0x14c1b713bcf756cacb4be42b887966545275f1fd60153daed8fb761e8e1ee580",
                            "0x2d01c630226e0a24f518e",
                            9836
                        ],
                        [
                            "sload",
                            "0xbf50c99934e5c8447c6c5493d07afeb4d7da35c664de6c2ae840e457951a38fc",
                            "0x0",
                            9843
                        ],
                        [
                            "sstore",
                            "0xbf50c99934e5c8447c6c5493d07afeb4d7da35c664de6c2ae840e457951a38fc",
                            "0x268daa9650103ed52e",
                            9905
                        ],
                        [
                            "sload",
                            "0xbf50c99934e5c8447c6c5493d07afeb4d7da35c664de6c2ae840e457951a38fc",
                            "0x268daa9650103ed52e",
                            9777
                        ],
                        [
                            "sstore",
                            "0xbf50c99934e5c8447c6c5493d07afeb4d7da35c664de6c2ae840e457951a38fc",
                            "0x268daa9650103ed52e",
                            9836
                        ],
                        [
                            "sload",
                            "0xbac776f890089b7d035e99f6adef67a6c0f54aaa8fdf67c8027d1d26e0a908d8",
                            "0x29c083810b980e98c",
                            9843
                        ],
                        [
                            "sstore",
                            "0xbac776f890089b7d035e99f6adef67a6c0f54aaa8fdf67c8027d1d26e0a908d8",
                            "0x29c083810b980e98c",
                            9905
                        ],
                        [
                            "sload",
                            "0xbf50c99934e5c8447c6c5493d07afeb4d7da35c664de6c2ae840e457951a38fc",
                            "0x268daa9650103ed52e",
                            9777
                        ],
                        [
                            "sstore",
                            "0xbf50c99934e5c8447c6c5493d07afeb4d7da35c664de6c2ae840e457951a38fc",
                            "0x268daa9650103ed52e",
                            9836
                        ],
                        [
                            "sload",
                            "0xd1e422f9ab54b76fb64000bd8b03b4455886cd532879bd1b18475a504fac4202",
                            "0xe6635540fb920599dd",
                            9843
                        ],
                        [
                            "sstore",
                            "0xd1e422f9ab54b76fb64000bd8b03b4455886cd532879bd1b18475a504fac4202",
                            "0xe6635540fb920599dd",
                            9905
                        ],
                        [
                            "sload",
                            "0xbf50c99934e5c8447c6c5493d07afeb4d7da35c664de6c2ae840e457951a38fc",
                            "0x268daa9650103ed52e",
                            9777
                        ],
                        [
                            "sstore",
                            "0xbf50c99934e5c8447c6c5493d07afeb4d7da35c664de6c2ae840e457951a38fc",
                            "0x0",
                            9836
                        ],
                        [
                            "sload",
                            "0xdf22222bd08d458da5c66e0409a1cfde5ab010ea8450735365a41e617b282ed6",
                            "0x0",
                            9843
                        ],
                        [
                            "sstore",
                            "0xdf22222bd08d458da5c66e0409a1cfde5ab010ea8450735365a41e617b282ed6",
                            "0x268daa9650103ed52e",
                            9905
                        ]
                    ],
                    "0xa1484c3aa22a66c62b77e0ae78e15258bd0cb711": [
                        [
                            "sload",
                            "0x1",
                            "0xba0f",
                            1145
                        ],
                        [
                            "sstore",
                            "0x1",
                            "0xba10",
                            1151
                        ],
                        [
                            "sload",
                            "0xb",
                            "0x2d042e4c5bf80727b9587",
                            3426
                        ],
                        [
                            "sload",
                            "0xb",
                            "0x2d042e4c5bf80727b9587",
                            3452
                        ],
                        [
                            "sload",
                            "0x5",
                            "0xd629d4107c530fc",
                            3470
                        ],
                        [
                            "sload",
                            "0x7",
                            "0x5fb312b2",
                            3476
                        ],
                        [
                            "sload",
                            "0x4",
                            "0x5fb312b2",
                            2875
                        ],
                        [
                            "sload",
                            "0x8",
                            "0x90f5cd757c7ab06",
                            3499
                        ],
                        [
                            "sstore",
                            "0x8",
                            "0x90f5cd757c7ab06",
                            1163
                        ],
                        [
                            "sload",
                            "0x4",
                            "0x5fb312b2",
                            2875
                        ],
                        [
                            "sstore",
                            "0x7",
                            "0x5fb312b2",
                            1174
                        ],
                        [
                            "sload",
                            "0x5ac65982b3ef6a49c5ec7dc7a3b19ff1338de0fbe15133290812e21bd47e245a",
                            "0x0",
                            951
                        ],
                        [
                            "sload",
                            "0xc4a7009ccab825c7182580564d69f482b259ff1ad93aefa48f1b27e9d6be87a7",
                            "0x90f5cd757c7ab06",
                            959
                        ],
                        [
                            "sload",
                            "0xb",
                            "0x2d042e4c5bf80727b9587",
                            3426
                        ],
                        [
                            "sload",
                            "0xb",
                            "0x2d042e4c5bf80727b9587",
                            3452
                        ],
                        [
                            "sload",
                            "0x5",
                            "0xd629d4107c530fc",
                            3470
                        ],
                        [
                            "sload",
                            "0x7",
                            "0x5fb312b2",
                            3476
                        ],
                        [
                            "sload",
                            "0x4",
                            "0x5fb312b2",
                            2875
                        ],
                        [
                            "sload",
                            "0x8",
                            "0x90f5cd757c7ab06",
                            3499
                        ],
                        [
                            "sload",
                            "0xa489f64a82cb6e4adc1758fe145a941069552ce7e33bd867247f4ce6080499e9",
                            "0xe828629845d2d3606bd",
                            1044
                        ],
                        [
                            "sstore",
                            "0x5ac65982b3ef6a49c5ec7dc7a3b19ff1338de0fbe15133290812e21bd47e245a",
                            "0x0",
                            1255
                        ],
                        [
                            "sload",
                            "0x8",
                            "0x90f5cd757c7ab06",
                            1258
                        ],
                        [
                            "sstore",
                            "0xc4a7009ccab825c7182580564d69f482b259ff1ad93aefa48f1b27e9d6be87a7",
                            "0x90f5cd757c7ab06",
                            1267
                        ],
                        [
                            "sload",
                            "0xb",
                            "0x2d042e4c5bf80727b9587",
                            1382
                        ],
                        [
                            "sstore",
                            "0xb",
                            "0x2d01c571b2930623cc059",
                            1401
                        ],
                        [
                            "sload",
                            "0xa489f64a82cb6e4adc1758fe145a941069552ce7e33bd867247f4ce6080499e9",
                            "0xe828629845d2d3606bd",
                            1417
                        ],
                        [
                            "sstore",
                            "0xa489f64a82cb6e4adc1758fe145a941069552ce7e33bd867247f4ce6080499e9",
                            "0xe5bf87eee0d1cf7318f",
                            1452
                        ],
                        [
                            "sload",
                            "0x3",
                            "0xa478c2975ab1ea89e8196811f51a7b7ade33eb11",
                            1455
                        ],
                        [
                            "sload",
                            "0x1",
                            "0xba10",
                            1548
                        ]
                    ]
                }
            ],
            [
                "0x6847259b2b3a4c17e7c43c54409810af48ba5210",
                "0x8d8f1e67",
                "complete",
                3979,
                4076,
                "staticcall",
                {
                    "0x6847259b2b3a4c17e7c43c54409810af48ba5210": [
                        [
                            "sload",
                            "0x3",
                            "0x2fee17f575fa65c06f10ea2e63dbbc50730f145d",
                            4021
                        ]
                    ]
                }
            ],
            [
                "0x6847259b2b3a4c17e7c43c54409810af48ba5210",
                "0x61d027b3",
                "complete",
                4876,
                4964,
                "staticcall",
                {
                    "0x6847259b2b3a4c17e7c43c54409810af48ba5210": [
                        [
                            "sload",
                            "0x4",
                            "0x66419eaef5de53cc5da0d8702b990c5bc7d1ab3",
                            3059
                        ]
                    ]
                }
            ],
            [
                "0x6847259b2b3a4c17e7c43c54409810af48ba5210",
                "0xca6a48c2",
                "complete",
                5666,
                5822,
                "staticcall",
                {
                    "0x6847259b2b3a4c17e7c43c54409810af48ba5210": [
                        [
                            "sload",
                            "0x8a0c0e3f6eaafe9c1dbe8eeb16bd99b1d699fd9fc6443ceb86d84eb12e36530d",
                            "0xcffa068f1e44d98d3753966ebd58d4cfe3bb5162",
                            5153
                        ]
                    ]
                }
            ]
        ],
        []
    ]
}