{
    "0x566df6f64b14806ab6a39c19710c0d7151db8653e4fa4ff5c617cf700398d07a": [
        [
            [
                "0x6847259b2b3a4c17e7c43c54409810af48ba5210",
                "0x70a08231",
                "complete",
                172,
                878,
                "staticcall",
                {
                    "0x6847259b2b3a4c17e7c43c54409810af48ba5210": [
                        [
                            "sload",
                            "0x80e668a5edb20e04edb3840d6aef46e0855ccdc34d4c22003c94ec0138e54f06",
                            "0x3577797668c6fe415b21bf85ba44df34318dd80d",
                            3569
                        ]
                    ],
                    "0x3577797668c6fe415b21bf85ba44df34318dd80d": [
                        [
                            "sload",
                            "0xa",
                            "0x6c3e4cb2e96b01f4b866965a91ed4437839a121a",
                            2235
                        ],
                        [
                            "sload",
                            "0x4",
                            "0xd4a11d5eeaac28ec3f61d100daf4d40471f1852",
                            6910
                        ]
                    ],
                    "0x6c3e4cb2e96b01f4b866965a91ed4437839a121a": [
                        [
                            "sload",
                            "0xa0f2259a3410613182d73e63ab288dff78061b242bbe95e2d280412ca795cb8",
                            "0x2a64ead9314c0db",
                            2829
                        ]
                    ],
                    "0x0d4a11d5eeaac28ec3f61d100daf4d40471f1852": [
                        [
                            "sload",
                            "0xd4ba7601e7ea51a3f93503d2660b007b2854d310dea4e8a7ca3911bec8515b20",
                            "0x0",
                            5082
                        ]
                    ]
                }
            ],
            [
                "0x6847259b2b3a4c17e7c43c54409810af48ba5210",
                "0xf3fef3a3",
                "complete",
                1839,
                6613,
                "call",
                {
                    "0x6847259b2b3a4c17e7c43c54409810af48ba5210": [
                        [
                            "sload",
                            "0x7a129e36a25ee2acd9e04efc91bcecdc5163306955878ddce8e3a572e960a8d4",
                            "0x9fc573c502037b149ba87782acc81cf093ec6ef",
                            5473
                        ],
                        [
                            "sload",
                            "0x80e668a5edb20e04edb3840d6aef46e0855ccdc34d4c22003c94ec0138e54f06",
                            "0x3577797668c6fe415b21bf85ba44df34318dd80d",
                            5532
                        ],
                        [
                            "sload",
                            "0x3",
                            "0x2fee17f575fa65c06f10ea2e63dbbc50730f145d",
                            4021
                        ],
                        [
                            "sload",
                            "0x4",
                            "0x66419eaef5de53cc5da0d8702b990c5bc7d1ab3",
                            3059
                        ],
                        [
                            "sload",
                            "0x7a129e36a25ee2acd9e04efc91bcecdc5163306955878ddce8e3a572e960a8d4",
                            "0x9fc573c502037b149ba87782acc81cf093ec6ef",
                            5153
                        ]
                    ],
                    "0x3577797668c6fe415b21bf85ba44df34318dd80d": [
                        [
                            "sload",
                            "0x6",
                            "0x6847259b2b3a4c17e7c43c54409810af48ba5210",
                            2695
                        ],
                        [
                            "sload",
                            "0x4",
                            "0xd4a11d5eeaac28ec3f61d100daf4d40471f1852",
                            2773
                        ],
                        [
                            "sload",
                            "0xa",
                            "0x6c3e4cb2e96b01f4b866965a91ed4437839a121a",
                            8148
                        ],
                        [
                            "sload",
                            "0x3",
                            "0x0",
                            2962
                        ],
                        [
                            "sload",
                            "0x6",
                            "0x6847259b2b3a4c17e7c43c54409810af48ba5210",
                            3000
                        ],
                        [
                            "sload",
                            "0x4",
                            "0xd4a11d5eeaac28ec3f61d100daf4d40471f1852",
                            3119
                        ],
                        [
                            "sload",
                            "0x2",
                            "0x0",
                            3156
                        ],
                        [
                            "sload",
                            "0x6",
                            "0x6847259b2b3a4c17e7c43c54409810af48ba5210",
                            3182
                        ],
                        [
                            "sload",
                            "0x4",
                            "0xd4a11d5eeaac28ec3f61d100daf4d40471f1852",
                            3119
                        ],
                        [
                            "sload",
                            "0x6",
                            "0x6847259b2b3a4c17e7c43c54409810af48ba5210",
                            3257
                        ],
                        [
                            "sload",
                            "0x4",
                            "0xd4a11d5eeaac28ec3f61d100daf4d40471f1852",
                            3261
                        ],
                        [
                            "sload",
                            "0x4",
                            "0xd4a11d5eeaac28ec3f61d100daf4d40471f1852",
                            3492
                        ]
                    ],
                    "0x0d4a11d5eeaac28ec3f61d100daf4d40471f1852": [
                        [
                            "sload",
                            "0xd4ba7601e7ea51a3f93503d2660b007b2854d310dea4e8a7ca3911bec8515b20",
                            "0x0",
                            5082
                        ],
                        [
                            "sload",
                            "0x76b6f775715630ac0d09ee76cbc8e832ab5eaced5b0d366c018bd5f18884c344",
                            "0x36bb48075fdb1f87",
                            9777
                        ],
                        [
                            "sstore",
                            "0x76b6f775715630ac0d09ee76cbc8e832ab5eaced5b0d366c018bd5f18884c344",
                            "0x369ecb9ae12d0c1f",
                            9836
                        ],
                        [
                            "sload",
                            "0xd4ba7601e7ea51a3f93503d2660b007b2854d310dea4e8a7ca3911bec8515b20",
                            "0x0",
                            9843
                        ],
                        [
                            "sstore",
                            "0xd4ba7601e7ea51a3f93503d2660b007b2854d310dea4e8a7ca3911bec8515b20",
                            "0x1c7c6c7eae1368",
                            9905
                        ],
                        [
                            "sload",
                            "0xd4ba7601e7ea51a3f93503d2660b007b2854d310dea4e8a7ca3911bec8515b20",
                            "0x1c7c6c7eae1368",
                            9777
                        ],
                        [
                            "sstore",
                            "0xd4ba7601e7ea51a3f93503d2660b007b2854d310dea4e8a7ca3911bec8515b20",
                            "0x1c7c6c7eae1368",
                            9836
                        ],
                        [
                            "sload",
                            "0xbac776f890089b7d035e99f6adef67a6c0f54aaa8fdf67c8027d1d26e0a908d8",
                            "0x7fa2683461004",
                            9843
                        ],
                        [
                            "sstore",
                            "0xbac776f890089b7d035e99f6adef67a6c0f54aaa8fdf67c8027d1d26e0a908d8",
                            "0x7fa2683461004",
                            9905
                        ],
                        [
                            "sload",
                            "0xd4ba7601e7ea51a3f93503d2660b007b2854d310dea4e8a7ca3911bec8515b20",
                            "0x1c7c6c7eae1368",
                            9777
                        ],
                        [
                            "sstore",
                            "0xd4ba7601e7ea51a3f93503d2660b007b2854d310dea4e8a7ca3911bec8515b20",
                            "0x1c7c6c7eae1368",
                            9836
                        ],
                        [
                            "sload",
                            "0xd1e422f9ab54b76fb64000bd8b03b4455886cd532879bd1b18475a504fac4202",
                            "0x8d17d363ddc98",
                            9843
                        ],
                        [
                            "sstore",
                            "0xd1e422f9ab54b76fb64000bd8b03b4455886cd532879bd1b18475a504fac4202",
                            "0x8d17d363ddc98",
                            9905
                        ],
                        [
                            "sload",
                            "0xd4ba7601e7ea51a3f93503d2660b007b2854d310dea4e8a7ca3911bec8515b20",
                            "0x1c7c6c7eae1368",
                            9777
                        ],
                        [
                            "sstore",
                            "0xd4ba7601e7ea51a3f93503d2660b007b2854d310dea4e8a7ca3911bec8515b20",
                            "0x0",
                            9836
                        ],
                        [
                            "sload",
                            "0xf8095675c0c1cef7bac6f166b57288197c9e0beb54caef0f863dc41dcd40f129",
                            "0x0",
                            9843
                        ],
                        [
                            "sstore",
                            "0xf8095675c0c1cef7bac6f166b57288197c9e0beb54caef0f863dc41dcd40f129",
                            "0x1c7c6c7eae1368",
                            9905
                        ]
                    ],
                    "0x6c3e4cb2e96b01f4b866965a91ed4437839a121a": [
                        [
                            "sload",
                            "0x1",
                            "0x88ad",
                            1145
                        ],
                        [
                            "sstore",
                            "0x1",
                            "0x88ae",
                            1151
                        ],
                        [
                            "sload",
                            "0xb",
                            "0x36bb48075fdb1f87",
                            3426
                        ],
                        [
                            "sload",
                            "0xb",
                            "0x36bb48075fdb1f87",
                            3452
                        ],
                        [
                            "sload",
                            "0x5",
                            "0xd629d4107c530fc",
                            3470
                        ],
                        [
                            "sload",
                            "0x7",
                            "0x5fb312b2",
                            3476
                        ],
                        [
                            "sload",
                            "0x4",
                            "0x5fb312b2",
                            2875
                        ],
                        [
                            "sload",
                            "0x8",
                            "0x718d4e707719c68898d4",
                            3499
                        ],
                        [
                            "sstore",
                            "0x8",
                            "0x718d4e707719c68898d4",
                            1163
                        ],
                        [
                            "sload",
                            "0x4",
                            "0x5fb312b2",
                            2875
                        ],
                        [
                            "sstore",
                            "0x7",
                            "0x5fb312b2",
                            1174
                        ],
                        [
                            "sload",
                            "0xd7f6bb6700c469f8093874d67ca40f42c0d6fffe2ea6f96dd70939b502e8a2e1",
                            "0x96ad67e573558b476",
                            951
                        ],
                        [
                            "sload",
                            "0x54711a0bbc6cda1004d4ddddcd4e3cf6e9bb25f290abf6cc0cafcfdc4d20705",
                            "0x718d4e707719c68898d4",
                            959
                        ],
                        [
                            "sload",
                            "0xb",
                            "0x36bb48075fdb1f87",
                            3426
                        ],
                        [
                            "sload",
                            "0xb",
                            "0x36bb48075fdb1f87",
                            3452
                        ],
                        [
                            "sload",
                            "0x5",
                            "0xd629d4107c530fc",
                            3470
                        ],
                        [
                            "sload",
                            "0x7",
                            "0x5fb312b2",
                            3476
                        ],
                        [
                            "sload",
                            "0x4",
                            "0x5fb312b2",
                            2875
                        ],
                        [
                            "sload",
                            "0x8",
                            "0x718d4e707719c68898d4",
                            3499
                        ],
                        [
                            "sload",
                            "0xa0f2259a3410613182d73e63ab288dff78061b242bbe95e2d280412ca795cb8",
                            "0x2a64ead9314c0db",
                            1044
                        ],
                        [
                            "sstore",
                            "0xd7f6bb6700c469f8093874d67ca40f42c0d6fffe2ea6f96dd70939b502e8a2e1",
                            "0x96ad67e573558b476",
                            1255
                        ],
                        [
                            "sload",
                            "0x8",
                            "0x718d4e707719c68898d4",
                            1258
                        ],
                        [
                            "sstore",
                            "0x54711a0bbc6cda1004d4ddddcd4e3cf6e9bb25f290abf6cc0cafcfdc4d20705",
                            "0x718d4e707719c68898d4",
                            1267
                        ],
                        [
                            "sload",
                            "0xb",
                            "0x36bb48075fdb1f87",
                            1382
                        ],
                        [
                            "sstore",
                            "0xb",
                            "0x369ecb9ae12d0c1f",
                            1401
                        ],
                        [
                            "sload",
                            "0xa0f2259a3410613182d73e63ab288dff78061b242bbe95e2d280412ca795cb8",
                            "0x2a64ead9314c0db",
                            1417
                        ],
                        [
                            "sstore",
                            "0xa0f2259a3410613182d73e63ab288dff78061b242bbe95e2d280412ca795cb8",
                            "0x289d2411466ad73",
                            1452
                        ],
                        [
                            "sload",
                            "0x3",
                            "0xd4a11d5eeaac28ec3f61d100daf4d40471f1852",
                            1455
                        ],
                        [
                            "sload",
                            "0x1",
                            "0x88ae",
                            1548
                        ]
                    ]
                }
            ],
            [
                "0x6847259b2b3a4c17e7c43c54409810af48ba5210",
                "0x8d8f1e67",
                "complete",
                3979,
                4076,
                "staticcall",
                {
                    "0x6847259b2b3a4c17e7c43c54409810af48ba5210": [
                        [
                            "sload",
                            "0x3",
                            "0x2fee17f575fa65c06f10ea2e63dbbc50730f145d",
                            4021
                        ]
                    ]
                }
            ],
            [
                "0x6847259b2b3a4c17e7c43c54409810af48ba5210",
                "0x61d027b3",
                "complete",
                4876,
                4964,
                "staticcall",
                {
                    "0x6847259b2b3a4c17e7c43c54409810af48ba5210": [
                        [
                            "sload",
                            "0x4",
                            "0x66419eaef5de53cc5da0d8702b990c5bc7d1ab3",
                            3059
                        ]
                    ]
                }
            ],
            [
                "0x6847259b2b3a4c17e7c43c54409810af48ba5210",
                "0xca6a48c2",
                "complete",
                5666,
                5822,
                "staticcall",
                {
                    "0x6847259b2b3a4c17e7c43c54409810af48ba5210": [
                        [
                            "sload",
                            "0x7a129e36a25ee2acd9e04efc91bcecdc5163306955878ddce8e3a572e960a8d4",
                            "0x9fc573c502037b149ba87782acc81cf093ec6ef",
                            5153
                        ]
                    ]
                }
            ]
        ],
        []
    ]
}