{
    "0x30455f02c7134190bf5a849ee1e8be5fb9102f73b88bc8a9bf8c021464cb0047": [
        [
            [
                "0x6847259b2b3a4c17e7c43c54409810af48ba5210",
                "0x70a08231",
                "complete",
                148,
                854,
                "staticcall",
                {
                    "0x6847259b2b3a4c17e7c43c54409810af48ba5210": [
                        [
                            "sload",
                            "0x743996f17ae02de9bc85b67ac309d0e63831ac3398d87a084e04c025824ee8f6",
                            "0xd8de542d2140eecc49ffdf056e51aa9261f974d6",
                            3569
                        ]
                    ],
                    "0xd8de542d2140eecc49ffdf056e51aa9261f974d6": [
                        [
                            "sload",
                            "0xa",
                            "0xca35e32e7926b96a9988f61d510e038108d8068e",
                            2235
                        ],
                        [
                            "sload",
                            "0x4",
                            "0xbb2b8038a1640196fbe3e38816f3e67cba72d940",
                            6895
                        ]
                    ],
                    "0xca35e32e7926b96a9988f61d510e038108d8068e": [
                        [
                            "sload",
                            "0x89205eda8af5398cb991bd552fcc72888b59dede0a3a6d6f2b6cc0d567d58e96",
                            "0xae76f6cbb6cf6",
                            2829
                        ]
                    ],
                    "0xbb2b8038a1640196fbe3e38816f3e67cba72d940": [
                        [
                            "sload",
                            "0xd8555b7fda317ad4337bd06ae05586634bd8472c884f27857c167484c856bc43",
                            "0x0",
                            5082
                        ]
                    ]
                }
            ],
            [
                "0x6847259b2b3a4c17e7c43c54409810af48ba5210",
                "0xf3fef3a3",
                "complete",
                1685,
                6459,
                "call",
                {
                    "0x6847259b2b3a4c17e7c43c54409810af48ba5210": [
                        [
                            "sload",
                            "0xa2de2acf5126306e01367fc1383c13d00babe94c0f76c6830a4a216b2f7ac91e",
                            "0xc80090aa05374d336875907372ee4ee636cbc562",
                            5473
                        ],
                        [
                            "sload",
                            "0x743996f17ae02de9bc85b67ac309d0e63831ac3398d87a084e04c025824ee8f6",
                            "0xd8de542d2140eecc49ffdf056e51aa9261f974d6",
                            5532
                        ],
                        [
                            "sload",
                            "0x3",
                            "0x2fee17f575fa65c06f10ea2e63dbbc50730f145d",
                            4021
                        ],
                        [
                            "sload",
                            "0x4",
                            "0x66419eaef5de53cc5da0d8702b990c5bc7d1ab3",
                            3059
                        ],
                        [
                            "sload",
                            "0xa2de2acf5126306e01367fc1383c13d00babe94c0f76c6830a4a216b2f7ac91e",
                            "0xc80090aa05374d336875907372ee4ee636cbc562",
                            5153
                        ]
                    ],
                    "0xd8de542d2140eecc49ffdf056e51aa9261f974d6": [
                        [
                            "sload",
                            "0x6",
                            "0x6847259b2b3a4c17e7c43c54409810af48ba5210",
                            2695
                        ],
                        [
                            "sload",
                            "0x4",
                            "0xbb2b8038a1640196fbe3e38816f3e67cba72d940",
                            2773
                        ],
                        [
                            "sload",
                            "0xa",
                            "0xca35e32e7926b96a9988f61d510e038108d8068e",
                            8148
                        ],
                        [
                            "sload",
                            "0x3",
                            "0x0",
                            2962
                        ],
                        [
                            "sload",
                            "0x6",
                            "0x6847259b2b3a4c17e7c43c54409810af48ba5210",
                            3000
                        ],
                        [
                            "sload",
                            "0x4",
                            "0xbb2b8038a1640196fbe3e38816f3e67cba72d940",
                            3119
                        ],
                        [
                            "sload",
                            "0x2",
                            "0x0",
                            3156
                        ],
                        [
                            "sload",
                            "0x6",
                            "0x6847259b2b3a4c17e7c43c54409810af48ba5210",
                            3182
                        ],
                        [
                            "sload",
                            "0x4",
                            "0xbb2b8038a1640196fbe3e38816f3e67cba72d940",
                            3119
                        ],
                        [
                            "sload",
                            "0x6",
                            "0x6847259b2b3a4c17e7c43c54409810af48ba5210",
                            3257
                        ],
                        [
                            "sload",
                            "0x4",
                            "0xbb2b8038a1640196fbe3e38816f3e67cba72d940",
                            3261
                        ],
                        [
                            "sload",
                            "0x4",
                            "0xbb2b8038a1640196fbe3e38816f3e67cba72d940",
                            3492
                        ]
                    ],
                    "0xbb2b8038a1640196fbe3e38816f3e67cba72d940": [
                        [
                            "sload",
                            "0xd8555b7fda317ad4337bd06ae05586634bd8472c884f27857c167484c856bc43",
                            "0x0",
                            5082
                        ],
                        [
                            "sload",
                            "0xc145d3c6ceee6e9ec9b3c02615787300633c2d3943aba11b3f31d3ce0bff4351",
                            "0x3067dc06e7aad76",
                            9777
                        ],
                        [
                            "sstore",
                            "0xc145d3c6ceee6e9ec9b3c02615787300633c2d3943aba11b3f31d3ce0bff4351",
                            "0x30671d5f72c06e0",
                            9836
                        ],
                        [
                            "sload",
                            "0xd8555b7fda317ad4337bd06ae05586634bd8472c884f27857c167484c856bc43",
                            "0x0",
                            9843
                        ],
                        [
                            "sstore",
                            "0xd8555b7fda317ad4337bd06ae05586634bd8472c884f27857c167484c856bc43",
                            "0xbea774ea696",
                            9905
                        ],
                        [
                            "sload",
                            "0xd8555b7fda317ad4337bd06ae05586634bd8472c884f27857c167484c856bc43",
                            "0xbea774ea696",
                            9777
                        ],
                        [
                            "sstore",
                            "0xd8555b7fda317ad4337bd06ae05586634bd8472c884f27857c167484c856bc43",
                            "0xbea774ea696",
                            9836
                        ],
                        [
                            "sload",
                            "0xbac776f890089b7d035e99f6adef67a6c0f54aaa8fdf67c8027d1d26e0a908d8",
                            "0x1884a49a9adf",
                            9843
                        ],
                        [
                            "sstore",
                            "0xbac776f890089b7d035e99f6adef67a6c0f54aaa8fdf67c8027d1d26e0a908d8",
                            "0x1884a49a9adf",
                            9905
                        ],
                        [
                            "sload",
                            "0xd8555b7fda317ad4337bd06ae05586634bd8472c884f27857c167484c856bc43",
                            "0xbea774ea696",
                            9777
                        ],
                        [
                            "sstore",
                            "0xd8555b7fda317ad4337bd06ae05586634bd8472c884f27857c167484c856bc43",
                            "0xbea774ea696",
                            9836
                        ],
                        [
                            "sload",
                            "0xd1e422f9ab54b76fb64000bd8b03b4455886cd532879bd1b18475a504fac4202",
                            "0x3c62e2091eba",
                            9843
                        ],
                        [
                            "sstore",
                            "0xd1e422f9ab54b76fb64000bd8b03b4455886cd532879bd1b18475a504fac4202",
                            "0x3c62e2091eba",
                            9905
                        ],
                        [
                            "sload",
                            "0xd8555b7fda317ad4337bd06ae05586634bd8472c884f27857c167484c856bc43",
                            "0xbea774ea696",
                            9777
                        ],
                        [
                            "sstore",
                            "0xd8555b7fda317ad4337bd06ae05586634bd8472c884f27857c167484c856bc43",
                            "0x0",
                            9836
                        ],
                        [
                            "sload",
                            "0xa36f60334b5d53a4e68804382d4e5deaee2410a398dd8e9332c224e1a7359878",
                            "0x0",
                            9843
                        ],
                        [
                            "sstore",
                            "0xa36f60334b5d53a4e68804382d4e5deaee2410a398dd8e9332c224e1a7359878",
                            "0xbea774ea696",
                            9905
                        ]
                    ],
                    "0xca35e32e7926b96a9988f61d510e038108d8068e": [
                        [
                            "sload",
                            "0x1",
                            "0x8400",
                            1145
                        ],
                        [
                            "sstore",
                            "0x1",
                            "0x8401",
                            1151
                        ],
                        [
                            "sload",
                            "0xb",
                            "0x3067dc06e7aad76",
                            3426
                        ],
                        [
                            "sload",
                            "0xb",
                            "0x3067dc06e7aad76",
                            3452
                        ],
                        [
                            "sload",
                            "0x5",
                            "0xd629d4107c530fc",
                            3470
                        ],
                        [
                            "sload",
                            "0x7",
                            "0x5fb312b2",
                            3476
                        ],
                        [
                            "sload",
                            "0x4",
                            "0x5fb312b2",
                            2875
                        ],
                        [
                            "sload",
                            "0x8",
                            "0x34661939a6fcc6c857111",
                            3499
                        ],
                        [
                            "sstore",
                            "0x8",
                            "0x34661939a6fcc6c857111",
                            1163
                        ],
                        [
                            "sload",
                            "0x4",
                            "0x5fb312b2",
                            2875
                        ],
                        [
                            "sstore",
                            "0x7",
                            "0x5fb312b2",
                            1174
                        ],
                        [
                            "sload",
                            "0x5a9af9fdb4e452e6683a9ca0bb0650eb5de7541d29ce42918dcdc9c6413e321",
                            "0x7b11b6e0cb86455d1",
                            951
                        ],
                        [
                            "sload",
                            "0xac8d0f92dde75cbf249b6a7937a87ace2957d1de76e59b4820017e713bcd7a92",
                            "0x34661939a6fcc6c857111",
                            959
                        ],
                        [
                            "sload",
                            "0xb",
                            "0x3067dc06e7aad76",
                            3426
                        ],
                        [
                            "sload",
                            "0xb",
                            "0x3067dc06e7aad76",
                            3452
                        ],
                        [
                            "sload",
                            "0x5",
                            "0xd629d4107c530fc",
                            3470
                        ],
                        [
                            "sload",
                            "0x7",
                            "0x5fb312b2",
                            3476
                        ],
                        [
                            "sload",
                            "0x4",
                            "0x5fb312b2",
                            2875
                        ],
                        [
                            "sload",
                            "0x8",
                            "0x34661939a6fcc6c857111",
                            3499
                        ],
                        [
                            "sload",
                            "0x89205eda8af5398cb991bd552fcc72888b59dede0a3a6d6f2b6cc0d567d58e96",
                            "0xae76f6cbb6cf6",
                            1044
                        ],
                        [
                            "sstore",
                            "0x5a9af9fdb4e452e6683a9ca0bb0650eb5de7541d29ce42918dcdc9c6413e321",
                            "0x7b11b6e0cb86455d1",
                            1255
                        ],
                        [
                            "sload",
                            "0x8",
                            "0x34661939a6fcc6c857111",
                            1258
                        ],
                        [
                            "sstore",
                            "0xac8d0f92dde75cbf249b6a7937a87ace2957d1de76e59b4820017e713bcd7a92",
                            "0x34661939a6fcc6c857111",
                            1267
                        ],
                        [
                            "sload",
                            "0xb",
                            "0x3067dc06e7aad76",
                            1382
                        ],
                        [
                            "sstore",
                            "0xb",
                            "0x30671d5f72c06e0",
                            1401
                        ],
                        [
                            "sload",
                            "0x89205eda8af5398cb991bd552fcc72888b59dede0a3a6d6f2b6cc0d567d58e96",
                            "0xae76f6cbb6cf6",
                            1417
                        ],
                        [
                            "sstore",
                            "0x89205eda8af5398cb991bd552fcc72888b59dede0a3a6d6f2b6cc0d567d58e96",
                            "0xadb84f56cc660",
                            1452
                        ],
                        [
                            "sload",
                            "0x3",
                            "0xbb2b8038a1640196fbe3e38816f3e67cba72d940",
                            1455
                        ],
                        [
                            "sload",
                            "0x1",
                            "0x8401",
                            1548
                        ]
                    ]
                }
            ],
            [
                "0x6847259b2b3a4c17e7c43c54409810af48ba5210",
                "0x8d8f1e67",
                "complete",
                3825,
                3922,
                "staticcall",
                {
                    "0x6847259b2b3a4c17e7c43c54409810af48ba5210": [
                        [
                            "sload",
                            "0x3",
                            "0x2fee17f575fa65c06f10ea2e63dbbc50730f145d",
                            4021
                        ]
                    ]
                }
            ],
            [
                "0x6847259b2b3a4c17e7c43c54409810af48ba5210",
                "0x61d027b3",
                "complete",
                4722,
                4810,
                "staticcall",
                {
                    "0x6847259b2b3a4c17e7c43c54409810af48ba5210": [
                        [
                            "sload",
                            "0x4",
                            "0x66419eaef5de53cc5da0d8702b990c5bc7d1ab3",
                            3059
                        ]
                    ]
                }
            ],
            [
                "0x6847259b2b3a4c17e7c43c54409810af48ba5210",
                "0xca6a48c2",
                "complete",
                5512,
                5668,
                "staticcall",
                {
                    "0x6847259b2b3a4c17e7c43c54409810af48ba5210": [
                        [
                            "sload",
                            "0xa2de2acf5126306e01367fc1383c13d00babe94c0f76c6830a4a216b2f7ac91e",
                            "0xc80090aa05374d336875907372ee4ee636cbc562",
                            5153
                        ]
                    ]
                }
            ]
        ],
        []
    ]
}