{
    "0xdb8ce3ae4390652e77fb9d967da92417a48f00d58a5ac584462a2ae6654baa2d": [
        [
            [
                "0x6847259b2b3a4c17e7c43c54409810af48ba5210",
                "0x70a08231",
                "complete",
                3564,
                4417,
                "staticcall",
                {
                    "0x6847259b2b3a4c17e7c43c54409810af48ba5210": [
                        [
                            "sload",
                            "0xd0cfe7d085c19498d6dc204323940f904a1b472285503c09fd3e57aaabd6e273",
                            "0x8f01bb820bcd0b0b7d873862c531a88822747042",
                            3569
                        ]
                    ],
                    "0x8f01bb820bcd0b0b7d873862c531a88822747042": [
                        [
                            "sload",
                            "0xa",
                            "0xbfcf63294ad7105dea65aa58f8ae5be2d9d0952a",
                            2608
                        ],
                        [
                            "sload",
                            "0x4",
                            "0x6c3f90f043a72fa612cbac8115ee7e52bde6e490",
                            7250
                        ]
                    ],
                    "0xbfcf63294ad7105dea65aa58f8ae5be2d9d0952a": [
                        [
                            "sload",
                            "0xaf16b7c7cd2ffef84021d5f14955aceca6f23e2210df753ce8c9ae279da64338",
                            "0x180524db7ceecd7289b17a",
                            4840
                        ]
                    ],
                    "0x6c3f90f043a72fa612cbac8115ee7e52bde6e490": [
                        [
                            "sload",
                            "0x1b1a63b73761e273adae5f64c19ca36132ef0040c666c4d766137059d615b6aa",
                            "0x0",
                            2258
                        ]
                    ]
                }
            ],
            [
                "0x6847259b2b3a4c17e7c43c54409810af48ba5210",
                "0x70a08231",
                "complete",
                7119,
                7972,
                "staticcall",
                {
                    "0x6847259b2b3a4c17e7c43c54409810af48ba5210": [
                        [
                            "sload",
                            "0xd0cfe7d085c19498d6dc204323940f904a1b472285503c09fd3e57aaabd6e273",
                            "0x8f01bb820bcd0b0b7d873862c531a88822747042",
                            3569
                        ]
                    ],
                    "0x8f01bb820bcd0b0b7d873862c531a88822747042": [
                        [
                            "sload",
                            "0xa",
                            "0xbfcf63294ad7105dea65aa58f8ae5be2d9d0952a",
                            2608
                        ],
                        [
                            "sload",
                            "0x4",
                            "0x6c3f90f043a72fa612cbac8115ee7e52bde6e490",
                            7250
                        ]
                    ],
                    "0xbfcf63294ad7105dea65aa58f8ae5be2d9d0952a": [
                        [
                            "sload",
                            "0xaf16b7c7cd2ffef84021d5f14955aceca6f23e2210df753ce8c9ae279da64338",
                            "0x180524db7ceecd7289b17a",
                            4840
                        ]
                    ],
                    "0x6c3f90f043a72fa612cbac8115ee7e52bde6e490": [
                        [
                            "sload",
                            "0x1b1a63b73761e273adae5f64c19ca36132ef0040c666c4d766137059d615b6aa",
                            "0x0",
                            2258
                        ]
                    ]
                }
            ],
            [
                "0x6847259b2b3a4c17e7c43c54409810af48ba5210",
                "0x70a08231",
                "complete",
                12758,
                13611,
                "staticcall",
                {
                    "0x6847259b2b3a4c17e7c43c54409810af48ba5210": [
                        [
                            "sload",
                            "0xd0cfe7d085c19498d6dc204323940f904a1b472285503c09fd3e57aaabd6e273",
                            "0x8f01bb820bcd0b0b7d873862c531a88822747042",
                            3569
                        ]
                    ],
                    "0x8f01bb820bcd0b0b7d873862c531a88822747042": [
                        [
                            "sload",
                            "0xa",
                            "0xbfcf63294ad7105dea65aa58f8ae5be2d9d0952a",
                            2608
                        ],
                        [
                            "sload",
                            "0x4",
                            "0x6c3f90f043a72fa612cbac8115ee7e52bde6e490",
                            7250
                        ]
                    ],
                    "0xbfcf63294ad7105dea65aa58f8ae5be2d9d0952a": [
                        [
                            "sload",
                            "0xaf16b7c7cd2ffef84021d5f14955aceca6f23e2210df753ce8c9ae279da64338",
                            "0x180524db7ceecd7289b17a",
                            4840
                        ]
                    ],
                    "0x6c3f90f043a72fa612cbac8115ee7e52bde6e490": [
                        [
                            "sload",
                            "0x1b1a63b73761e273adae5f64c19ca36132ef0040c666c4d766137059d615b6aa",
                            "0x0",
                            2258
                        ]
                    ]
                }
            ]
        ],
        []
    ]
}