{
    "0xcd5c861354b9686689d50f693d8d62ec2a62300b23546b3da1d88441544a9cff": [
        [
            [
                "0xa80e737ded94e8d2483ec8d2e52892d9eb94cf1f",
                "0xaa5af0fd",
                "complete",
                3505,
                3575,
                "staticcall",
                {
                    "0xa80e737ded94e8d2483ec8d2e52892d9eb94cf1f": [
                        [
                            "sload",
                            "0xa",
                            "0xde0c692e82fe1bd",
                            6176
                        ]
                    ]
                }
            ],
            [
                "0xa80e737ded94e8d2483ec8d2e52892d9eb94cf1f",
                "0x47bd3718",
                "complete",
                3773,
                3859,
                "staticcall",
                {
                    "0xa80e737ded94e8d2483ec8d2e52892d9eb94cf1f": [
                        [
                            "sload",
                            "0xb",
                            "0x0",
                            4104
                        ]
                    ]
                }
            ],
            [
                "0xa80e737ded94e8d2483ec8d2e52892d9eb94cf1f",
                "0x18160ddd",
                "complete",
                4853,
                4945,
                "staticcall",
                {
                    "0xa80e737ded94e8d2483ec8d2e52892d9eb94cf1f": [
                        [
                            "sload",
                            "0xd",
                            "0x537315acf1800",
                            3131
                        ]
                    ]
                }
            ],
            [
                "0xa80e737ded94e8d2483ec8d2e52892d9eb94cf1f",
                "0x70a08231",
                "complete",
                5959,
                6073,
                "staticcall",
                {
                    "0xa80e737ded94e8d2483ec8d2e52892d9eb94cf1f": [
                        [
                            "sload",
                            "0x74fa5762c411d5a07be6df1f8c0eb07955894bc2aeaded730ec53c2f0952ab7a",
                            "0x536f725a5d400",
                            4322
                        ]
                    ]
                }
            ],
            [
                "0x5e181bdde2fa8af7265cb3124735e9a13779c021",
                "0xaa5af0fd",
                "complete",
                7613,
                7683,
                "staticcall",
                {
                    "0x5e181bdde2fa8af7265cb3124735e9a13779c021": [
                        [
                            "sload",
                            "0xa",
                            "0xde0cd275eab7916",
                            6176
                        ]
                    ]
                }
            ],
            [
                "0x5e181bdde2fa8af7265cb3124735e9a13779c021",
                "0x47bd3718",
                "complete",
                7881,
                7967,
                "staticcall",
                {
                    "0x5e181bdde2fa8af7265cb3124735e9a13779c021": [
                        [
                            "sload",
                            "0xb",
                            "0x0",
                            4104
                        ]
                    ]
                }
            ],
            [
                "0x5e181bdde2fa8af7265cb3124735e9a13779c021",
                "0x18160ddd",
                "complete",
                8961,
                9053,
                "staticcall",
                {
                    "0x5e181bdde2fa8af7265cb3124735e9a13779c021": [
                        [
                            "sload",
                            "0xd",
                            "0x5455d7507e500",
                            3131
                        ]
                    ]
                }
            ],
            [
                "0x5e181bdde2fa8af7265cb3124735e9a13779c021",
                "0x70a08231",
                "complete",
                10067,
                10181,
                "staticcall",
                {
                    "0x5e181bdde2fa8af7265cb3124735e9a13779c021": [
                        [
                            "sload",
                            "0x74fa5762c411d5a07be6df1f8c0eb07955894bc2aeaded730ec53c2f0952ab7a",
                            "0x0",
                            4322
                        ]
                    ]
                }
            ],
            [
                "0x4c2a8a820940003cfe4a16294b239c8c55f29695",
                "0xaa5af0fd",
                "complete",
                10628,
                10698,
                "staticcall",
                {
                    "0x4c2a8a820940003cfe4a16294b239c8c55f29695": [
                        [
                            "sload",
                            "0xa",
                            "0xde0d0342704d77e",
                            6176
                        ]
                    ]
                }
            ],
            [
                "0x4c2a8a820940003cfe4a16294b239c8c55f29695",
                "0x47bd3718",
                "complete",
                10896,
                10982,
                "staticcall",
                {
                    "0x4c2a8a820940003cfe4a16294b239c8c55f29695": [
                        [
                            "sload",
                            "0xb",
                            "0x0",
                            4104
                        ]
                    ]
                }
            ],
            [
                "0x4c2a8a820940003cfe4a16294b239c8c55f29695",
                "0x18160ddd",
                "complete",
                11976,
                12068,
                "staticcall",
                {
                    "0x4c2a8a820940003cfe4a16294b239c8c55f29695": [
                        [
                            "sload",
                            "0xd",
                            "0x616ab8d6fc4f8",
                            3131
                        ]
                    ]
                }
            ],
            [
                "0x4c2a8a820940003cfe4a16294b239c8c55f29695",
                "0x70a08231",
                "complete",
                13082,
                13196,
                "staticcall",
                {
                    "0x4c2a8a820940003cfe4a16294b239c8c55f29695": [
                        [
                            "sload",
                            "0x74fa5762c411d5a07be6df1f8c0eb07955894bc2aeaded730ec53c2f0952ab7a",
                            "0x0",
                            4322
                        ]
                    ]
                }
            ]
        ],
        []
    ]
}