{
    "0x1705ec74701a12d4778718818ee5e65e06541bc94c2ceb9d1ca9deaf5c1063af": [
        [
            [
                "0x6461e964d687e7ca3082becc595d079c6c775ac8",
                "0x89afb5b7",
                "complete",
                230,
                1575,
                "staticcall",
                {
                    "0x6461e964d687e7ca3082becc595d079c6c775ac8": [
                        [
                            "sload",
                            "0x9f43fe7f4c655e385b198003e595b6958d4fa1901d8e425e54e1fda4a402dc52",
                            "0xfecaa02c9c6153695fa8921bc00f7544e3f12d8b",
                            237,
                            305
                        ],
                        [
                            "sload",
                            "0x69",
                            "0x4e3b31eb0e5cb73641ee1e65e7dcefe520ba3ef2",
                            18822,
                            390
                        ],
                        [
                            "sload",
                            "0x6b",
                            "0x7cd5e2d0056a7a7f09cbb86e540ef4f6dccc97dd",
                            19055,
                            656
                        ],
                        [
                            "sload",
                            "0x69",
                            "0x4e3b31eb0e5cb73641ee1e65e7dcefe520ba3ef2",
                            14425,
                            890
                        ],
                        [
                            "sload",
                            "0x6b",
                            "0x7cd5e2d0056a7a7f09cbb86e540ef4f6dccc97dd",
                            14658,
                            1156
                        ]
                    ],
                    "0x4e3b31eb0e5cb73641ee1e65e7dcefe520ba3ef2": [
                        [
                            "sload",
                            "0x2",
                            "0x61166014e3f04e40c953fe4eab9d9e40863c83ae",
                            112,
                            500
                        ],
                        [
                            "sload",
                            "0x2",
                            "0x61166014e3f04e40c953fe4eab9d9e40863c83ae",
                            112,
                            1000
                        ]
                    ],
                    "0x61166014e3f04e40c953fe4eab9d9e40863c83ae": [
                        [
                            "sload",
                            "0x3a9bbf3e5b8c050f68e0b6554fb2b10cb0cc724edefb516f37f1243e161c445a",
                            "0xb671f2210b1f6621a2607ea63e6b2dc3e2464d1f",
                            843,
                            571
                        ],
                        [
                            "sload",
                            "0x51f38688f87154c662604be3141634be357ad12d2dc09472c85be2e8f008ad89",
                            "0x6eb3ac83701f624baefbc50db654b53d1f51dc94",
                            843,
                            1071
                        ]
                    ],
                    "0xb671f2210b1f6621a2607ea63e6b2dc3e2464d1f": [
                        [
                            "sload",
                            "0x8320c8f71797a5781ba9147363d2cb7744e0515a95372254e05e49029ef5a06",
                            "0x8092a86a8a4ff3115d",
                            2685,
                            822
                        ]
                    ],
                    "0x6eb3ac83701f624baefbc50db654b53d1f51dc94": [
                        [
                            "sload",
                            "0x7",
                            "0x5b1b5fea1b99d83ad479df0c222f0492385381dd",
                            9903,
                            1277
                        ]
                    ],
                    "0x5b1b5fea1b99d83ad479df0c222f0492385381dd": [
                        [
                            "sload",
                            "0x61a83ba1c9dd1ed7aff0f2e795b1c490864715ea4a493c91292181bc982b04ef",
                            "0x18276ad80667bc065d93",
                            788,
                            1398
                        ]
                    ]
                }
            ],
            [
                "0x6461e964d687e7ca3082becc595d079c6c775ac8",
                "0x2bdbe219",
                "complete",
                7699,
                26787,
                "staticcall",
                {
                    "0x6461e964d687e7ca3082becc595d079c6c775ac8": [
                        [
                            "sload",
                            "0x9f43fe7f4c655e385b198003e595b6958d4fa1901d8e425e54e1fda4a402dc52",
                            "0xfecaa02c9c6153695fa8921bc00f7544e3f12d8b",
                            237,
                            7768
                        ],
                        [
                            "sload",
                            "0x69",
                            "0x4e3b31eb0e5cb73641ee1e65e7dcefe520ba3ef2",
                            18275,
                            7900
                        ],
                        [
                            "sload",
                            "0x69",
                            "0x4e3b31eb0e5cb73641ee1e65e7dcefe520ba3ef2",
                            18275,
                            10010
                        ],
                        [
                            "sload",
                            "0x6b",
                            "0x7cd5e2d0056a7a7f09cbb86e540ef4f6dccc97dd",
                            8244,
                            12353
                        ],
                        [
                            "sload",
                            "0x6d",
                            "0x93e01899c10532d76c0e864537a1d26433dbbddb",
                            22431,
                            12399
                        ],
                        [
                            "sload",
                            "0x6d",
                            "0x93e01899c10532d76c0e864537a1d26433dbbddb",
                            22431,
                            12799
                        ],
                        [
                            "sload",
                            "0x6d",
                            "0x93e01899c10532d76c0e864537a1d26433dbbddb",
                            17520,
                            13434
                        ],
                        [
                            "sload",
                            "0x6d",
                            "0x93e01899c10532d76c0e864537a1d26433dbbddb",
                            16890,
                            13626
                        ],
                        [
                            "sload",
                            "0x6d",
                            "0x93e01899c10532d76c0e864537a1d26433dbbddb",
                            16631,
                            13830
                        ],
                        [
                            "sload",
                            "0x6b",
                            "0x7cd5e2d0056a7a7f09cbb86e540ef4f6dccc97dd",
                            16693,
                            13844
                        ],
                        [
                            "sload",
                            "0x73",
                            "0xc02aaa39b223fe8d0a0e5c4f27ead9083c756cc2",
                            18135,
                            14388
                        ],
                        [
                            "sload",
                            "0x6d",
                            "0x93e01899c10532d76c0e864537a1d26433dbbddb",
                            22431,
                            14417
                        ],
                        [
                            "sload",
                            "0x71",
                            "0x7345544800000000000000000000000000000000000000000000000000000000",
                            18258,
                            15077
                        ],
                        [
                            "sload",
                            "0x6d",
                            "0x93e01899c10532d76c0e864537a1d26433dbbddb",
                            22431,
                            15106
                        ],
                        [
                            "sload",
                            "0x69",
                            "0x4e3b31eb0e5cb73641ee1e65e7dcefe520ba3ef2",
                            18275,
                            15765
                        ],
                        [
                            "sload",
                            "0x69",
                            "0x4e3b31eb0e5cb73641ee1e65e7dcefe520ba3ef2",
                            18275,
                            17851
                        ],
                        [
                            "sload",
                            "0x69",
                            "0x4e3b31eb0e5cb73641ee1e65e7dcefe520ba3ef2",
                            14855,
                            20542
                        ],
                        [
                            "sload",
                            "0x6b",
                            "0x7cd5e2d0056a7a7f09cbb86e540ef4f6dccc97dd",
                            15088,
                            20808
                        ],
                        [
                            "sload",
                            "0x69",
                            "0x4e3b31eb0e5cb73641ee1e65e7dcefe520ba3ef2",
                            18275,
                            24166
                        ]
                    ],
                    "0x4e3b31eb0e5cb73641ee1e65e7dcefe520ba3ef2": [
                        [
                            "sload",
                            "0x2",
                            "0x61166014e3f04e40c953fe4eab9d9e40863c83ae",
                            112,
                            8010
                        ],
                        [
                            "sload",
                            "0x2",
                            "0x61166014e3f04e40c953fe4eab9d9e40863c83ae",
                            112,
                            10120
                        ],
                        [
                            "sload",
                            "0x2",
                            "0x61166014e3f04e40c953fe4eab9d9e40863c83ae",
                            112,
                            15875
                        ],
                        [
                            "sload",
                            "0x2",
                            "0x61166014e3f04e40c953fe4eab9d9e40863c83ae",
                            112,
                            17961
                        ],
                        [
                            "sload",
                            "0x2",
                            "0x61166014e3f04e40c953fe4eab9d9e40863c83ae",
                            112,
                            20652
                        ],
                        [
                            "sload",
                            "0x2",
                            "0x61166014e3f04e40c953fe4eab9d9e40863c83ae",
                            112,
                            24276
                        ]
                    ],
                    "0x61166014e3f04e40c953fe4eab9d9e40863c83ae": [
                        [
                            "sload",
                            "0xe931ecf99842d82a079c6bd06e7d927682e36c6a2e936c3ef8c9f06bc526257c",
                            "0xda80e6024bc82c9fe9e4e6760a9769cf0d231e80",
                            843,
                            8081
                        ],
                        [
                            "sload",
                            "0xe931ecf99842d82a079c6bd06e7d927682e36c6a2e936c3ef8c9f06bc526257c",
                            "0xda80e6024bc82c9fe9e4e6760a9769cf0d231e80",
                            843,
                            10191
                        ],
                        [
                            "sload",
                            "0xe931ecf99842d82a079c6bd06e7d927682e36c6a2e936c3ef8c9f06bc526257c",
                            "0xda80e6024bc82c9fe9e4e6760a9769cf0d231e80",
                            843,
                            15946
                        ],
                        [
                            "sload",
                            "0xe931ecf99842d82a079c6bd06e7d927682e36c6a2e936c3ef8c9f06bc526257c",
                            "0xda80e6024bc82c9fe9e4e6760a9769cf0d231e80",
                            843,
                            18032
                        ],
                        [
                            "sload",
                            "0x51f38688f87154c662604be3141634be357ad12d2dc09472c85be2e8f008ad89",
                            "0x6eb3ac83701f624baefbc50db654b53d1f51dc94",
                            843,
                            20723
                        ],
                        [
                            "sload",
                            "0xe931ecf99842d82a079c6bd06e7d927682e36c6a2e936c3ef8c9f06bc526257c",
                            "0xda80e6024bc82c9fe9e4e6760a9769cf0d231e80",
                            843,
                            24347
                        ]
                    ],
                    "0xda80e6024bc82c9fe9e4e6760a9769cf0d231e80": [
                        [
                            "sload",
                            "0xaed38ed8c535b37c77d81901c4396980a8c65c930ad46166e3caf3d78e9f9510",
                            "0xdc3ea94cd0ac27d9a86c180091e7f78c683d3699",
                            12447,
                            8332
                        ],
                        [
                            "sload",
                            "0xc0b8fd659534e7f9987adb32be218b55bd1cfb503e38ba7228207493b0afd6e2",
                            "0x8",
                            15993,
                            9586
                        ],
                        [
                            "sload",
                            "0xc0b8fd659534e7f9987adb32be218b55bd1cfb503e38ba7228207493b0afd6e2",
                            "0x8",
                            16016,
                            9602
                        ],
                        [
                            "sload",
                            "0x70546a78fdb0dd405ad9bd8816369c8ecc8c21b7d00792b368ab0c1625c52846",
                            "0x0",
                            16099,
                            9747
                        ],
                        [
                            "sload",
                            "0x70546a78fdb0dd405ad9bd8816369c8ecc8c21b7d00792b368ab0c1625c52847",
                            "0x0",
                            16107,
                            9754
                        ],
                        [
                            "sload",
                            "0x70546a78fdb0dd405ad9bd8816369c8ecc8c21b7d00792b368ab0c1625c52848",
                            "0x0",
                            16119,
                            9765
                        ],
                        [
                            "sload",
                            "0x70546a78fdb0dd405ad9bd8816369c8ecc8c21b7d00792b368ab0c1625c52849",
                            "0x0",
                            16130,
                            9775
                        ],
                        [
                            "sload",
                            "0xe293e4b088f7e9eb5d95d32477b5deccaff9fa87cfabb4656b7836cb9f8d1e0e",
                            "0x5f4ec3df9cbd43714fe2740f5e3616155c5b8419",
                            12447,
                            10442
                        ],
                        [
                            "sload",
                            "0x93d33525b4169d21fe991d40d100b3a7774323b7344bcc9d6cbd3893a3c59167",
                            "0x8",
                            15993,
                            11672
                        ],
                        [
                            "sload",
                            "0x93d33525b4169d21fe991d40d100b3a7774323b7344bcc9d6cbd3893a3c59167",
                            "0x8",
                            16016,
                            11688
                        ],
                        [
                            "sload",
                            "0x151bcf36d3896a788df4ddbe5c4bd249b2dce608091a9782db524aab3c91ec9f",
                            "0x0",
                            16099,
                            11833
                        ],
                        [
                            "sload",
                            "0x151bcf36d3896a788df4ddbe5c4bd249b2dce608091a9782db524aab3c91eca0",
                            "0x0",
                            16107,
                            11840
                        ],
                        [
                            "sload",
                            "0x151bcf36d3896a788df4ddbe5c4bd249b2dce608091a9782db524aab3c91eca1",
                            "0x0",
                            16119,
                            11851
                        ],
                        [
                            "sload",
                            "0x151bcf36d3896a788df4ddbe5c4bd249b2dce608091a9782db524aab3c91eca2",
                            "0x0",
                            16130,
                            11861
                        ],
                        [
                            "sload",
                            "0xe293e4b088f7e9eb5d95d32477b5deccaff9fa87cfabb4656b7836cb9f8d1e0e",
                            "0x5f4ec3df9cbd43714fe2740f5e3616155c5b8419",
                            12447,
                            16197
                        ],
                        [
                            "sload",
                            "0x93d33525b4169d21fe991d40d100b3a7774323b7344bcc9d6cbd3893a3c59167",
                            "0x8",
                            15993,
                            17427
                        ],
                        [
                            "sload",
                            "0x93d33525b4169d21fe991d40d100b3a7774323b7344bcc9d6cbd3893a3c59167",
                            "0x8",
                            16016,
                            17443
                        ],
                        [
                            "sload",
                            "0x151bcf36d3896a788df4ddbe5c4bd249b2dce608091a9782db524aab3c91ec9f",
                            "0x0",
                            16099,
                            17588
                        ],
                        [
                            "sload",
                            "0x151bcf36d3896a788df4ddbe5c4bd249b2dce608091a9782db524aab3c91eca0",
                            "0x0",
                            16107,
                            17595
                        ],
                        [
                            "sload",
                            "0x151bcf36d3896a788df4ddbe5c4bd249b2dce608091a9782db524aab3c91eca1",
                            "0x0",
                            16119,
                            17606
                        ],
                        [
                            "sload",
                            "0x151bcf36d3896a788df4ddbe5c4bd249b2dce608091a9782db524aab3c91eca2",
                            "0x0",
                            16130,
                            17616
                        ],
                        [
                            "sload",
                            "0xe293e4b088f7e9eb5d95d32477b5deccaff9fa87cfabb4656b7836cb9f8d1e0e",
                            "0x5f4ec3df9cbd43714fe2740f5e3616155c5b8419",
                            12447,
                            18283
                        ],
                        [
                            "sload",
                            "0x93d33525b4169d21fe991d40d100b3a7774323b7344bcc9d6cbd3893a3c59167",
                            "0x8",
                            15993,
                            19513
                        ],
                        [
                            "sload",
                            "0x93d33525b4169d21fe991d40d100b3a7774323b7344bcc9d6cbd3893a3c59167",
                            "0x8",
                            16016,
                            19529
                        ],
                        [
                            "sload",
                            "0x151bcf36d3896a788df4ddbe5c4bd249b2dce608091a9782db524aab3c91ec9f",
                            "0x0",
                            16099,
                            19674
                        ],
                        [
                            "sload",
                            "0x151bcf36d3896a788df4ddbe5c4bd249b2dce608091a9782db524aab3c91eca0",
                            "0x0",
                            16107,
                            19681
                        ],
                        [
                            "sload",
                            "0x151bcf36d3896a788df4ddbe5c4bd249b2dce608091a9782db524aab3c91eca1",
                            "0x0",
                            16119,
                            19692
                        ],
                        [
                            "sload",
                            "0x151bcf36d3896a788df4ddbe5c4bd249b2dce608091a9782db524aab3c91eca2",
                            "0x0",
                            16130,
                            19702
                        ],
                        [
                            "sload",
                            "0xe293e4b088f7e9eb5d95d32477b5deccaff9fa87cfabb4656b7836cb9f8d1e0e",
                            "0x5f4ec3df9cbd43714fe2740f5e3616155c5b8419",
                            12447,
                            24598
                        ],
                        [
                            "sload",
                            "0x93d33525b4169d21fe991d40d100b3a7774323b7344bcc9d6cbd3893a3c59167",
                            "0x8",
                            15993,
                            25828
                        ],
                        [
                            "sload",
                            "0x93d33525b4169d21fe991d40d100b3a7774323b7344bcc9d6cbd3893a3c59167",
                            "0x8",
                            16016,
                            25844
                        ],
                        [
                            "sload",
                            "0x151bcf36d3896a788df4ddbe5c4bd249b2dce608091a9782db524aab3c91ec9f",
                            "0x0",
                            16099,
                            25989
                        ],
                        [
                            "sload",
                            "0x151bcf36d3896a788df4ddbe5c4bd249b2dce608091a9782db524aab3c91eca0",
                            "0x0",
                            16107,
                            25996
                        ],
                        [
                            "sload",
                            "0x151bcf36d3896a788df4ddbe5c4bd249b2dce608091a9782db524aab3c91eca1",
                            "0x0",
                            16119,
                            26007
                        ],
                        [
                            "sload",
                            "0x151bcf36d3896a788df4ddbe5c4bd249b2dce608091a9782db524aab3c91eca2",
                            "0x0",
                            16130,
                            26017
                        ]
                    ],
                    "0xdc3ea94cd0ac27d9a86c180091e7f78c683d3699": [
                        [
                            "sload",
                            "0x5",
                            "0x0",
                            4779,
                            8498
                        ],
                        [
                            "sload",
                            "0x2",
                            "0xc8db8d5869510bb1fcd3bd7c7624c1b49c652ef80002",
                            6674,
                            8567
                        ]
                    ],
                    "0xc8db8d5869510bb1fcd3bd7c7624c1b49c652ef8": [
                        [
                            "sload",
                            "0x1acfb7dfa158d048aee7e76326496ced687fa87a4737aaccb3235af371595b48",
                            "0x1",
                            18103,
                            8775
                        ],
                        [
                            "sload",
                            "0x7",
                            "0x83900000839",
                            19855,
                            8820
                        ],
                        [
                            "sload",
                            "0x1acfb7dfa158d048aee7e76326496ced687fa87a4737aaccb3235af371595b48",
                            "0x1",
                            18103,
                            8911
                        ],
                        [
                            "sload",
                            "0xa04ac92a7569cb9d5a9789887072c4a1632d53d042fa100df5ab3b9ed6a9fbf6",
                            "0x1107f57a",
                            19396,
                            9018
                        ],
                        [
                            "sload",
                            "0xa04ac92a7569cb9d5a9789887072c4a1632d53d042fa100df5ab3b9ed6a9fbf7",
                            "0x839000000005f9f9e1a000000005f9f9dce",
                            19404,
                            9025
                        ]
                    ],
                    "0x5f4ec3df9cbd43714fe2740f5e3616155c5b8419": [
                        [
                            "sload",
                            "0x5",
                            "0x0",
                            6661,
                            10598
                        ],
                        [
                            "sload",
                            "0x2",
                            "0xc7a37b03690fb9f41b5c5af8131735c72754460003",
                            9144,
                            10663
                        ],
                        [
                            "sload",
                            "0x5",
                            "0x0",
                            6661,
                            16353
                        ],
                        [
                            "sload",
                            "0x2",
                            "0xc7a37b03690fb9f41b5c5af8131735c72754460003",
                            9144,
                            16418
                        ],
                        [
                            "sload",
                            "0x5",
                            "0x0",
                            6661,
                            18439
                        ],
                        [
                            "sload",
                            "0x2",
                            "0xc7a37b03690fb9f41b5c5af8131735c72754460003",
                            9144,
                            18504
                        ],
                        [
                            "sload",
                            "0x5",
                            "0x0",
                            6661,
                            24754
                        ],
                        [
                            "sload",
                            "0x2",
                            "0xc7a37b03690fb9f41b5c5af8131735c72754460003",
                            9144,
                            24819
                        ]
                    ],
                    "0x00c7a37b03690fb9f41b5c5af8131735c7275446": [
                        [
                            "sload",
                            "0x72f51acc89880944eb5cd2305b535833aca264b11d016d92b62ce0ff7023ab79",
                            "0x1",
                            18103,
                            10865
                        ],
                        [
                            "sload",
                            "0x7",
                            "0x7ec000007ec",
                            19855,
                            10910
                        ],
                        [
                            "sload",
                            "0x72f51acc89880944eb5cd2305b535833aca264b11d016d92b62ce0ff7023ab79",
                            "0x1",
                            18103,
                            11001
                        ],
                        [
                            "sload",
                            "0x7eec75b4f6593d7a0e6a2a83822f2b6f0e116a601f98288a86fd2fe8d88aa6a7",
                            "0x94897f74e",
                            19396,
                            11108
                        ],
                        [
                            "sload",
                            "0x7eec75b4f6593d7a0e6a2a83822f2b6f0e116a601f98288a86fd2fe8d88aa6a8",
                            "0x7ec000000005f9f9f5e000000005f9f9f29",
                            19404,
                            11115
                        ],
                        [
                            "sload",
                            "0x72f51acc89880944eb5cd2305b535833aca264b11d016d92b62ce0ff7023ab79",
                            "0x1",
                            18103,
                            16620
                        ],
                        [
                            "sload",
                            "0x7",
                            "0x7ec000007ec",
                            19855,
                            16665
                        ],
                        [
                            "sload",
                            "0x72f51acc89880944eb5cd2305b535833aca264b11d016d92b62ce0ff7023ab79",
                            "0x1",
                            18103,
                            16756
                        ],
                        [
                            "sload",
                            "0x7eec75b4f6593d7a0e6a2a83822f2b6f0e116a601f98288a86fd2fe8d88aa6a7",
                            "0x94897f74e",
                            19396,
                            16863
                        ],
                        [
                            "sload",
                            "0x7eec75b4f6593d7a0e6a2a83822f2b6f0e116a601f98288a86fd2fe8d88aa6a8",
                            "0x7ec000000005f9f9f5e000000005f9f9f29",
                            19404,
                            16870
                        ],
                        [
                            "sload",
                            "0x72f51acc89880944eb5cd2305b535833aca264b11d016d92b62ce0ff7023ab79",
                            "0x1",
                            18103,
                            18706
                        ],
                        [
                            "sload",
                            "0x7",
                            "0x7ec000007ec",
                            19855,
                            18751
                        ],
                        [
                            "sload",
                            "0x72f51acc89880944eb5cd2305b535833aca264b11d016d92b62ce0ff7023ab79",
                            "0x1",
                            18103,
                            18842
                        ],
                        [
                            "sload",
                            "0x7eec75b4f6593d7a0e6a2a83822f2b6f0e116a601f98288a86fd2fe8d88aa6a7",
                            "0x94897f74e",
                            19396,
                            18949
                        ],
                        [
                            "sload",
                            "0x7eec75b4f6593d7a0e6a2a83822f2b6f0e116a601f98288a86fd2fe8d88aa6a8",
                            "0x7ec000000005f9f9f5e000000005f9f9f29",
                            19404,
                            18956
                        ],
                        [
                            "sload",
                            "0x72f51acc89880944eb5cd2305b535833aca264b11d016d92b62ce0ff7023ab79",
                            "0x1",
                            18103,
                            25021
                        ],
                        [
                            "sload",
                            "0x7",
                            "0x7ec000007ec",
                            19855,
                            25066
                        ],
                        [
                            "sload",
                            "0x72f51acc89880944eb5cd2305b535833aca264b11d016d92b62ce0ff7023ab79",
                            "0x1",
                            18103,
                            25157
                        ],
                        [
                            "sload",
                            "0x7eec75b4f6593d7a0e6a2a83822f2b6f0e116a601f98288a86fd2fe8d88aa6a7",
                            "0x94897f74e",
                            19396,
                            25264
                        ],
                        [
                            "sload",
                            "0x7eec75b4f6593d7a0e6a2a83822f2b6f0e116a601f98288a86fd2fe8d88aa6a8",
                            "0x7ec000000005f9f9f5e000000005f9f9f29",
                            19404,
                            25271
                        ]
                    ],
                    "0x93e01899c10532d76c0e864537a1d26433dbbddb": [
                        [
                            "sload",
                            "0xe",
                            "0xbda30509532732cf390bcc43d841abe9f75ad2ef",
                            1856,
                            12510
                        ],
                        [
                            "sload",
                            "0xe",
                            "0xbda30509532732cf390bcc43d841abe9f75ad2ef",
                            1856,
                            12910
                        ],
                        [
                            "sload",
                            "0xf",
                            "0x25a46",
                            1442,
                            13526
                        ],
                        [
                            "sload",
                            "0xc",
                            "0xf4240",
                            2131,
                            13727
                        ],
                        [
                            "sload",
                            "0xf9a162b9fdff8cea9adfe641c0dc2d4a460cf20b502322a3e58d906986c2215e",
                            "0x4026feffd58c4c500",
                            2775,
                            14036
                        ],
                        [
                            "sload",
                            "0xe",
                            "0xbda30509532732cf390bcc43d841abe9f75ad2ef",
                            1856,
                            14528
                        ],
                        [
                            "sload",
                            "0xe",
                            "0xbda30509532732cf390bcc43d841abe9f75ad2ef",
                            1856,
                            15217
                        ]
                    ],
                    "0xbda30509532732cf390bcc43d841abe9f75ad2ef": [
                        [
                            "sload",
                            "0x6",
                            "0xf4240",
                            1842,
                            12725
                        ],
                        [
                            "sload",
                            "0x8",
                            "0x1",
                            1164,
                            13103
                        ],
                        [
                            "sload",
                            "0x8",
                            "0x1",
                            1193,
                            13127
                        ],
                        [
                            "sload",
                            "0xf3f7a9fe364faab93b216da50a3214154f22a0a2b415b23a84c8169e8b636ee3",
                            "0x400000",
                            1218,
                            13146
                        ],
                        [
                            "sload",
                            "0x7",
                            "0x1",
                            1975,
                            14735
                        ],
                        [
                            "sload",
                            "0x7",
                            "0x1",
                            2004,
                            14759
                        ],
                        [
                            "sload",
                            "0xa66cc928b5edb82af9bd49922954155ab7b0942694bea4ce44661d9a8736c688",
                            "0xc02aaa39b223fe8d0a0e5c4f27ead9083c756cc2",
                            2029,
                            14778
                        ],
                        [
                            "sload",
                            "0x7",
                            "0x1",
                            1975,
                            15424
                        ],
                        [
                            "sload",
                            "0x7",
                            "0x1",
                            2004,
                            15448
                        ],
                        [
                            "sload",
                            "0xa66cc928b5edb82af9bd49922954155ab7b0942694bea4ce44661d9a8736c688",
                            "0xc02aaa39b223fe8d0a0e5c4f27ead9083c756cc2",
                            2029,
                            15467
                        ]
                    ],
                    "0xc02aaa39b223fe8d0a0e5c4f27ead9083c756cc2": [
                        [
                            "sload",
                            "0x2",
                            "0x12",
                            2827,
                            20018
                        ]
                    ],
                    "0x6eb3ac83701f624baefbc50db654b53d1f51dc94": [
                        [
                            "sload",
                            "0xa650f3b8fe2db44373e4292d1d2aec7564f99ceb9da4e706355012164102a1b8",
                            "0x2ba226a6134516457471583ae172457b189187c0",
                            18965,
                            20997
                        ]
                    ],
                    "0x2ba226a6134516457471583ae172457b189187c0": [
                        [
                            "sload",
                            "0x305e0cb22db82f955deaac098b0342395170c438cacaba395dcbcf091ef40273",
                            "0x4b9ca5607f1ff8019c1c6a3c2f0cc8de622d5b82",
                            20975,
                            21208
                        ],
                        [
                            "sload",
                            "0x305e0cb22db82f955deaac098b0342395170c438cacaba395dcbcf091ef40273",
                            "0x4b9ca5607f1ff8019c1c6a3c2f0cc8de622d5b82",
                            20975,
                            21505
                        ],
                        [
                            "sload",
                            "0x563a8a19823933e751ef690567f0351d13ee18500841743a77290b3deeac37d",
                            "0xc757acba3c0506218b3022266a9dc7f3612d85f5",
                            20975,
                            21814
                        ],
                        [
                            "sload",
                            "0x563a8a19823933e751ef690567f0351d13ee18500841743a77290b3deeac37d",
                            "0xc757acba3c0506218b3022266a9dc7f3612d85f5",
                            20975,
                            22745
                        ],
                        [
                            "sload",
                            "0x4f6a91f00b98bf359fd33bd3fa85b7f95ed0c066939a15ba46c0abc2656c209c",
                            "0xda80e6024bc82c9fe9e4e6760a9769cf0d231e80",
                            20975,
                            23247
                        ]
                    ],
                    "0x4b9ca5607f1ff8019c1c6a3c2f0cc8de622d5b82": [
                        [
                            "sload",
                            "0x4a842506e93d09bbb6c24c00696e5cd84329c04907c1a346d918e1195a8ee76b",
                            "0x6714042f17afd046f409",
                            2669,
                            21397
                        ],
                        [
                            "sload",
                            "0x4a842506e93d09bbb6c24c00696e5cd84329c04907c1a346d918e1195a8ee76c",
                            "0x1cd83",
                            2675,
                            21402
                        ],
                        [
                            "sload",
                            "0x4a842506e93d09bbb6c24c00696e5cd84329c04907c1a346d918e1195a8ee76b",
                            "0x6714042f17afd046f409",
                            2669,
                            21702
                        ],
                        [
                            "sload",
                            "0x4a842506e93d09bbb6c24c00696e5cd84329c04907c1a346d918e1195a8ee76c",
                            "0x1cd83",
                            2675,
                            21707
                        ],
                        [
                            "sload",
                            "0x6",
                            "0x1cde9",
                            1480,
                            23408
                        ],
                        [
                            "sload",
                            "0xf652222313e28459528d920b65115c16c04f3efc82aaedc97be59f3f377ddac2",
                            "0x2d675804fac158fe982c0",
                            1502,
                            23425
                        ],
                        [
                            "sload",
                            "0x6",
                            "0x1cde9",
                            1992,
                            23579
                        ],
                        [
                            "sload",
                            "0xf652222313e28459528d920b65115c16c04f3efc82aaedc97be59f3f377ddb27",
                            "0x2dd170846c4b4ec1cba68",
                            2021,
                            23600
                        ]
                    ],
                    "0xc757acba3c0506218b3022266a9dc7f3612d85f5": [
                        [
                            "sload",
                            "0xe77a02b831bafea6529d0fa6306761f95ce91eebc497c1a628e364418a4a43a8",
                            "0xdd934428cc94dd8bc7217e8fad254bc9b14a0e9d44aa9593b93b1851dfb474a2",
                            7431,
                            22239
                        ],
                        [
                            "sload",
                            "0xa8c37c6aa647af533aa44cc8e7f630888dda60d28c97f9a982af2dee623e204f",
                            "0x55eb86d370256baee5c2b5",
                            7489,
                            22286
                        ],
                        [
                            "sload",
                            "0x3d060d583ae97c327b67c8605bc8c73afe8ceed735005a47681b00963a667e35",
                            "0x5f9f8f87",
                            7489,
                            22345
                        ],
                        [
                            "sload",
                            "0xad77bf801726b2c83e9e3fa10f319bf2df99397a561126e8c3df0f7596519f75",
                            "0xcb80de1af223445b8073db279f284aebe9f3b71553410fc4edb90823bab36c49",
                            4575,
                            22921
                        ],
                        [
                            "sload",
                            "0xefd817bfb55c8a8dfd5a24fc104be1f1ca6df08999d3a79bb5e058d0f28505b7",
                            "0x3a98",
                            4593,
                            22938
                        ],
                        [
                            "sload",
                            "0xe77a02b831bafea6529d0fa6306761f95ce91eebc497c1a628e364418a4a43a8",
                            "0xdd934428cc94dd8bc7217e8fad254bc9b14a0e9d44aa9593b93b1851dfb474a2",
                            8356,
                            23130
                        ],
                        [
                            "sload",
                            "0x4015a85de73614ac62d09dca67017cfe3b4ab0e07bea10038e8e2ef540c71101",
                            "0x0",
                            8374,
                            23147
                        ]
                    ]
                }
            ]
        ],
        [
            [
                "0xc011a73ee8576fb46f5e1c5751ca3b9fe0af2a6f",
                "0x54197c5900ef9c70a3d5a99632b61bebce46859a",
                "0x7cd5e2d0056a7a7f09cbb86e540ef4f6dccc97dd",
                17626572208000000000000
            ],
            [
                "0x6eb3ac83701f624baefbc50db654b53d1f51dc94",
                "0x54197c5900ef9c70a3d5a99632b61bebce46859a",
                "0x7cd5e2d0056a7a7f09cbb86e540ef4f6dccc97dd",
                17626572208000000000000
            ]
        ]
    ]
}