{
    "0x233f034e0f1856ecdccd67affef7f22f581cc1acd9223d1e3831a899eff79d3a": [
        [
            [
                "0x6461e964d687e7ca3082becc595d079c6c775ac8",
                "0x89afb5b7",
                "complete",
                405,
                1750,
                "staticcall",
                {
                    "0x6461e964d687e7ca3082becc595d079c6c775ac8": [
                        [
                            "sload",
                            "0x9f43fe7f4c655e385b198003e595b6958d4fa1901d8e425e54e1fda4a402dc52",
                            "0xfecaa02c9c6153695fa8921bc00f7544e3f12d8b",
                            237,
                            480
                        ],
                        [
                            "sload",
                            "0x69",
                            "0x4e3b31eb0e5cb73641ee1e65e7dcefe520ba3ef2",
                            18822,
                            565
                        ],
                        [
                            "sload",
                            "0x6b",
                            "0x7cd5e2d0056a7a7f09cbb86e540ef4f6dccc97dd",
                            19055,
                            831
                        ],
                        [
                            "sload",
                            "0x69",
                            "0x4e3b31eb0e5cb73641ee1e65e7dcefe520ba3ef2",
                            14425,
                            1065
                        ],
                        [
                            "sload",
                            "0x6b",
                            "0x7cd5e2d0056a7a7f09cbb86e540ef4f6dccc97dd",
                            14658,
                            1331
                        ]
                    ],
                    "0x4e3b31eb0e5cb73641ee1e65e7dcefe520ba3ef2": [
                        [
                            "sload",
                            "0x2",
                            "0x61166014e3f04e40c953fe4eab9d9e40863c83ae",
                            112,
                            675
                        ],
                        [
                            "sload",
                            "0x2",
                            "0x61166014e3f04e40c953fe4eab9d9e40863c83ae",
                            112,
                            1175
                        ]
                    ],
                    "0x61166014e3f04e40c953fe4eab9d9e40863c83ae": [
                        [
                            "sload",
                            "0x3a9bbf3e5b8c050f68e0b6554fb2b10cb0cc724edefb516f37f1243e161c445a",
                            "0xb671f2210b1f6621a2607ea63e6b2dc3e2464d1f",
                            843,
                            746
                        ],
                        [
                            "sload",
                            "0x51f38688f87154c662604be3141634be357ad12d2dc09472c85be2e8f008ad89",
                            "0x6eb3ac83701f624baefbc50db654b53d1f51dc94",
                            843,
                            1246
                        ]
                    ],
                    "0xb671f2210b1f6621a2607ea63e6b2dc3e2464d1f": [
                        [
                            "sload",
                            "0x8320c8f71797a5781ba9147363d2cb7744e0515a95372254e05e49029ef5a06",
                            "0x8092a86a8a4ff3115d",
                            2685,
                            997
                        ]
                    ],
                    "0x6eb3ac83701f624baefbc50db654b53d1f51dc94": [
                        [
                            "sload",
                            "0x7",
                            "0x5b1b5fea1b99d83ad479df0c222f0492385381dd",
                            9903,
                            1452
                        ]
                    ],
                    "0x5b1b5fea1b99d83ad479df0c222f0492385381dd": [
                        [
                            "sload",
                            "0x61a83ba1c9dd1ed7aff0f2e795b1c490864715ea4a493c91292181bc982b04ef",
                            "0x18a76e93ff84a139c3fa",
                            788,
                            1573
                        ]
                    ]
                }
            ],
            [
                "0x6461e964d687e7ca3082becc595d079c6c775ac8",
                "0x9d765ea6",
                "complete",
                1859,
                10244,
                "staticcall",
                {
                    "0x6461e964d687e7ca3082becc595d079c6c775ac8": [
                        [
                            "sload",
                            "0x9f43fe7f4c655e385b198003e595b6958d4fa1901d8e425e54e1fda4a402dc52",
                            "0xfecaa02c9c6153695fa8921bc00f7544e3f12d8b",
                            237,
                            1934
                        ],
                        [
                            "sload",
                            "0x6d",
                            "0x93e01899c10532d76c0e864537a1d26433dbbddb",
                            22431,
                            2059
                        ],
                        [
                            "sload",
                            "0x6d",
                            "0x93e01899c10532d76c0e864537a1d26433dbbddb",
                            22431,
                            2459
                        ],
                        [
                            "sload",
                            "0x6d",
                            "0x93e01899c10532d76c0e864537a1d26433dbbddb",
                            17520,
                            3094
                        ],
                        [
                            "sload",
                            "0x6d",
                            "0x93e01899c10532d76c0e864537a1d26433dbbddb",
                            16890,
                            3286
                        ],
                        [
                            "sload",
                            "0x6d",
                            "0x93e01899c10532d76c0e864537a1d26433dbbddb",
                            16631,
                            3490
                        ],
                        [
                            "sload",
                            "0x6b",
                            "0x7cd5e2d0056a7a7f09cbb86e540ef4f6dccc97dd",
                            16693,
                            3504
                        ],
                        [
                            "sload",
                            "0x73",
                            "0xc02aaa39b223fe8d0a0e5c4f27ead9083c756cc2",
                            18135,
                            4048
                        ],
                        [
                            "sload",
                            "0x6d",
                            "0x93e01899c10532d76c0e864537a1d26433dbbddb",
                            22431,
                            4077
                        ],
                        [
                            "sload",
                            "0x71",
                            "0x7345544800000000000000000000000000000000000000000000000000000000",
                            18258,
                            4737
                        ],
                        [
                            "sload",
                            "0x6d",
                            "0x93e01899c10532d76c0e864537a1d26433dbbddb",
                            22431,
                            4766
                        ],
                        [
                            "sload",
                            "0x69",
                            "0x4e3b31eb0e5cb73641ee1e65e7dcefe520ba3ef2",
                            18275,
                            5425
                        ],
                        [
                            "sload",
                            "0x69",
                            "0x4e3b31eb0e5cb73641ee1e65e7dcefe520ba3ef2",
                            18275,
                            7511
                        ],
                        [
                            "sload",
                            "0x6b",
                            "0x7cd5e2d0056a7a7f09cbb86e540ef4f6dccc97dd",
                            8244,
                            10019
                        ]
                    ],
                    "0x93e01899c10532d76c0e864537a1d26433dbbddb": [
                        [
                            "sload",
                            "0xe",
                            "0xbda30509532732cf390bcc43d841abe9f75ad2ef",
                            1856,
                            2170
                        ],
                        [
                            "sload",
                            "0xe",
                            "0xbda30509532732cf390bcc43d841abe9f75ad2ef",
                            1856,
                            2570
                        ],
                        [
                            "sload",
                            "0xf",
                            "0x25a46",
                            1442,
                            3186
                        ],
                        [
                            "sload",
                            "0xc",
                            "0xf4240",
                            2131,
                            3387
                        ],
                        [
                            "sload",
                            "0xf9a162b9fdff8cea9adfe641c0dc2d4a460cf20b502322a3e58d906986c2215e",
                            "0x783bb2d2ba5557b40",
                            2775,
                            3696
                        ],
                        [
                            "sload",
                            "0xe",
                            "0xbda30509532732cf390bcc43d841abe9f75ad2ef",
                            1856,
                            4188
                        ],
                        [
                            "sload",
                            "0xe",
                            "0xbda30509532732cf390bcc43d841abe9f75ad2ef",
                            1856,
                            4877
                        ]
                    ],
                    "0xbda30509532732cf390bcc43d841abe9f75ad2ef": [
                        [
                            "sload",
                            "0x6",
                            "0xf4240",
                            1842,
                            2385
                        ],
                        [
                            "sload",
                            "0x8",
                            "0x1",
                            1164,
                            2763
                        ],
                        [
                            "sload",
                            "0x8",
                            "0x1",
                            1193,
                            2787
                        ],
                        [
                            "sload",
                            "0xf3f7a9fe364faab93b216da50a3214154f22a0a2b415b23a84c8169e8b636ee3",
                            "0x400000",
                            1218,
                            2806
                        ],
                        [
                            "sload",
                            "0x7",
                            "0x1",
                            1975,
                            4395
                        ],
                        [
                            "sload",
                            "0x7",
                            "0x1",
                            2004,
                            4419
                        ],
                        [
                            "sload",
                            "0xa66cc928b5edb82af9bd49922954155ab7b0942694bea4ce44661d9a8736c688",
                            "0xc02aaa39b223fe8d0a0e5c4f27ead9083c756cc2",
                            2029,
                            4438
                        ],
                        [
                            "sload",
                            "0x7",
                            "0x1",
                            1975,
                            5084
                        ],
                        [
                            "sload",
                            "0x7",
                            "0x1",
                            2004,
                            5108
                        ],
                        [
                            "sload",
                            "0xa66cc928b5edb82af9bd49922954155ab7b0942694bea4ce44661d9a8736c688",
                            "0xc02aaa39b223fe8d0a0e5c4f27ead9083c756cc2",
                            2029,
                            5127
                        ]
                    ],
                    "0x4e3b31eb0e5cb73641ee1e65e7dcefe520ba3ef2": [
                        [
                            "sload",
                            "0x2",
                            "0x61166014e3f04e40c953fe4eab9d9e40863c83ae",
                            112,
                            5535
                        ],
                        [
                            "sload",
                            "0x2",
                            "0x61166014e3f04e40c953fe4eab9d9e40863c83ae",
                            112,
                            7621
                        ]
                    ],
                    "0x61166014e3f04e40c953fe4eab9d9e40863c83ae": [
                        [
                            "sload",
                            "0xe931ecf99842d82a079c6bd06e7d927682e36c6a2e936c3ef8c9f06bc526257c",
                            "0xda80e6024bc82c9fe9e4e6760a9769cf0d231e80",
                            843,
                            5606
                        ],
                        [
                            "sload",
                            "0xe931ecf99842d82a079c6bd06e7d927682e36c6a2e936c3ef8c9f06bc526257c",
                            "0xda80e6024bc82c9fe9e4e6760a9769cf0d231e80",
                            843,
                            7692
                        ]
                    ],
                    "0xda80e6024bc82c9fe9e4e6760a9769cf0d231e80": [
                        [
                            "sload",
                            "0xe293e4b088f7e9eb5d95d32477b5deccaff9fa87cfabb4656b7836cb9f8d1e0e",
                            "0x5f4ec3df9cbd43714fe2740f5e3616155c5b8419",
                            12447,
                            5857
                        ],
                        [
                            "sload",
                            "0x93d33525b4169d21fe991d40d100b3a7774323b7344bcc9d6cbd3893a3c59167",
                            "0x8",
                            15993,
                            7087
                        ],
                        [
                            "sload",
                            "0x93d33525b4169d21fe991d40d100b3a7774323b7344bcc9d6cbd3893a3c59167",
                            "0x8",
                            16016,
                            7103
                        ],
                        [
                            "sload",
                            "0x151bcf36d3896a788df4ddbe5c4bd249b2dce608091a9782db524aab3c91ec9f",
                            "0x0",
                            16099,
                            7248
                        ],
                        [
                            "sload",
                            "0x151bcf36d3896a788df4ddbe5c4bd249b2dce608091a9782db524aab3c91eca0",
                            "0x0",
                            16107,
                            7255
                        ],
                        [
                            "sload",
                            "0x151bcf36d3896a788df4ddbe5c4bd249b2dce608091a9782db524aab3c91eca1",
                            "0x0",
                            16119,
                            7266
                        ],
                        [
                            "sload",
                            "0x151bcf36d3896a788df4ddbe5c4bd249b2dce608091a9782db524aab3c91eca2",
                            "0x0",
                            16130,
                            7276
                        ],
                        [
                            "sload",
                            "0xe293e4b088f7e9eb5d95d32477b5deccaff9fa87cfabb4656b7836cb9f8d1e0e",
                            "0x5f4ec3df9cbd43714fe2740f5e3616155c5b8419",
                            12447,
                            7943
                        ],
                        [
                            "sload",
                            "0x93d33525b4169d21fe991d40d100b3a7774323b7344bcc9d6cbd3893a3c59167",
                            "0x8",
                            15993,
                            9173
                        ],
                        [
                            "sload",
                            "0x93d33525b4169d21fe991d40d100b3a7774323b7344bcc9d6cbd3893a3c59167",
                            "0x8",
                            16016,
                            9189
                        ],
                        [
                            "sload",
                            "0x151bcf36d3896a788df4ddbe5c4bd249b2dce608091a9782db524aab3c91ec9f",
                            "0x0",
                            16099,
                            9334
                        ],
                        [
                            "sload",
                            "0x151bcf36d3896a788df4ddbe5c4bd249b2dce608091a9782db524aab3c91eca0",
                            "0x0",
                            16107,
                            9341
                        ],
                        [
                            "sload",
                            "0x151bcf36d3896a788df4ddbe5c4bd249b2dce608091a9782db524aab3c91eca1",
                            "0x0",
                            16119,
                            9352
                        ],
                        [
                            "sload",
                            "0x151bcf36d3896a788df4ddbe5c4bd249b2dce608091a9782db524aab3c91eca2",
                            "0x0",
                            16130,
                            9362
                        ]
                    ],
                    "0x5f4ec3df9cbd43714fe2740f5e3616155c5b8419": [
                        [
                            "sload",
                            "0x5",
                            "0x0",
                            6661,
                            6013
                        ],
                        [
                            "sload",
                            "0x2",
                            "0xc7a37b03690fb9f41b5c5af8131735c72754460003",
                            9144,
                            6078
                        ],
                        [
                            "sload",
                            "0x5",
                            "0x0",
                            6661,
                            8099
                        ],
                        [
                            "sload",
                            "0x2",
                            "0xc7a37b03690fb9f41b5c5af8131735c72754460003",
                            9144,
                            8164
                        ]
                    ],
                    "0x00c7a37b03690fb9f41b5c5af8131735c7275446": [
                        [
                            "sload",
                            "0x72f51acc89880944eb5cd2305b535833aca264b11d016d92b62ce0ff7023ab79",
                            "0x1",
                            18103,
                            6280
                        ],
                        [
                            "sload",
                            "0x7",
                            "0x7c3000007c3",
                            19855,
                            6325
                        ],
                        [
                            "sload",
                            "0x72f51acc89880944eb5cd2305b535833aca264b11d016d92b62ce0ff7023ab79",
                            "0x1",
                            18103,
                            6416
                        ],
                        [
                            "sload",
                            "0xb2cbcd50c16b9a7f2591ce839e19fbc1a6eea63dabbb0c7fdd53fda906561eef",
                            "0x9078ae6f6",
                            19396,
                            6523
                        ],
                        [
                            "sload",
                            "0xb2cbcd50c16b9a7f2591ce839e19fbc1a6eea63dabbb0c7fdd53fda906561ef0",
                            "0x7c3000000005f9e942d000000005f9e941d",
                            19404,
                            6530
                        ],
                        [
                            "sload",
                            "0x72f51acc89880944eb5cd2305b535833aca264b11d016d92b62ce0ff7023ab79",
                            "0x1",
                            18103,
                            8366
                        ],
                        [
                            "sload",
                            "0x7",
                            "0x7c3000007c3",
                            19855,
                            8411
                        ],
                        [
                            "sload",
                            "0x72f51acc89880944eb5cd2305b535833aca264b11d016d92b62ce0ff7023ab79",
                            "0x1",
                            18103,
                            8502
                        ],
                        [
                            "sload",
                            "0xb2cbcd50c16b9a7f2591ce839e19fbc1a6eea63dabbb0c7fdd53fda906561eef",
                            "0x9078ae6f6",
                            19396,
                            8609
                        ],
                        [
                            "sload",
                            "0xb2cbcd50c16b9a7f2591ce839e19fbc1a6eea63dabbb0c7fdd53fda906561ef0",
                            "0x7c3000000005f9e942d000000005f9e941d",
                            19404,
                            8616
                        ]
                    ],
                    "0xc02aaa39b223fe8d0a0e5c4f27ead9083c756cc2": [
                        [
                            "sload",
                            "0x2",
                            "0x12",
                            2827,
                            9678
                        ]
                    ]
                }
            ],
            [
                "0x7cd5e2d0056a7a7f09cbb86e540ef4f6dccc97dd",
                "fallback",
                "complete",
                10330,
                10449,
                "call",
                {
                    "0x7cd5e2d0056a7a7f09cbb86e540ef4f6dccc97dd": [
                        [
                            "sload",
                            "0x9f43fe7f4c655e385b198003e595b6958d4fa1901d8e425e54e1fda4a402dc52",
                            "0x888331bf47ea0a5398a0a63295c295750f8e3dcd",
                            237,
                            10364
                        ],
                        [
                            "sload",
                            "0x6d",
                            "0x6461e964d687e7ca3082becc595d079c6c775ac8",
                            282,
                            10391
                        ],
                        [
                            "sload",
                            "0x6a",
                            "0x2367012ab9c3da91290f71590d5ce217721eefe4",
                            369,
                            10412
                        ]
                    ]
                }
            ],
            [
                "0x6461e964d687e7ca3082becc595d079c6c775ac8",
                "0x47029e4b",
                "complete",
                10562,
                21519,
                "staticcall",
                {
                    "0x6461e964d687e7ca3082becc595d079c6c775ac8": [
                        [
                            "sload",
                            "0x9f43fe7f4c655e385b198003e595b6958d4fa1901d8e425e54e1fda4a402dc52",
                            "0xfecaa02c9c6153695fa8921bc00f7544e3f12d8b",
                            237,
                            10631
                        ],
                        [
                            "sload",
                            "0x69",
                            "0x4e3b31eb0e5cb73641ee1e65e7dcefe520ba3ef2",
                            18275,
                            10802
                        ],
                        [
                            "sload",
                            "0x69",
                            "0x4e3b31eb0e5cb73641ee1e65e7dcefe520ba3ef2",
                            18275,
                            12912
                        ],
                        [
                            "sload",
                            "0x69",
                            "0x4e3b31eb0e5cb73641ee1e65e7dcefe520ba3ef2",
                            14855,
                            15274
                        ],
                        [
                            "sload",
                            "0x6b",
                            "0x7cd5e2d0056a7a7f09cbb86e540ef4f6dccc97dd",
                            15088,
                            15540
                        ],
                        [
                            "sload",
                            "0x69",
                            "0x4e3b31eb0e5cb73641ee1e65e7dcefe520ba3ef2",
                            18275,
                            18898
                        ]
                    ],
                    "0x4e3b31eb0e5cb73641ee1e65e7dcefe520ba3ef2": [
                        [
                            "sload",
                            "0x2",
                            "0x61166014e3f04e40c953fe4eab9d9e40863c83ae",
                            112,
                            10912
                        ],
                        [
                            "sload",
                            "0x2",
                            "0x61166014e3f04e40c953fe4eab9d9e40863c83ae",
                            112,
                            13022
                        ],
                        [
                            "sload",
                            "0x2",
                            "0x61166014e3f04e40c953fe4eab9d9e40863c83ae",
                            112,
                            15384
                        ],
                        [
                            "sload",
                            "0x2",
                            "0x61166014e3f04e40c953fe4eab9d9e40863c83ae",
                            112,
                            19008
                        ]
                    ],
                    "0x61166014e3f04e40c953fe4eab9d9e40863c83ae": [
                        [
                            "sload",
                            "0xe931ecf99842d82a079c6bd06e7d927682e36c6a2e936c3ef8c9f06bc526257c",
                            "0xda80e6024bc82c9fe9e4e6760a9769cf0d231e80",
                            843,
                            10983
                        ],
                        [
                            "sload",
                            "0xe931ecf99842d82a079c6bd06e7d927682e36c6a2e936c3ef8c9f06bc526257c",
                            "0xda80e6024bc82c9fe9e4e6760a9769cf0d231e80",
                            843,
                            13093
                        ],
                        [
                            "sload",
                            "0x51f38688f87154c662604be3141634be357ad12d2dc09472c85be2e8f008ad89",
                            "0x6eb3ac83701f624baefbc50db654b53d1f51dc94",
                            843,
                            15455
                        ],
                        [
                            "sload",
                            "0xe931ecf99842d82a079c6bd06e7d927682e36c6a2e936c3ef8c9f06bc526257c",
                            "0xda80e6024bc82c9fe9e4e6760a9769cf0d231e80",
                            843,
                            19079
                        ]
                    ],
                    "0xda80e6024bc82c9fe9e4e6760a9769cf0d231e80": [
                        [
                            "sload",
                            "0xaed38ed8c535b37c77d81901c4396980a8c65c930ad46166e3caf3d78e9f9510",
                            "0xdc3ea94cd0ac27d9a86c180091e7f78c683d3699",
                            12447,
                            11234
                        ],
                        [
                            "sload",
                            "0xc0b8fd659534e7f9987adb32be218b55bd1cfb503e38ba7228207493b0afd6e2",
                            "0x8",
                            15993,
                            12488
                        ],
                        [
                            "sload",
                            "0xc0b8fd659534e7f9987adb32be218b55bd1cfb503e38ba7228207493b0afd6e2",
                            "0x8",
                            16016,
                            12504
                        ],
                        [
                            "sload",
                            "0x70546a78fdb0dd405ad9bd8816369c8ecc8c21b7d00792b368ab0c1625c52846",
                            "0x0",
                            16099,
                            12649
                        ],
                        [
                            "sload",
                            "0x70546a78fdb0dd405ad9bd8816369c8ecc8c21b7d00792b368ab0c1625c52847",
                            "0x0",
                            16107,
                            12656
                        ],
                        [
                            "sload",
                            "0x70546a78fdb0dd405ad9bd8816369c8ecc8c21b7d00792b368ab0c1625c52848",
                            "0x0",
                            16119,
                            12667
                        ],
                        [
                            "sload",
                            "0x70546a78fdb0dd405ad9bd8816369c8ecc8c21b7d00792b368ab0c1625c52849",
                            "0x0",
                            16130,
                            12677
                        ],
                        [
                            "sload",
                            "0xe293e4b088f7e9eb5d95d32477b5deccaff9fa87cfabb4656b7836cb9f8d1e0e",
                            "0x5f4ec3df9cbd43714fe2740f5e3616155c5b8419",
                            12447,
                            13344
                        ],
                        [
                            "sload",
                            "0x93d33525b4169d21fe991d40d100b3a7774323b7344bcc9d6cbd3893a3c59167",
                            "0x8",
                            15993,
                            14574
                        ],
                        [
                            "sload",
                            "0x93d33525b4169d21fe991d40d100b3a7774323b7344bcc9d6cbd3893a3c59167",
                            "0x8",
                            16016,
                            14590
                        ],
                        [
                            "sload",
                            "0x151bcf36d3896a788df4ddbe5c4bd249b2dce608091a9782db524aab3c91ec9f",
                            "0x0",
                            16099,
                            14735
                        ],
                        [
                            "sload",
                            "0x151bcf36d3896a788df4ddbe5c4bd249b2dce608091a9782db524aab3c91eca0",
                            "0x0",
                            16107,
                            14742
                        ],
                        [
                            "sload",
                            "0x151bcf36d3896a788df4ddbe5c4bd249b2dce608091a9782db524aab3c91eca1",
                            "0x0",
                            16119,
                            14753
                        ],
                        [
                            "sload",
                            "0x151bcf36d3896a788df4ddbe5c4bd249b2dce608091a9782db524aab3c91eca2",
                            "0x0",
                            16130,
                            14763
                        ],
                        [
                            "sload",
                            "0xe293e4b088f7e9eb5d95d32477b5deccaff9fa87cfabb4656b7836cb9f8d1e0e",
                            "0x5f4ec3df9cbd43714fe2740f5e3616155c5b8419",
                            12447,
                            19330
                        ],
                        [
                            "sload",
                            "0x93d33525b4169d21fe991d40d100b3a7774323b7344bcc9d6cbd3893a3c59167",
                            "0x8",
                            15993,
                            20560
                        ],
                        [
                            "sload",
                            "0x93d33525b4169d21fe991d40d100b3a7774323b7344bcc9d6cbd3893a3c59167",
                            "0x8",
                            16016,
                            20576
                        ],
                        [
                            "sload",
                            "0x151bcf36d3896a788df4ddbe5c4bd249b2dce608091a9782db524aab3c91ec9f",
                            "0x0",
                            16099,
                            20721
                        ],
                        [
                            "sload",
                            "0x151bcf36d3896a788df4ddbe5c4bd249b2dce608091a9782db524aab3c91eca0",
                            "0x0",
                            16107,
                            20728
                        ],
                        [
                            "sload",
                            "0x151bcf36d3896a788df4ddbe5c4bd249b2dce608091a9782db524aab3c91eca1",
                            "0x0",
                            16119,
                            20739
                        ],
                        [
                            "sload",
                            "0x151bcf36d3896a788df4ddbe5c4bd249b2dce608091a9782db524aab3c91eca2",
                            "0x0",
                            16130,
                            20749
                        ]
                    ],
                    "0xdc3ea94cd0ac27d9a86c180091e7f78c683d3699": [
                        [
                            "sload",
                            "0x5",
                            "0x0",
                            4779,
                            11400
                        ],
                        [
                            "sload",
                            "0x2",
                            "0xc8db8d5869510bb1fcd3bd7c7624c1b49c652ef80002",
                            6674,
                            11469
                        ]
                    ],
                    "0xc8db8d5869510bb1fcd3bd7c7624c1b49c652ef8": [
                        [
                            "sload",
                            "0x1acfb7dfa158d048aee7e76326496ced687fa87a4737aaccb3235af371595b48",
                            "0x1",
                            18103,
                            11677
                        ],
                        [
                            "sload",
                            "0x7",
                            "0x81000000810",
                            19855,
                            11722
                        ],
                        [
                            "sload",
                            "0x1acfb7dfa158d048aee7e76326496ced687fa87a4737aaccb3235af371595b48",
                            "0x1",
                            18103,
                            11813
                        ],
                        [
                            "sload",
                            "0x11fc6b4812a0714e1dba482da194306f324fd3688094adbe4615a413394a0e61",
                            "0x10db12f9",
                            19396,
                            11920
                        ],
                        [
                            "sload",
                            "0x11fc6b4812a0714e1dba482da194306f324fd3688094adbe4615a413394a0e62",
                            "0x810000000005f9e97c1000000005f9e978d",
                            19404,
                            11927
                        ]
                    ],
                    "0x5f4ec3df9cbd43714fe2740f5e3616155c5b8419": [
                        [
                            "sload",
                            "0x5",
                            "0x0",
                            6661,
                            13500
                        ],
                        [
                            "sload",
                            "0x2",
                            "0xc7a37b03690fb9f41b5c5af8131735c72754460003",
                            9144,
                            13565
                        ],
                        [
                            "sload",
                            "0x5",
                            "0x0",
                            6661,
                            19486
                        ],
                        [
                            "sload",
                            "0x2",
                            "0xc7a37b03690fb9f41b5c5af8131735c72754460003",
                            9144,
                            19551
                        ]
                    ],
                    "0x00c7a37b03690fb9f41b5c5af8131735c7275446": [
                        [
                            "sload",
                            "0x72f51acc89880944eb5cd2305b535833aca264b11d016d92b62ce0ff7023ab79",
                            "0x1",
                            18103,
                            13767
                        ],
                        [
                            "sload",
                            "0x7",
                            "0x7c3000007c3",
                            19855,
                            13812
                        ],
                        [
                            "sload",
                            "0x72f51acc89880944eb5cd2305b535833aca264b11d016d92b62ce0ff7023ab79",
                            "0x1",
                            18103,
                            13903
                        ],
                        [
                            "sload",
                            "0xb2cbcd50c16b9a7f2591ce839e19fbc1a6eea63dabbb0c7fdd53fda906561eef",
                            "0x9078ae6f6",
                            19396,
                            14010
                        ],
                        [
                            "sload",
                            "0xb2cbcd50c16b9a7f2591ce839e19fbc1a6eea63dabbb0c7fdd53fda906561ef0",
                            "0x7c3000000005f9e942d000000005f9e941d",
                            19404,
                            14017
                        ],
                        [
                            "sload",
                            "0x72f51acc89880944eb5cd2305b535833aca264b11d016d92b62ce0ff7023ab79",
                            "0x1",
                            18103,
                            19753
                        ],
                        [
                            "sload",
                            "0x7",
                            "0x7c3000007c3",
                            19855,
                            19798
                        ],
                        [
                            "sload",
                            "0x72f51acc89880944eb5cd2305b535833aca264b11d016d92b62ce0ff7023ab79",
                            "0x1",
                            18103,
                            19889
                        ],
                        [
                            "sload",
                            "0xb2cbcd50c16b9a7f2591ce839e19fbc1a6eea63dabbb0c7fdd53fda906561eef",
                            "0x9078ae6f6",
                            19396,
                            19996
                        ],
                        [
                            "sload",
                            "0xb2cbcd50c16b9a7f2591ce839e19fbc1a6eea63dabbb0c7fdd53fda906561ef0",
                            "0x7c3000000005f9e942d000000005f9e941d",
                            19404,
                            20003
                        ]
                    ],
                    "0x6eb3ac83701f624baefbc50db654b53d1f51dc94": [
                        [
                            "sload",
                            "0xa650f3b8fe2db44373e4292d1d2aec7564f99ceb9da4e706355012164102a1b8",
                            "0x2ba226a6134516457471583ae172457b189187c0",
                            18965,
                            15729
                        ]
                    ],
                    "0x2ba226a6134516457471583ae172457b189187c0": [
                        [
                            "sload",
                            "0x305e0cb22db82f955deaac098b0342395170c438cacaba395dcbcf091ef40273",
                            "0x4b9ca5607f1ff8019c1c6a3c2f0cc8de622d5b82",
                            20975,
                            15940
                        ],
                        [
                            "sload",
                            "0x305e0cb22db82f955deaac098b0342395170c438cacaba395dcbcf091ef40273",
                            "0x4b9ca5607f1ff8019c1c6a3c2f0cc8de622d5b82",
                            20975,
                            16237
                        ],
                        [
                            "sload",
                            "0x563a8a19823933e751ef690567f0351d13ee18500841743a77290b3deeac37d",
                            "0xc757acba3c0506218b3022266a9dc7f3612d85f5",
                            20975,
                            16546
                        ],
                        [
                            "sload",
                            "0x563a8a19823933e751ef690567f0351d13ee18500841743a77290b3deeac37d",
                            "0xc757acba3c0506218b3022266a9dc7f3612d85f5",
                            20975,
                            17477
                        ],
                        [
                            "sload",
                            "0x4f6a91f00b98bf359fd33bd3fa85b7f95ed0c066939a15ba46c0abc2656c209c",
                            "0xda80e6024bc82c9fe9e4e6760a9769cf0d231e80",
                            20975,
                            17979
                        ]
                    ],
                    "0x4b9ca5607f1ff8019c1c6a3c2f0cc8de622d5b82": [
                        [
                            "sload",
                            "0x4a842506e93d09bbb6c24c00696e5cd84329c04907c1a346d918e1195a8ee76b",
                            "0x81eadd27503853503dd4",
                            2669,
                            16129
                        ],
                        [
                            "sload",
                            "0x4a842506e93d09bbb6c24c00696e5cd84329c04907c1a346d918e1195a8ee76c",
                            "0x1c974",
                            2675,
                            16134
                        ],
                        [
                            "sload",
                            "0x4a842506e93d09bbb6c24c00696e5cd84329c04907c1a346d918e1195a8ee76b",
                            "0x81eadd27503853503dd4",
                            2669,
                            16434
                        ],
                        [
                            "sload",
                            "0x4a842506e93d09bbb6c24c00696e5cd84329c04907c1a346d918e1195a8ee76c",
                            "0x1c974",
                            2675,
                            16439
                        ],
                        [
                            "sload",
                            "0x6",
                            "0x1cd48",
                            1480,
                            18140
                        ],
                        [
                            "sload",
                            "0xf652222313e28459528d920b65115c16c04f3efc82aaedc97be59f3f377dd6b3",
                            "0x2b6bf008fd29c9deae02e",
                            1502,
                            18157
                        ],
                        [
                            "sload",
                            "0x6",
                            "0x1cd48",
                            1992,
                            18311
                        ],
                        [
                            "sload",
                            "0xf652222313e28459528d920b65115c16c04f3efc82aaedc97be59f3f377dda86",
                            "0x2d58fde12f18926ce0898",
                            2021,
                            18332
                        ]
                    ],
                    "0xc757acba3c0506218b3022266a9dc7f3612d85f5": [
                        [
                            "sload",
                            "0xe77a02b831bafea6529d0fa6306761f95ce91eebc497c1a628e364418a4a43a8",
                            "0xdd934428cc94dd8bc7217e8fad254bc9b14a0e9d44aa9593b93b1851dfb474a2",
                            7431,
                            16971
                        ],
                        [
                            "sload",
                            "0xa8c37c6aa647af533aa44cc8e7f630888dda60d28c97f9a982af2dee623e204f",
                            "0x56ed12c63b7fc212f5f37d",
                            7489,
                            17018
                        ],
                        [
                            "sload",
                            "0x3d060d583ae97c327b67c8605bc8c73afe8ceed735005a47681b00963a667e35",
                            "0x5f9e72bf",
                            7489,
                            17077
                        ],
                        [
                            "sload",
                            "0xad77bf801726b2c83e9e3fa10f319bf2df99397a561126e8c3df0f7596519f75",
                            "0xcb80de1af223445b8073db279f284aebe9f3b71553410fc4edb90823bab36c49",
                            4575,
                            17653
                        ],
                        [
                            "sload",
                            "0xefd817bfb55c8a8dfd5a24fc104be1f1ca6df08999d3a79bb5e058d0f28505b7",
                            "0x3a98",
                            4593,
                            17670
                        ],
                        [
                            "sload",
                            "0xe77a02b831bafea6529d0fa6306761f95ce91eebc497c1a628e364418a4a43a8",
                            "0xdd934428cc94dd8bc7217e8fad254bc9b14a0e9d44aa9593b93b1851dfb474a2",
                            8356,
                            17862
                        ],
                        [
                            "sload",
                            "0x4015a85de73614ac62d09dca67017cfe3b4ab0e07bea10038e8e2ef540c71101",
                            "0x0",
                            8374,
                            17879
                        ]
                    ]
                }
            ]
        ],
        [
            [
                "ether",
                "0x2367012ab9c3da91290f71590d5ce217721eefe4",
                "0x7cd5e2d0056a7a7f09cbb86e540ef4f6dccc97dd",
                4790400000000000000
            ],
            [
                "ether",
                "0x7cd5e2d0056a7a7f09cbb86e540ef4f6dccc97dd",
                "0x888331bf47ea0a5398a0a63295c295750f8e3dcd",
                4790400000000000000
            ]
        ]
    ]
}