{
    "0x01944f3639cd382e8228b6846edde0aa80c7e6d5f2a73cfedc73e1e969636509": [
        [
            [
                "0x6461e964d687e7ca3082becc595d079c6c775ac8",
                "0x89afb5b7",
                "complete",
                405,
                1750,
                "staticcall",
                {
                    "0x6461e964d687e7ca3082becc595d079c6c775ac8": [
                        [
                            "sload",
                            "0x9f43fe7f4c655e385b198003e595b6958d4fa1901d8e425e54e1fda4a402dc52",
                            "0xfecaa02c9c6153695fa8921bc00f7544e3f12d8b",
                            237,
                            480
                        ],
                        [
                            "sload",
                            "0x69",
                            "0x4e3b31eb0e5cb73641ee1e65e7dcefe520ba3ef2",
                            18822,
                            565
                        ],
                        [
                            "sload",
                            "0x6b",
                            "0x7cd5e2d0056a7a7f09cbb86e540ef4f6dccc97dd",
                            19055,
                            831
                        ],
                        [
                            "sload",
                            "0x69",
                            "0x4e3b31eb0e5cb73641ee1e65e7dcefe520ba3ef2",
                            14425,
                            1065
                        ],
                        [
                            "sload",
                            "0x6b",
                            "0x7cd5e2d0056a7a7f09cbb86e540ef4f6dccc97dd",
                            14658,
                            1331
                        ]
                    ],
                    "0x4e3b31eb0e5cb73641ee1e65e7dcefe520ba3ef2": [
                        [
                            "sload",
                            "0x2",
                            "0x61166014e3f04e40c953fe4eab9d9e40863c83ae",
                            112,
                            675
                        ],
                        [
                            "sload",
                            "0x2",
                            "0x61166014e3f04e40c953fe4eab9d9e40863c83ae",
                            112,
                            1175
                        ]
                    ],
                    "0x61166014e3f04e40c953fe4eab9d9e40863c83ae": [
                        [
                            "sload",
                            "0x3a9bbf3e5b8c050f68e0b6554fb2b10cb0cc724edefb516f37f1243e161c445a",
                            "0xb671f2210b1f6621a2607ea63e6b2dc3e2464d1f",
                            843,
                            746
                        ],
                        [
                            "sload",
                            "0x51f38688f87154c662604be3141634be357ad12d2dc09472c85be2e8f008ad89",
                            "0x6eb3ac83701f624baefbc50db654b53d1f51dc94",
                            843,
                            1246
                        ]
                    ],
                    "0xb671f2210b1f6621a2607ea63e6b2dc3e2464d1f": [
                        [
                            "sload",
                            "0x8320c8f71797a5781ba9147363d2cb7744e0515a95372254e05e49029ef5a06",
                            "0x8092a86a8a4ff3115d",
                            2685,
                            997
                        ]
                    ],
                    "0x6eb3ac83701f624baefbc50db654b53d1f51dc94": [
                        [
                            "sload",
                            "0x7",
                            "0x5b1b5fea1b99d83ad479df0c222f0492385381dd",
                            9903,
                            1452
                        ]
                    ],
                    "0x5b1b5fea1b99d83ad479df0c222f0492385381dd": [
                        [
                            "sload",
                            "0x61a83ba1c9dd1ed7aff0f2e795b1c490864715ea4a493c91292181bc982b04ef",
                            "0x1c1fa5feabb9f76d5c49",
                            788,
                            1573
                        ]
                    ]
                }
            ],
            [
                "0x6461e964d687e7ca3082becc595d079c6c775ac8",
                "0x9d765ea6",
                "complete",
                1859,
                10243,
                "staticcall",
                {
                    "0x6461e964d687e7ca3082becc595d079c6c775ac8": [
                        [
                            "sload",
                            "0x9f43fe7f4c655e385b198003e595b6958d4fa1901d8e425e54e1fda4a402dc52",
                            "0xfecaa02c9c6153695fa8921bc00f7544e3f12d8b",
                            237,
                            1934
                        ],
                        [
                            "sload",
                            "0x6d",
                            "0x93e01899c10532d76c0e864537a1d26433dbbddb",
                            22431,
                            2059
                        ],
                        [
                            "sload",
                            "0x6d",
                            "0x93e01899c10532d76c0e864537a1d26433dbbddb",
                            22431,
                            2459
                        ],
                        [
                            "sload",
                            "0x6d",
                            "0x93e01899c10532d76c0e864537a1d26433dbbddb",
                            17520,
                            3094
                        ],
                        [
                            "sload",
                            "0x6d",
                            "0x93e01899c10532d76c0e864537a1d26433dbbddb",
                            16890,
                            3286
                        ],
                        [
                            "sload",
                            "0x6d",
                            "0x93e01899c10532d76c0e864537a1d26433dbbddb",
                            16631,
                            3490
                        ],
                        [
                            "sload",
                            "0x6b",
                            "0x7cd5e2d0056a7a7f09cbb86e540ef4f6dccc97dd",
                            16693,
                            3504
                        ],
                        [
                            "sload",
                            "0x73",
                            "0xc02aaa39b223fe8d0a0e5c4f27ead9083c756cc2",
                            18135,
                            4048
                        ],
                        [
                            "sload",
                            "0x6d",
                            "0x93e01899c10532d76c0e864537a1d26433dbbddb",
                            22431,
                            4077
                        ],
                        [
                            "sload",
                            "0x71",
                            "0x7345544800000000000000000000000000000000000000000000000000000000",
                            18258,
                            4737
                        ],
                        [
                            "sload",
                            "0x6d",
                            "0x93e01899c10532d76c0e864537a1d26433dbbddb",
                            22431,
                            4766
                        ],
                        [
                            "sload",
                            "0x69",
                            "0x4e3b31eb0e5cb73641ee1e65e7dcefe520ba3ef2",
                            18275,
                            5425
                        ],
                        [
                            "sload",
                            "0x69",
                            "0x4e3b31eb0e5cb73641ee1e65e7dcefe520ba3ef2",
                            18275,
                            7511
                        ],
                        [
                            "sload",
                            "0x6b",
                            "0x7cd5e2d0056a7a7f09cbb86e540ef4f6dccc97dd",
                            8244,
                            10019
                        ]
                    ],
                    "0x93e01899c10532d76c0e864537a1d26433dbbddb": [
                        [
                            "sload",
                            "0xe",
                            "0xbda30509532732cf390bcc43d841abe9f75ad2ef",
                            1856,
                            2170
                        ],
                        [
                            "sload",
                            "0xe",
                            "0xbda30509532732cf390bcc43d841abe9f75ad2ef",
                            1856,
                            2570
                        ],
                        [
                            "sload",
                            "0xf",
                            "0x25a46",
                            1442,
                            3186
                        ],
                        [
                            "sload",
                            "0xc",
                            "0xf4240",
                            2131,
                            3387
                        ],
                        [
                            "sload",
                            "0xf9a162b9fdff8cea9adfe641c0dc2d4a460cf20b502322a3e58d906986c2215e",
                            "0x4f89148d16426aa40",
                            2775,
                            3696
                        ],
                        [
                            "sload",
                            "0xe",
                            "0xbda30509532732cf390bcc43d841abe9f75ad2ef",
                            1856,
                            4188
                        ],
                        [
                            "sload",
                            "0xe",
                            "0xbda30509532732cf390bcc43d841abe9f75ad2ef",
                            1856,
                            4877
                        ]
                    ],
                    "0xbda30509532732cf390bcc43d841abe9f75ad2ef": [
                        [
                            "sload",
                            "0x6",
                            "0xf4240",
                            1842,
                            2385
                        ],
                        [
                            "sload",
                            "0x8",
                            "0x1",
                            1164,
                            2763
                        ],
                        [
                            "sload",
                            "0x8",
                            "0x1",
                            1193,
                            2787
                        ],
                        [
                            "sload",
                            "0xf3f7a9fe364faab93b216da50a3214154f22a0a2b415b23a84c8169e8b636ee3",
                            "0x400000",
                            1218,
                            2806
                        ],
                        [
                            "sload",
                            "0x7",
                            "0x1",
                            1975,
                            4395
                        ],
                        [
                            "sload",
                            "0x7",
                            "0x1",
                            2004,
                            4419
                        ],
                        [
                            "sload",
                            "0xa66cc928b5edb82af9bd49922954155ab7b0942694bea4ce44661d9a8736c688",
                            "0xc02aaa39b223fe8d0a0e5c4f27ead9083c756cc2",
                            2029,
                            4438
                        ],
                        [
                            "sload",
                            "0x7",
                            "0x1",
                            1975,
                            5084
                        ],
                        [
                            "sload",
                            "0x7",
                            "0x1",
                            2004,
                            5108
                        ],
                        [
                            "sload",
                            "0xa66cc928b5edb82af9bd49922954155ab7b0942694bea4ce44661d9a8736c688",
                            "0xc02aaa39b223fe8d0a0e5c4f27ead9083c756cc2",
                            2029,
                            5127
                        ]
                    ],
                    "0x4e3b31eb0e5cb73641ee1e65e7dcefe520ba3ef2": [
                        [
                            "sload",
                            "0x2",
                            "0x61166014e3f04e40c953fe4eab9d9e40863c83ae",
                            112,
                            5535
                        ],
                        [
                            "sload",
                            "0x2",
                            "0x61166014e3f04e40c953fe4eab9d9e40863c83ae",
                            112,
                            7621
                        ]
                    ],
                    "0x61166014e3f04e40c953fe4eab9d9e40863c83ae": [
                        [
                            "sload",
                            "0xe931ecf99842d82a079c6bd06e7d927682e36c6a2e936c3ef8c9f06bc526257c",
                            "0xda80e6024bc82c9fe9e4e6760a9769cf0d231e80",
                            843,
                            5606
                        ],
                        [
                            "sload",
                            "0xe931ecf99842d82a079c6bd06e7d927682e36c6a2e936c3ef8c9f06bc526257c",
                            "0xda80e6024bc82c9fe9e4e6760a9769cf0d231e80",
                            843,
                            7692
                        ]
                    ],
                    "0xda80e6024bc82c9fe9e4e6760a9769cf0d231e80": [
                        [
                            "sload",
                            "0xe293e4b088f7e9eb5d95d32477b5deccaff9fa87cfabb4656b7836cb9f8d1e0e",
                            "0x5f4ec3df9cbd43714fe2740f5e3616155c5b8419",
                            12447,
                            5857
                        ],
                        [
                            "sload",
                            "0x93d33525b4169d21fe991d40d100b3a7774323b7344bcc9d6cbd3893a3c59167",
                            "0x8",
                            15993,
                            7087
                        ],
                        [
                            "sload",
                            "0x93d33525b4169d21fe991d40d100b3a7774323b7344bcc9d6cbd3893a3c59167",
                            "0x8",
                            16016,
                            7103
                        ],
                        [
                            "sload",
                            "0x151bcf36d3896a788df4ddbe5c4bd249b2dce608091a9782db524aab3c91ec9f",
                            "0x0",
                            16099,
                            7248
                        ],
                        [
                            "sload",
                            "0x151bcf36d3896a788df4ddbe5c4bd249b2dce608091a9782db524aab3c91eca0",
                            "0x0",
                            16107,
                            7255
                        ],
                        [
                            "sload",
                            "0x151bcf36d3896a788df4ddbe5c4bd249b2dce608091a9782db524aab3c91eca1",
                            "0x0",
                            16119,
                            7266
                        ],
                        [
                            "sload",
                            "0x151bcf36d3896a788df4ddbe5c4bd249b2dce608091a9782db524aab3c91eca2",
                            "0x0",
                            16130,
                            7276
                        ],
                        [
                            "sload",
                            "0xe293e4b088f7e9eb5d95d32477b5deccaff9fa87cfabb4656b7836cb9f8d1e0e",
                            "0x5f4ec3df9cbd43714fe2740f5e3616155c5b8419",
                            12447,
                            7943
                        ],
                        [
                            "sload",
                            "0x93d33525b4169d21fe991d40d100b3a7774323b7344bcc9d6cbd3893a3c59167",
                            "0x8",
                            15993,
                            9173
                        ],
                        [
                            "sload",
                            "0x93d33525b4169d21fe991d40d100b3a7774323b7344bcc9d6cbd3893a3c59167",
                            "0x8",
                            16016,
                            9189
                        ],
                        [
                            "sload",
                            "0x151bcf36d3896a788df4ddbe5c4bd249b2dce608091a9782db524aab3c91ec9f",
                            "0x0",
                            16099,
                            9334
                        ],
                        [
                            "sload",
                            "0x151bcf36d3896a788df4ddbe5c4bd249b2dce608091a9782db524aab3c91eca0",
                            "0x0",
                            16107,
                            9341
                        ],
                        [
                            "sload",
                            "0x151bcf36d3896a788df4ddbe5c4bd249b2dce608091a9782db524aab3c91eca1",
                            "0x0",
                            16119,
                            9352
                        ],
                        [
                            "sload",
                            "0x151bcf36d3896a788df4ddbe5c4bd249b2dce608091a9782db524aab3c91eca2",
                            "0x0",
                            16130,
                            9362
                        ]
                    ],
                    "0x5f4ec3df9cbd43714fe2740f5e3616155c5b8419": [
                        [
                            "sload",
                            "0x5",
                            "0x0",
                            6661,
                            6013
                        ],
                        [
                            "sload",
                            "0x2",
                            "0xc7a37b03690fb9f41b5c5af8131735c72754460003",
                            9144,
                            6078
                        ],
                        [
                            "sload",
                            "0x5",
                            "0x0",
                            6661,
                            8099
                        ],
                        [
                            "sload",
                            "0x2",
                            "0xc7a37b03690fb9f41b5c5af8131735c72754460003",
                            9144,
                            8164
                        ]
                    ],
                    "0x00c7a37b03690fb9f41b5c5af8131735c7275446": [
                        [
                            "sload",
                            "0x72f51acc89880944eb5cd2305b535833aca264b11d016d92b62ce0ff7023ab79",
                            "0x1",
                            18103,
                            6280
                        ],
                        [
                            "sload",
                            "0x7",
                            "0x87700000877",
                            19855,
                            6325
                        ],
                        [
                            "sload",
                            "0x72f51acc89880944eb5cd2305b535833aca264b11d016d92b62ce0ff7023ab79",
                            "0x1",
                            18103,
                            6416
                        ],
                        [
                            "sload",
                            "0xd1eb420c8390694ce85065bbad91373455b909ae339feadb20d7782244464369",
                            "0x8defa092b",
                            19396,
                            6523
                        ],
                        [
                            "sload",
                            "0xd1eb420c8390694ce85065bbad91373455b909ae339feadb20d778224446436a",
                            "0x877000000005fa26c6f000000005fa26c5b",
                            19404,
                            6530
                        ],
                        [
                            "sload",
                            "0x72f51acc89880944eb5cd2305b535833aca264b11d016d92b62ce0ff7023ab79",
                            "0x1",
                            18103,
                            8366
                        ],
                        [
                            "sload",
                            "0x7",
                            "0x87700000877",
                            19855,
                            8411
                        ],
                        [
                            "sload",
                            "0x72f51acc89880944eb5cd2305b535833aca264b11d016d92b62ce0ff7023ab79",
                            "0x1",
                            18103,
                            8502
                        ],
                        [
                            "sload",
                            "0xd1eb420c8390694ce85065bbad91373455b909ae339feadb20d7782244464369",
                            "0x8defa092b",
                            19396,
                            8609
                        ],
                        [
                            "sload",
                            "0xd1eb420c8390694ce85065bbad91373455b909ae339feadb20d778224446436a",
                            "0x877000000005fa26c6f000000005fa26c5b",
                            19404,
                            8616
                        ]
                    ],
                    "0xc02aaa39b223fe8d0a0e5c4f27ead9083c756cc2": [
                        [
                            "sload",
                            "0x2",
                            "0x12",
                            2827,
                            9678
                        ]
                    ]
                }
            ],
            [
                "0x6461e964d687e7ca3082becc595d079c6c775ac8",
                "0x47029e4b",
                "complete",
                61633,
                69629,
                "staticcall",
                {
                    "0x6461e964d687e7ca3082becc595d079c6c775ac8": [
                        [
                            "sload",
                            "0x9f43fe7f4c655e385b198003e595b6958d4fa1901d8e425e54e1fda4a402dc52",
                            "0xfecaa02c9c6153695fa8921bc00f7544e3f12d8b",
                            237,
                            61702
                        ],
                        [
                            "sload",
                            "0x69",
                            "0x4e3b31eb0e5cb73641ee1e65e7dcefe520ba3ef2",
                            18822,
                            61872
                        ],
                        [
                            "sload",
                            "0x6b",
                            "0x7cd5e2d0056a7a7f09cbb86e540ef4f6dccc97dd",
                            19055,
                            62138
                        ],
                        [
                            "sload",
                            "0x69",
                            "0x4e3b31eb0e5cb73641ee1e65e7dcefe520ba3ef2",
                            14425,
                            62372
                        ],
                        [
                            "sload",
                            "0x6b",
                            "0x7cd5e2d0056a7a7f09cbb86e540ef4f6dccc97dd",
                            14658,
                            62638
                        ],
                        [
                            "sload",
                            "0x69",
                            "0x4e3b31eb0e5cb73641ee1e65e7dcefe520ba3ef2",
                            14855,
                            63378
                        ],
                        [
                            "sload",
                            "0x6b",
                            "0x7cd5e2d0056a7a7f09cbb86e540ef4f6dccc97dd",
                            15088,
                            63644
                        ],
                        [
                            "sload",
                            "0x69",
                            "0x4e3b31eb0e5cb73641ee1e65e7dcefe520ba3ef2",
                            18275,
                            67008
                        ]
                    ],
                    "0x4e3b31eb0e5cb73641ee1e65e7dcefe520ba3ef2": [
                        [
                            "sload",
                            "0x2",
                            "0x61166014e3f04e40c953fe4eab9d9e40863c83ae",
                            112,
                            61982
                        ],
                        [
                            "sload",
                            "0x2",
                            "0x61166014e3f04e40c953fe4eab9d9e40863c83ae",
                            112,
                            62482
                        ],
                        [
                            "sload",
                            "0x2",
                            "0x61166014e3f04e40c953fe4eab9d9e40863c83ae",
                            112,
                            63488
                        ],
                        [
                            "sload",
                            "0x2",
                            "0x61166014e3f04e40c953fe4eab9d9e40863c83ae",
                            112,
                            67118
                        ]
                    ],
                    "0x61166014e3f04e40c953fe4eab9d9e40863c83ae": [
                        [
                            "sload",
                            "0x3a9bbf3e5b8c050f68e0b6554fb2b10cb0cc724edefb516f37f1243e161c445a",
                            "0xb671f2210b1f6621a2607ea63e6b2dc3e2464d1f",
                            843,
                            62053
                        ],
                        [
                            "sload",
                            "0x51f38688f87154c662604be3141634be357ad12d2dc09472c85be2e8f008ad89",
                            "0x6eb3ac83701f624baefbc50db654b53d1f51dc94",
                            843,
                            62553
                        ],
                        [
                            "sload",
                            "0x51f38688f87154c662604be3141634be357ad12d2dc09472c85be2e8f008ad89",
                            "0x6eb3ac83701f624baefbc50db654b53d1f51dc94",
                            843,
                            63559
                        ],
                        [
                            "sload",
                            "0xe931ecf99842d82a079c6bd06e7d927682e36c6a2e936c3ef8c9f06bc526257c",
                            "0xda80e6024bc82c9fe9e4e6760a9769cf0d231e80",
                            843,
                            67189
                        ]
                    ],
                    "0xb671f2210b1f6621a2607ea63e6b2dc3e2464d1f": [
                        [
                            "sload",
                            "0x8320c8f71797a5781ba9147363d2cb7744e0515a95372254e05e49029ef5a06",
                            "0x8092a86a8a4ff3115d",
                            2685,
                            62304
                        ]
                    ],
                    "0x6eb3ac83701f624baefbc50db654b53d1f51dc94": [
                        [
                            "sload",
                            "0x7",
                            "0x5b1b5fea1b99d83ad479df0c222f0492385381dd",
                            9903,
                            62759
                        ],
                        [
                            "sload",
                            "0xa650f3b8fe2db44373e4292d1d2aec7564f99ceb9da4e706355012164102a1b8",
                            "0x2ba226a6134516457471583ae172457b189187c0",
                            18965,
                            63833
                        ]
                    ],
                    "0x5b1b5fea1b99d83ad479df0c222f0492385381dd": [
                        [
                            "sload",
                            "0x61a83ba1c9dd1ed7aff0f2e795b1c490864715ea4a493c91292181bc982b04ef",
                            "0x1c2029f81759c08640b6",
                            788,
                            62880
                        ]
                    ],
                    "0x2ba226a6134516457471583ae172457b189187c0": [
                        [
                            "sload",
                            "0x305e0cb22db82f955deaac098b0342395170c438cacaba395dcbcf091ef40273",
                            "0x4b9ca5607f1ff8019c1c6a3c2f0cc8de622d5b82",
                            20975,
                            64044
                        ],
                        [
                            "sload",
                            "0x305e0cb22db82f955deaac098b0342395170c438cacaba395dcbcf091ef40273",
                            "0x4b9ca5607f1ff8019c1c6a3c2f0cc8de622d5b82",
                            20975,
                            64341
                        ],
                        [
                            "sload",
                            "0x563a8a19823933e751ef690567f0351d13ee18500841743a77290b3deeac37d",
                            "0xc757acba3c0506218b3022266a9dc7f3612d85f5",
                            20975,
                            64650
                        ],
                        [
                            "sload",
                            "0x563a8a19823933e751ef690567f0351d13ee18500841743a77290b3deeac37d",
                            "0xc757acba3c0506218b3022266a9dc7f3612d85f5",
                            20975,
                            65581
                        ],
                        [
                            "sload",
                            "0x4f6a91f00b98bf359fd33bd3fa85b7f95ed0c066939a15ba46c0abc2656c209c",
                            "0xda80e6024bc82c9fe9e4e6760a9769cf0d231e80",
                            20975,
                            66083
                        ]
                    ],
                    "0x4b9ca5607f1ff8019c1c6a3c2f0cc8de622d5b82": [
                        [
                            "sload",
                            "0x4a842506e93d09bbb6c24c00696e5cd84329c04907c1a346d918e1195a8ee76b",
                            "0x76633355e4cc6c381f50",
                            2669,
                            64233
                        ],
                        [
                            "sload",
                            "0x4a842506e93d09bbb6c24c00696e5cd84329c04907c1a346d918e1195a8ee76c",
                            "0x1cf4a",
                            2675,
                            64238
                        ],
                        [
                            "sload",
                            "0x4a842506e93d09bbb6c24c00696e5cd84329c04907c1a346d918e1195a8ee76b",
                            "0x76633355e4cc6c381f50",
                            2669,
                            64538
                        ],
                        [
                            "sload",
                            "0x4a842506e93d09bbb6c24c00696e5cd84329c04907c1a346d918e1195a8ee76c",
                            "0x1cf4a",
                            2675,
                            64543
                        ],
                        [
                            "sload",
                            "0x6",
                            "0x1cf97",
                            1480,
                            66244
                        ],
                        [
                            "sload",
                            "0xf652222313e28459528d920b65115c16c04f3efc82aaedc97be59f3f377ddc89",
                            "0x2ed452b562873dd1abe22",
                            1502,
                            66261
                        ],
                        [
                            "sload",
                            "0x6",
                            "0x1cf97",
                            1992,
                            66415
                        ],
                        [
                            "sload",
                            "0xf652222313e28459528d920b65115c16c04f3efc82aaedc97be59f3f377ddcd5",
                            "0x2edfb4e51a3e12ee90df3",
                            2021,
                            66436
                        ]
                    ],
                    "0xc757acba3c0506218b3022266a9dc7f3612d85f5": [
                        [
                            "sload",
                            "0xe77a02b831bafea6529d0fa6306761f95ce91eebc497c1a628e364418a4a43a8",
                            "0xdd934428cc94dd8bc7217e8fad254bc9b14a0e9d44aa9593b93b1851dfb474a2",
                            7431,
                            65075
                        ],
                        [
                            "sload",
                            "0xa8c37c6aa647af533aa44cc8e7f630888dda60d28c97f9a982af2dee623e204f",
                            "0x53eeb2a7af411d59525d5e",
                            7489,
                            65122
                        ],
                        [
                            "sload",
                            "0x3d060d583ae97c327b67c8605bc8c73afe8ceed735005a47681b00963a667e35",
                            "0x5fa23aff",
                            7489,
                            65181
                        ],
                        [
                            "sload",
                            "0xad77bf801726b2c83e9e3fa10f319bf2df99397a561126e8c3df0f7596519f75",
                            "0xcb80de1af223445b8073db279f284aebe9f3b71553410fc4edb90823bab36c49",
                            4575,
                            65757
                        ],
                        [
                            "sload",
                            "0xefd817bfb55c8a8dfd5a24fc104be1f1ca6df08999d3a79bb5e058d0f28505b7",
                            "0x3a98",
                            4593,
                            65774
                        ],
                        [
                            "sload",
                            "0xe77a02b831bafea6529d0fa6306761f95ce91eebc497c1a628e364418a4a43a8",
                            "0xdd934428cc94dd8bc7217e8fad254bc9b14a0e9d44aa9593b93b1851dfb474a2",
                            8356,
                            65966
                        ],
                        [
                            "sload",
                            "0x4015a85de73614ac62d09dca67017cfe3b4ab0e07bea10038e8e2ef540c71101",
                            "0x0",
                            8374,
                            65983
                        ]
                    ],
                    "0xda80e6024bc82c9fe9e4e6760a9769cf0d231e80": [
                        [
                            "sload",
                            "0xe293e4b088f7e9eb5d95d32477b5deccaff9fa87cfabb4656b7836cb9f8d1e0e",
                            "0x5f4ec3df9cbd43714fe2740f5e3616155c5b8419",
                            12447,
                            67440
                        ],
                        [
                            "sload",
                            "0x93d33525b4169d21fe991d40d100b3a7774323b7344bcc9d6cbd3893a3c59167",
                            "0x8",
                            15993,
                            68670
                        ],
                        [
                            "sload",
                            "0x93d33525b4169d21fe991d40d100b3a7774323b7344bcc9d6cbd3893a3c59167",
                            "0x8",
                            16016,
                            68686
                        ],
                        [
                            "sload",
                            "0x151bcf36d3896a788df4ddbe5c4bd249b2dce608091a9782db524aab3c91ec9f",
                            "0x0",
                            16099,
                            68831
                        ],
                        [
                            "sload",
                            "0x151bcf36d3896a788df4ddbe5c4bd249b2dce608091a9782db524aab3c91eca0",
                            "0x0",
                            16107,
                            68838
                        ],
                        [
                            "sload",
                            "0x151bcf36d3896a788df4ddbe5c4bd249b2dce608091a9782db524aab3c91eca1",
                            "0x0",
                            16119,
                            68849
                        ],
                        [
                            "sload",
                            "0x151bcf36d3896a788df4ddbe5c4bd249b2dce608091a9782db524aab3c91eca2",
                            "0x0",
                            16130,
                            68859
                        ]
                    ],
                    "0x5f4ec3df9cbd43714fe2740f5e3616155c5b8419": [
                        [
                            "sload",
                            "0x5",
                            "0x0",
                            6661,
                            67596
                        ],
                        [
                            "sload",
                            "0x2",
                            "0xc7a37b03690fb9f41b5c5af8131735c72754460003",
                            9144,
                            67661
                        ]
                    ],
                    "0x00c7a37b03690fb9f41b5c5af8131735c7275446": [
                        [
                            "sload",
                            "0x72f51acc89880944eb5cd2305b535833aca264b11d016d92b62ce0ff7023ab79",
                            "0x1",
                            18103,
                            67863
                        ],
                        [
                            "sload",
                            "0x7",
                            "0x87700000877",
                            19855,
                            67908
                        ],
                        [
                            "sload",
                            "0x72f51acc89880944eb5cd2305b535833aca264b11d016d92b62ce0ff7023ab79",
                            "0x1",
                            18103,
                            67999
                        ],
                        [
                            "sload",
                            "0xd1eb420c8390694ce85065bbad91373455b909ae339feadb20d7782244464369",
                            "0x8defa092b",
                            19396,
                            68106
                        ],
                        [
                            "sload",
                            "0xd1eb420c8390694ce85065bbad91373455b909ae339feadb20d778224446436a",
                            "0x877000000005fa26c6f000000005fa26c5b",
                            19404,
                            68113
                        ]
                    ]
                }
            ]
        ],
        [
            [
                "0xc011a73ee8576fb46f5e1c5751ca3b9fe0af2a6f",
                "0x2367012ab9c3da91290f71590d5ce217721eefe4",
                "0x7cd5e2d0056a7a7f09cbb86e540ef4f6dccc97dd",
                9509750422187336813
            ],
            [
                "0x6eb3ac83701f624baefbc50db654b53d1f51dc94",
                "0xc011a73ee8576fb46f5e1c5751ca3b9fe0af2a6f",
                "0x7cd5e2d0056a7a7f09cbb86e540ef4f6dccc97dd",
                9509750422187336813
            ]
        ]
    ]
}