{
    "0x6579f911b1466bf2de8115120e800672df5fa2a0b580eeaeafecf1d3a1a43414": [
        [
            [
                "0x6461e964d687e7ca3082becc595d079c6c775ac8",
                "0x89afb5b7",
                "complete",
                230,
                1580,
                "staticcall",
                {
                    "0x6461e964d687e7ca3082becc595d079c6c775ac8": [
                        [
                            "sload",
                            "0x9f43fe7f4c655e385b198003e595b6958d4fa1901d8e425e54e1fda4a402dc52",
                            "0xfecaa02c9c6153695fa8921bc00f7544e3f12d8b",
                            237,
                            305
                        ],
                        [
                            "sload",
                            "0x69",
                            "0x4e3b31eb0e5cb73641ee1e65e7dcefe520ba3ef2",
                            18822,
                            390
                        ],
                        [
                            "sload",
                            "0x6b",
                            "0x7cd5e2d0056a7a7f09cbb86e540ef4f6dccc97dd",
                            19055,
                            656
                        ],
                        [
                            "sload",
                            "0x69",
                            "0x4e3b31eb0e5cb73641ee1e65e7dcefe520ba3ef2",
                            14425,
                            890
                        ],
                        [
                            "sload",
                            "0x6b",
                            "0x7cd5e2d0056a7a7f09cbb86e540ef4f6dccc97dd",
                            14658,
                            1156
                        ]
                    ],
                    "0x4e3b31eb0e5cb73641ee1e65e7dcefe520ba3ef2": [
                        [
                            "sload",
                            "0x2",
                            "0x61166014e3f04e40c953fe4eab9d9e40863c83ae",
                            112,
                            500
                        ],
                        [
                            "sload",
                            "0x2",
                            "0x61166014e3f04e40c953fe4eab9d9e40863c83ae",
                            112,
                            1000
                        ]
                    ],
                    "0x61166014e3f04e40c953fe4eab9d9e40863c83ae": [
                        [
                            "sload",
                            "0x3a9bbf3e5b8c050f68e0b6554fb2b10cb0cc724edefb516f37f1243e161c445a",
                            "0xb671f2210b1f6621a2607ea63e6b2dc3e2464d1f",
                            843,
                            571
                        ],
                        [
                            "sload",
                            "0x51f38688f87154c662604be3141634be357ad12d2dc09472c85be2e8f008ad89",
                            "0xf87a0587fe48ca05dd68a514ce387c0d4d3ae31c",
                            843,
                            1071
                        ]
                    ],
                    "0xb671f2210b1f6621a2607ea63e6b2dc3e2464d1f": [
                        [
                            "sload",
                            "0x8320c8f71797a5781ba9147363d2cb7744e0515a95372254e05e49029ef5a06",
                            "0x16e16f2328634aec2ab",
                            2685,
                            822
                        ]
                    ],
                    "0xf87a0587fe48ca05dd68a514ce387c0d4d3ae31c": [
                        [
                            "sload",
                            "0x5",
                            "0x5b1b5fea1b99d83ad479df0c222f0492385381dd",
                            9336,
                            1282
                        ]
                    ],
                    "0x5b1b5fea1b99d83ad479df0c222f0492385381dd": [
                        [
                            "sload",
                            "0x61a83ba1c9dd1ed7aff0f2e795b1c490864715ea4a493c91292181bc982b04ef",
                            "0x2349529ec5cb49e417da",
                            788,
                            1403
                        ]
                    ]
                }
            ],
            [
                "0x6461e964d687e7ca3082becc595d079c6c775ac8",
                "0x2bdbe219",
                "complete",
                7716,
                25982,
                "staticcall",
                {
                    "0x6461e964d687e7ca3082becc595d079c6c775ac8": [
                        [
                            "sload",
                            "0x9f43fe7f4c655e385b198003e595b6958d4fa1901d8e425e54e1fda4a402dc52",
                            "0xfecaa02c9c6153695fa8921bc00f7544e3f12d8b",
                            237,
                            7785
                        ],
                        [
                            "sload",
                            "0x69",
                            "0x4e3b31eb0e5cb73641ee1e65e7dcefe520ba3ef2",
                            18275,
                            7917
                        ],
                        [
                            "sload",
                            "0x69",
                            "0x4e3b31eb0e5cb73641ee1e65e7dcefe520ba3ef2",
                            18275,
                            10039
                        ],
                        [
                            "sload",
                            "0x6b",
                            "0x7cd5e2d0056a7a7f09cbb86e540ef4f6dccc97dd",
                            8244,
                            12394
                        ],
                        [
                            "sload",
                            "0x6d",
                            "0x93e01899c10532d76c0e864537a1d26433dbbddb",
                            22431,
                            12440
                        ],
                        [
                            "sload",
                            "0x6d",
                            "0x93e01899c10532d76c0e864537a1d26433dbbddb",
                            22431,
                            12840
                        ],
                        [
                            "sload",
                            "0x6d",
                            "0x93e01899c10532d76c0e864537a1d26433dbbddb",
                            17520,
                            13475
                        ],
                        [
                            "sload",
                            "0x6d",
                            "0x93e01899c10532d76c0e864537a1d26433dbbddb",
                            16890,
                            13667
                        ],
                        [
                            "sload",
                            "0x6d",
                            "0x93e01899c10532d76c0e864537a1d26433dbbddb",
                            16631,
                            13871
                        ],
                        [
                            "sload",
                            "0x6b",
                            "0x7cd5e2d0056a7a7f09cbb86e540ef4f6dccc97dd",
                            16693,
                            13885
                        ],
                        [
                            "sload",
                            "0x73",
                            "0xc02aaa39b223fe8d0a0e5c4f27ead9083c756cc2",
                            18135,
                            14429
                        ],
                        [
                            "sload",
                            "0x6d",
                            "0x93e01899c10532d76c0e864537a1d26433dbbddb",
                            22431,
                            14458
                        ],
                        [
                            "sload",
                            "0x71",
                            "0x7345544800000000000000000000000000000000000000000000000000000000",
                            18258,
                            15118
                        ],
                        [
                            "sload",
                            "0x6d",
                            "0x93e01899c10532d76c0e864537a1d26433dbbddb",
                            22431,
                            15147
                        ],
                        [
                            "sload",
                            "0x69",
                            "0x4e3b31eb0e5cb73641ee1e65e7dcefe520ba3ef2",
                            18275,
                            15806
                        ],
                        [
                            "sload",
                            "0x69",
                            "0x4e3b31eb0e5cb73641ee1e65e7dcefe520ba3ef2",
                            18275,
                            17904
                        ],
                        [
                            "sload",
                            "0x69",
                            "0x4e3b31eb0e5cb73641ee1e65e7dcefe520ba3ef2",
                            14855,
                            20607
                        ],
                        [
                            "sload",
                            "0x6b",
                            "0x7cd5e2d0056a7a7f09cbb86e540ef4f6dccc97dd",
                            15088,
                            20873
                        ],
                        [
                            "sload",
                            "0x69",
                            "0x4e3b31eb0e5cb73641ee1e65e7dcefe520ba3ef2",
                            18275,
                            23349
                        ]
                    ],
                    "0x4e3b31eb0e5cb73641ee1e65e7dcefe520ba3ef2": [
                        [
                            "sload",
                            "0x2",
                            "0x61166014e3f04e40c953fe4eab9d9e40863c83ae",
                            112,
                            8027
                        ],
                        [
                            "sload",
                            "0x2",
                            "0x61166014e3f04e40c953fe4eab9d9e40863c83ae",
                            112,
                            10149
                        ],
                        [
                            "sload",
                            "0x2",
                            "0x61166014e3f04e40c953fe4eab9d9e40863c83ae",
                            112,
                            15916
                        ],
                        [
                            "sload",
                            "0x2",
                            "0x61166014e3f04e40c953fe4eab9d9e40863c83ae",
                            112,
                            18014
                        ],
                        [
                            "sload",
                            "0x2",
                            "0x61166014e3f04e40c953fe4eab9d9e40863c83ae",
                            112,
                            20717
                        ],
                        [
                            "sload",
                            "0x2",
                            "0x61166014e3f04e40c953fe4eab9d9e40863c83ae",
                            112,
                            23459
                        ]
                    ],
                    "0x61166014e3f04e40c953fe4eab9d9e40863c83ae": [
                        [
                            "sload",
                            "0xe931ecf99842d82a079c6bd06e7d927682e36c6a2e936c3ef8c9f06bc526257c",
                            "0xa68c6020ff9ea79f05345cdd2ce37df4b89478ed",
                            843,
                            8098
                        ],
                        [
                            "sload",
                            "0xe931ecf99842d82a079c6bd06e7d927682e36c6a2e936c3ef8c9f06bc526257c",
                            "0xa68c6020ff9ea79f05345cdd2ce37df4b89478ed",
                            843,
                            10220
                        ],
                        [
                            "sload",
                            "0xe931ecf99842d82a079c6bd06e7d927682e36c6a2e936c3ef8c9f06bc526257c",
                            "0xa68c6020ff9ea79f05345cdd2ce37df4b89478ed",
                            843,
                            15987
                        ],
                        [
                            "sload",
                            "0xe931ecf99842d82a079c6bd06e7d927682e36c6a2e936c3ef8c9f06bc526257c",
                            "0xa68c6020ff9ea79f05345cdd2ce37df4b89478ed",
                            843,
                            18085
                        ],
                        [
                            "sload",
                            "0x51f38688f87154c662604be3141634be357ad12d2dc09472c85be2e8f008ad89",
                            "0xf87a0587fe48ca05dd68a514ce387c0d4d3ae31c",
                            843,
                            20788
                        ],
                        [
                            "sload",
                            "0xe931ecf99842d82a079c6bd06e7d927682e36c6a2e936c3ef8c9f06bc526257c",
                            "0xa68c6020ff9ea79f05345cdd2ce37df4b89478ed",
                            843,
                            23530
                        ]
                    ],
                    "0xa68c6020ff9ea79f05345cdd2ce37df4b89478ed": [
                        [
                            "sload",
                            "0xe10f30f99bb6ff1c594b8b77079bfa4b9368a05cecbaedb3eff0f71a516a926e",
                            "0xdc3ea94cd0ac27d9a86c180091e7f78c683d3699",
                            11605,
                            8349
                        ],
                        [
                            "sload",
                            "0x5abf757531a460717f18707c689f8986237ca15357cf8e5a520a2738d52554ea",
                            "0x8",
                            15190,
                            9610
                        ],
                        [
                            "sload",
                            "0x5abf757531a460717f18707c689f8986237ca15357cf8e5a520a2738d52554ea",
                            "0x8",
                            15213,
                            9626
                        ],
                        [
                            "sload",
                            "0xc0b8fd659534e7f9987adb32be218b55bd1cfb503e38ba7228207493b0afd6e2",
                            "0x0",
                            15296,
                            9774
                        ],
                        [
                            "sload",
                            "0xc0b8fd659534e7f9987adb32be218b55bd1cfb503e38ba7228207493b0afd6e3",
                            "0x0",
                            15304,
                            9781
                        ],
                        [
                            "sload",
                            "0xc0b8fd659534e7f9987adb32be218b55bd1cfb503e38ba7228207493b0afd6e4",
                            "0x0",
                            15316,
                            9792
                        ],
                        [
                            "sload",
                            "0xc0b8fd659534e7f9987adb32be218b55bd1cfb503e38ba7228207493b0afd6e5",
                            "0x0",
                            15327,
                            9802
                        ],
                        [
                            "sload",
                            "0xed353377a302389784f33d205d83f6a63612569ec74b798e4bee03eb0ac91277",
                            "0x5f4ec3df9cbd43714fe2740f5e3616155c5b8419",
                            11605,
                            10471
                        ],
                        [
                            "sload",
                            "0x8a3eaf3fc157d65a96f650ff063c308a32969708444f3133bc7f7981d3731722",
                            "0x8",
                            15190,
                            11708
                        ],
                        [
                            "sload",
                            "0x8a3eaf3fc157d65a96f650ff063c308a32969708444f3133bc7f7981d3731722",
                            "0x8",
                            15213,
                            11724
                        ],
                        [
                            "sload",
                            "0x93d33525b4169d21fe991d40d100b3a7774323b7344bcc9d6cbd3893a3c59167",
                            "0x0",
                            15296,
                            11872
                        ],
                        [
                            "sload",
                            "0x93d33525b4169d21fe991d40d100b3a7774323b7344bcc9d6cbd3893a3c59168",
                            "0x0",
                            15304,
                            11879
                        ],
                        [
                            "sload",
                            "0x93d33525b4169d21fe991d40d100b3a7774323b7344bcc9d6cbd3893a3c59169",
                            "0x0",
                            15316,
                            11890
                        ],
                        [
                            "sload",
                            "0x93d33525b4169d21fe991d40d100b3a7774323b7344bcc9d6cbd3893a3c5916a",
                            "0x0",
                            15327,
                            11900
                        ],
                        [
                            "sload",
                            "0xed353377a302389784f33d205d83f6a63612569ec74b798e4bee03eb0ac91277",
                            "0x5f4ec3df9cbd43714fe2740f5e3616155c5b8419",
                            11605,
                            16238
                        ],
                        [
                            "sload",
                            "0x8a3eaf3fc157d65a96f650ff063c308a32969708444f3133bc7f7981d3731722",
                            "0x8",
                            15190,
                            17475
                        ],
                        [
                            "sload",
                            "0x8a3eaf3fc157d65a96f650ff063c308a32969708444f3133bc7f7981d3731722",
                            "0x8",
                            15213,
                            17491
                        ],
                        [
                            "sload",
                            "0x93d33525b4169d21fe991d40d100b3a7774323b7344bcc9d6cbd3893a3c59167",
                            "0x0",
                            15296,
                            17639
                        ],
                        [
                            "sload",
                            "0x93d33525b4169d21fe991d40d100b3a7774323b7344bcc9d6cbd3893a3c59168",
                            "0x0",
                            15304,
                            17646
                        ],
                        [
                            "sload",
                            "0x93d33525b4169d21fe991d40d100b3a7774323b7344bcc9d6cbd3893a3c59169",
                            "0x0",
                            15316,
                            17657
                        ],
                        [
                            "sload",
                            "0x93d33525b4169d21fe991d40d100b3a7774323b7344bcc9d6cbd3893a3c5916a",
                            "0x0",
                            15327,
                            17667
                        ],
                        [
                            "sload",
                            "0xed353377a302389784f33d205d83f6a63612569ec74b798e4bee03eb0ac91277",
                            "0x5f4ec3df9cbd43714fe2740f5e3616155c5b8419",
                            11605,
                            18336
                        ],
                        [
                            "sload",
                            "0x8a3eaf3fc157d65a96f650ff063c308a32969708444f3133bc7f7981d3731722",
                            "0x8",
                            15190,
                            19573
                        ],
                        [
                            "sload",
                            "0x8a3eaf3fc157d65a96f650ff063c308a32969708444f3133bc7f7981d3731722",
                            "0x8",
                            15213,
                            19589
                        ],
                        [
                            "sload",
                            "0x93d33525b4169d21fe991d40d100b3a7774323b7344bcc9d6cbd3893a3c59167",
                            "0x0",
                            15296,
                            19737
                        ],
                        [
                            "sload",
                            "0x93d33525b4169d21fe991d40d100b3a7774323b7344bcc9d6cbd3893a3c59168",
                            "0x0",
                            15304,
                            19744
                        ],
                        [
                            "sload",
                            "0x93d33525b4169d21fe991d40d100b3a7774323b7344bcc9d6cbd3893a3c59169",
                            "0x0",
                            15316,
                            19755
                        ],
                        [
                            "sload",
                            "0x93d33525b4169d21fe991d40d100b3a7774323b7344bcc9d6cbd3893a3c5916a",
                            "0x0",
                            15327,
                            19765
                        ],
                        [
                            "sload",
                            "0xed353377a302389784f33d205d83f6a63612569ec74b798e4bee03eb0ac91277",
                            "0x5f4ec3df9cbd43714fe2740f5e3616155c5b8419",
                            11605,
                            23781
                        ],
                        [
                            "sload",
                            "0x8a3eaf3fc157d65a96f650ff063c308a32969708444f3133bc7f7981d3731722",
                            "0x8",
                            15190,
                            25018
                        ],
                        [
                            "sload",
                            "0x8a3eaf3fc157d65a96f650ff063c308a32969708444f3133bc7f7981d3731722",
                            "0x8",
                            15213,
                            25034
                        ],
                        [
                            "sload",
                            "0x93d33525b4169d21fe991d40d100b3a7774323b7344bcc9d6cbd3893a3c59167",
                            "0x0",
                            15296,
                            25182
                        ],
                        [
                            "sload",
                            "0x93d33525b4169d21fe991d40d100b3a7774323b7344bcc9d6cbd3893a3c59168",
                            "0x0",
                            15304,
                            25189
                        ],
                        [
                            "sload",
                            "0x93d33525b4169d21fe991d40d100b3a7774323b7344bcc9d6cbd3893a3c59169",
                            "0x0",
                            15316,
                            25200
                        ],
                        [
                            "sload",
                            "0x93d33525b4169d21fe991d40d100b3a7774323b7344bcc9d6cbd3893a3c5916a",
                            "0x0",
                            15327,
                            25210
                        ]
                    ],
                    "0xdc3ea94cd0ac27d9a86c180091e7f78c683d3699": [
                        [
                            "sload",
                            "0x5",
                            "0x0",
                            4779,
                            8515
                        ],
                        [
                            "sload",
                            "0x2",
                            "0xc8db8d5869510bb1fcd3bd7c7624c1b49c652ef80002",
                            6674,
                            8584
                        ]
                    ],
                    "0xc8db8d5869510bb1fcd3bd7c7624c1b49c652ef8": [
                        [
                            "sload",
                            "0x1acfb7dfa158d048aee7e76326496ced687fa87a4737aaccb3235af371595b48",
                            "0x1",
                            18103,
                            8792
                        ],
                        [
                            "sload",
                            "0x7",
                            "0x14dd000014dd",
                            19855,
                            8837
                        ],
                        [
                            "sload",
                            "0x1acfb7dfa158d048aee7e76326496ced687fa87a4737aaccb3235af371595b48",
                            "0x1",
                            18103,
                            8928
                        ],
                        [
                            "sload",
                            "0xb30f1e660fae0149426767b681905a077c3ddab3d122fa672200346df757b41b",
                            "0x1c019591",
                            19396,
                            9035
                        ],
                        [
                            "sload",
                            "0xb30f1e660fae0149426767b681905a077c3ddab3d122fa672200346df757b41c",
                            "0x14dd000000005fd65140000000005fd650f8",
                            19404,
                            9042
                        ]
                    ],
                    "0x5f4ec3df9cbd43714fe2740f5e3616155c5b8419": [
                        [
                            "sload",
                            "0x5",
                            "0x0",
                            6661,
                            10627
                        ],
                        [
                            "sload",
                            "0x2",
                            "0xc7a37b03690fb9f41b5c5af8131735c72754460003",
                            9144,
                            10692
                        ],
                        [
                            "sload",
                            "0x5",
                            "0x0",
                            6661,
                            16394
                        ],
                        [
                            "sload",
                            "0x2",
                            "0xc7a37b03690fb9f41b5c5af8131735c72754460003",
                            9144,
                            16459
                        ],
                        [
                            "sload",
                            "0x5",
                            "0x0",
                            6661,
                            18492
                        ],
                        [
                            "sload",
                            "0x2",
                            "0xc7a37b03690fb9f41b5c5af8131735c72754460003",
                            9144,
                            18557
                        ],
                        [
                            "sload",
                            "0x5",
                            "0x0",
                            6661,
                            23937
                        ],
                        [
                            "sload",
                            "0x2",
                            "0xc7a37b03690fb9f41b5c5af8131735c72754460003",
                            9144,
                            24002
                        ]
                    ],
                    "0x00c7a37b03690fb9f41b5c5af8131735c7275446": [
                        [
                            "sload",
                            "0x72f51acc89880944eb5cd2305b535833aca264b11d016d92b62ce0ff7023ab79",
                            "0x1",
                            18103,
                            10894
                        ],
                        [
                            "sload",
                            "0x7",
                            "0x18f2000018f2",
                            19855,
                            10939
                        ],
                        [
                            "sload",
                            "0x72f51acc89880944eb5cd2305b535833aca264b11d016d92b62ce0ff7023ab79",
                            "0x1",
                            18103,
                            11030
                        ],
                        [
                            "sload",
                            "0x2625d60ba62c75cfb83af024424730cf4b04beeb6cc2cc5bc55c7176c701d1b6",
                            "0xda9220f76",
                            19396,
                            11137
                        ],
                        [
                            "sload",
                            "0x2625d60ba62c75cfb83af024424730cf4b04beeb6cc2cc5bc55c7176c701d1b7",
                            "0x18f2000000005fd679e4000000005fd679c8",
                            19404,
                            11144
                        ],
                        [
                            "sload",
                            "0x72f51acc89880944eb5cd2305b535833aca264b11d016d92b62ce0ff7023ab79",
                            "0x1",
                            18103,
                            16661
                        ],
                        [
                            "sload",
                            "0x7",
                            "0x18f2000018f2",
                            19855,
                            16706
                        ],
                        [
                            "sload",
                            "0x72f51acc89880944eb5cd2305b535833aca264b11d016d92b62ce0ff7023ab79",
                            "0x1",
                            18103,
                            16797
                        ],
                        [
                            "sload",
                            "0x2625d60ba62c75cfb83af024424730cf4b04beeb6cc2cc5bc55c7176c701d1b6",
                            "0xda9220f76",
                            19396,
                            16904
                        ],
                        [
                            "sload",
                            "0x2625d60ba62c75cfb83af024424730cf4b04beeb6cc2cc5bc55c7176c701d1b7",
                            "0x18f2000000005fd679e4000000005fd679c8",
                            19404,
                            16911
                        ],
                        [
                            "sload",
                            "0x72f51acc89880944eb5cd2305b535833aca264b11d016d92b62ce0ff7023ab79",
                            "0x1",
                            18103,
                            18759
                        ],
                        [
                            "sload",
                            "0x7",
                            "0x18f2000018f2",
                            19855,
                            18804
                        ],
                        [
                            "sload",
                            "0x72f51acc89880944eb5cd2305b535833aca264b11d016d92b62ce0ff7023ab79",
                            "0x1",
                            18103,
                            18895
                        ],
                        [
                            "sload",
                            "0x2625d60ba62c75cfb83af024424730cf4b04beeb6cc2cc5bc55c7176c701d1b6",
                            "0xda9220f76",
                            19396,
                            19002
                        ],
                        [
                            "sload",
                            "0x2625d60ba62c75cfb83af024424730cf4b04beeb6cc2cc5bc55c7176c701d1b7",
                            "0x18f2000000005fd679e4000000005fd679c8",
                            19404,
                            19009
                        ],
                        [
                            "sload",
                            "0x72f51acc89880944eb5cd2305b535833aca264b11d016d92b62ce0ff7023ab79",
                            "0x1",
                            18103,
                            24204
                        ],
                        [
                            "sload",
                            "0x7",
                            "0x18f2000018f2",
                            19855,
                            24249
                        ],
                        [
                            "sload",
                            "0x72f51acc89880944eb5cd2305b535833aca264b11d016d92b62ce0ff7023ab79",
                            "0x1",
                            18103,
                            24340
                        ],
                        [
                            "sload",
                            "0x2625d60ba62c75cfb83af024424730cf4b04beeb6cc2cc5bc55c7176c701d1b6",
                            "0xda9220f76",
                            19396,
                            24447
                        ],
                        [
                            "sload",
                            "0x2625d60ba62c75cfb83af024424730cf4b04beeb6cc2cc5bc55c7176c701d1b7",
                            "0x18f2000000005fd679e4000000005fd679c8",
                            19404,
                            24454
                        ]
                    ],
                    "0x93e01899c10532d76c0e864537a1d26433dbbddb": [
                        [
                            "sload",
                            "0xe",
                            "0xbda30509532732cf390bcc43d841abe9f75ad2ef",
                            1856,
                            12551
                        ],
                        [
                            "sload",
                            "0xe",
                            "0xbda30509532732cf390bcc43d841abe9f75ad2ef",
                            1856,
                            12951
                        ],
                        [
                            "sload",
                            "0xf",
                            "0x25a46",
                            1442,
                            13567
                        ],
                        [
                            "sload",
                            "0xc",
                            "0xf4240",
                            2131,
                            13768
                        ],
                        [
                            "sload",
                            "0xf9a162b9fdff8cea9adfe641c0dc2d4a460cf20b502322a3e58d906986c2215e",
                            "0xc9efb2537bd5c9c00",
                            2775,
                            14077
                        ],
                        [
                            "sload",
                            "0xe",
                            "0xbda30509532732cf390bcc43d841abe9f75ad2ef",
                            1856,
                            14569
                        ],
                        [
                            "sload",
                            "0xe",
                            "0xbda30509532732cf390bcc43d841abe9f75ad2ef",
                            1856,
                            15258
                        ]
                    ],
                    "0xbda30509532732cf390bcc43d841abe9f75ad2ef": [
                        [
                            "sload",
                            "0x6",
                            "0xf4240",
                            1842,
                            12766
                        ],
                        [
                            "sload",
                            "0x8",
                            "0x1",
                            1164,
                            13144
                        ],
                        [
                            "sload",
                            "0x8",
                            "0x1",
                            1193,
                            13168
                        ],
                        [
                            "sload",
                            "0xf3f7a9fe364faab93b216da50a3214154f22a0a2b415b23a84c8169e8b636ee3",
                            "0x400000",
                            1218,
                            13187
                        ],
                        [
                            "sload",
                            "0x7",
                            "0x1",
                            1975,
                            14776
                        ],
                        [
                            "sload",
                            "0x7",
                            "0x1",
                            2004,
                            14800
                        ],
                        [
                            "sload",
                            "0xa66cc928b5edb82af9bd49922954155ab7b0942694bea4ce44661d9a8736c688",
                            "0xc02aaa39b223fe8d0a0e5c4f27ead9083c756cc2",
                            2029,
                            14819
                        ],
                        [
                            "sload",
                            "0x7",
                            "0x1",
                            1975,
                            15465
                        ],
                        [
                            "sload",
                            "0x7",
                            "0x1",
                            2004,
                            15489
                        ],
                        [
                            "sload",
                            "0xa66cc928b5edb82af9bd49922954155ab7b0942694bea4ce44661d9a8736c688",
                            "0xc02aaa39b223fe8d0a0e5c4f27ead9083c756cc2",
                            2029,
                            15508
                        ]
                    ],
                    "0xc02aaa39b223fe8d0a0e5c4f27ead9083c756cc2": [
                        [
                            "sload",
                            "0x2",
                            "0x12",
                            2827,
                            20083
                        ]
                    ],
                    "0xf87a0587fe48ca05dd68a514ce387c0d4d3ae31c": [
                        [
                            "sload",
                            "0xd863e1a460888209168588082b36c7fee9664ef5b5ac4083155b46ba788df79c",
                            "0xdd692195b3b632b196fe33eb274ccbe91b8d849f",
                            17141,
                            21047
                        ]
                    ],
                    "0xdd692195b3b632b196fe33eb274ccbe91b8d849f": [
                        [
                            "sload",
                            "0x305e0cb22db82f955deaac098b0342395170c438cacaba395dcbcf091ef40273",
                            "0x4b9ca5607f1ff8019c1c6a3c2f0cc8de622d5b82",
                            15799,
                            21252
                        ],
                        [
                            "sload",
                            "0x305e0cb22db82f955deaac098b0342395170c438cacaba395dcbcf091ef40273",
                            "0x4b9ca5607f1ff8019c1c6a3c2f0cc8de622d5b82",
                            15799,
                            21549
                        ],
                        [
                            "sload",
                            "0xcacd88668609f89b202c4b95904142efdbeb1c68a2f82e8f2f930f220c034dce",
                            "0x198a560ea4842c8e64dd7cf445c5fbc5903b2736",
                            15799,
                            21860
                        ],
                        [
                            "sload",
                            "0x4f6a91f00b98bf359fd33bd3fa85b7f95ed0c066939a15ba46c0abc2656c209c",
                            "0xa68c6020ff9ea79f05345cdd2ce37df4b89478ed",
                            15799,
                            22429
                        ]
                    ],
                    "0x4b9ca5607f1ff8019c1c6a3c2f0cc8de622d5b82": [
                        [
                            "sload",
                            "0x4a842506e93d09bbb6c24c00696e5cd84329c04907c1a346d918e1195a8ee76b",
                            "0xccba4072033efad13db7",
                            2669,
                            21441
                        ],
                        [
                            "sload",
                            "0x4a842506e93d09bbb6c24c00696e5cd84329c04907c1a346d918e1195a8ee76c",
                            "0x1ec9e",
                            2675,
                            21446
                        ],
                        [
                            "sload",
                            "0x4a842506e93d09bbb6c24c00696e5cd84329c04907c1a346d918e1195a8ee76b",
                            "0xccba4072033efad13db7",
                            2669,
                            21746
                        ],
                        [
                            "sload",
                            "0x4a842506e93d09bbb6c24c00696e5cd84329c04907c1a346d918e1195a8ee76c",
                            "0x1ec9e",
                            2675,
                            21751
                        ],
                        [
                            "sload",
                            "0x6",
                            "0x1f578",
                            1480,
                            22589
                        ],
                        [
                            "sload",
                            "0xf652222313e28459528d920b65115c16c04f3efc82aaedc97be59f3f377df9dd",
                            "0x277145870c82307a76e03",
                            1502,
                            22606
                        ],
                        [
                            "sload",
                            "0x6",
                            "0x1f578",
                            1992,
                            22760
                        ],
                        [
                            "sload",
                            "0xf652222313e28459528d920b65115c16c04f3efc82aaedc97be59f3f377e02b6",
                            "0x287165f9e0857aa172094",
                            2021,
                            22781
                        ]
                    ],
                    "0x198a560ea4842c8e64dd7cf445c5fbc5903b2736": [
                        [
                            "sload",
                            "0x7",
                            "0x5fd67864",
                            1947,
                            21970
                        ],
                        [
                            "sload",
                            "0x5",
                            "0x6ff4b404c779c4442e1f9f",
                            1950,
                            21972
                        ],
                        [
                            "sload",
                            "0x8",
                            "0x0",
                            1953,
                            21974
                        ],
                        [
                            "sload",
                            "0x563a8a19823933e751ef690567f0351d13ee18500841743a77290b3deeac37d",
                            "0xc757acba3c0506218b3022266a9dc7f3612d85f5",
                            7759,
                            22042
                        ]
                    ],
                    "0xc757acba3c0506218b3022266a9dc7f3612d85f5": [
                        [
                            "sload",
                            "0xad77bf801726b2c83e9e3fa10f319bf2df99397a561126e8c3df0f7596519f75",
                            "0xcb80de1af223445b8073db279f284aebe9f3b71553410fc4edb90823bab36c49",
                            4575,
                            22217
                        ],
                        [
                            "sload",
                            "0xefd817bfb55c8a8dfd5a24fc104be1f1ca6df08999d3a79bb5e058d0f28505b7",
                            "0xab18",
                            4593,
                            22234
                        ]
                    ]
                }
            ]
        ],
        [
            [
                "0xc011a73ee8576fb46f5e1c5751ca3b9fe0af2a6f",
                "0x7c53893919169e5e041da2d6a2495a6cb3107372",
                "0x7cd5e2d0056a7a7f09cbb86e540ef4f6dccc97dd",
                3528885086000000000000
            ],
            [
                "0xf87a0587fe48ca05dd68a514ce387c0d4d3ae31c",
                "0x7c53893919169e5e041da2d6a2495a6cb3107372",
                "0x7cd5e2d0056a7a7f09cbb86e540ef4f6dccc97dd",
                3528885086000000000000
            ]
        ]
    ]
}