{
    "0xd851090f254f92091ef1f0c305853760dbf558583a8dc66f28a323904e49469e": [
        [
            [
                "0x6461e964d687e7ca3082becc595d079c6c775ac8",
                "0x89afb5b7",
                "complete",
                230,
                1578,
                "staticcall",
                {
                    "0x6461e964d687e7ca3082becc595d079c6c775ac8": [
                        [
                            "sload",
                            "0x9f43fe7f4c655e385b198003e595b6958d4fa1901d8e425e54e1fda4a402dc52",
                            "0xfecaa02c9c6153695fa8921bc00f7544e3f12d8b",
                            237,
                            305
                        ],
                        [
                            "sload",
                            "0x69",
                            "0x4e3b31eb0e5cb73641ee1e65e7dcefe520ba3ef2",
                            18822,
                            390
                        ],
                        [
                            "sload",
                            "0x6b",
                            "0x7cd5e2d0056a7a7f09cbb86e540ef4f6dccc97dd",
                            19055,
                            656
                        ],
                        [
                            "sload",
                            "0x69",
                            "0x4e3b31eb0e5cb73641ee1e65e7dcefe520ba3ef2",
                            14425,
                            890
                        ],
                        [
                            "sload",
                            "0x6b",
                            "0x7cd5e2d0056a7a7f09cbb86e540ef4f6dccc97dd",
                            14658,
                            1156
                        ]
                    ],
                    "0x4e3b31eb0e5cb73641ee1e65e7dcefe520ba3ef2": [
                        [
                            "sload",
                            "0x2",
                            "0x823be81bbf96bec0e25ca13170f5aacb5b79ba83",
                            112,
                            500
                        ],
                        [
                            "sload",
                            "0x2",
                            "0x823be81bbf96bec0e25ca13170f5aacb5b79ba83",
                            112,
                            1000
                        ]
                    ],
                    "0x823be81bbf96bec0e25ca13170f5aacb5b79ba83": [
                        [
                            "sload",
                            "0x3a9bbf3e5b8c050f68e0b6554fb2b10cb0cc724edefb516f37f1243e161c445a",
                            "0xb671f2210b1f6621a2607ea63e6b2dc3e2464d1f",
                            1114,
                            571
                        ],
                        [
                            "sload",
                            "0x51f38688f87154c662604be3141634be357ad12d2dc09472c85be2e8f008ad89",
                            "0x6e6a43a8148b5c54a94c044a835476d3f3f4d59a",
                            1114,
                            1071
                        ]
                    ],
                    "0xb671f2210b1f6621a2607ea63e6b2dc3e2464d1f": [
                        [
                            "sload",
                            "0x8320c8f71797a5781ba9147363d2cb7744e0515a95372254e05e49029ef5a06",
                            "0x1f26c96e6b4b4d0b71a",
                            2685,
                            822
                        ]
                    ],
                    "0x6e6a43a8148b5c54a94c044a835476d3f3f4d59a": [
                        [
                            "sload",
                            "0x5",
                            "0x5b1b5fea1b99d83ad479df0c222f0492385381dd",
                            8754,
                            1282
                        ]
                    ],
                    "0x5b1b5fea1b99d83ad479df0c222f0492385381dd": [
                        [
                            "sload",
                            "0x61a83ba1c9dd1ed7aff0f2e795b1c490864715ea4a493c91292181bc982b04ef",
                            "0x26d95a0fd5652c8ec78d",
                            788,
                            1403
                        ]
                    ]
                }
            ],
            [
                "0x6461e964d687e7ca3082becc595d079c6c775ac8",
                "0x2bdbe219",
                "complete",
                7808,
                26229,
                "staticcall",
                {
                    "0x6461e964d687e7ca3082becc595d079c6c775ac8": [
                        [
                            "sload",
                            "0x9f43fe7f4c655e385b198003e595b6958d4fa1901d8e425e54e1fda4a402dc52",
                            "0xfecaa02c9c6153695fa8921bc00f7544e3f12d8b",
                            237,
                            7877
                        ],
                        [
                            "sload",
                            "0x69",
                            "0x4e3b31eb0e5cb73641ee1e65e7dcefe520ba3ef2",
                            18275,
                            8009
                        ],
                        [
                            "sload",
                            "0x69",
                            "0x4e3b31eb0e5cb73641ee1e65e7dcefe520ba3ef2",
                            18275,
                            10136
                        ],
                        [
                            "sload",
                            "0x6b",
                            "0x7cd5e2d0056a7a7f09cbb86e540ef4f6dccc97dd",
                            8244,
                            12496
                        ],
                        [
                            "sload",
                            "0x6d",
                            "0x93e01899c10532d76c0e864537a1d26433dbbddb",
                            22431,
                            12542
                        ],
                        [
                            "sload",
                            "0x6d",
                            "0x93e01899c10532d76c0e864537a1d26433dbbddb",
                            22431,
                            12942
                        ],
                        [
                            "sload",
                            "0x6d",
                            "0x93e01899c10532d76c0e864537a1d26433dbbddb",
                            17520,
                            13577
                        ],
                        [
                            "sload",
                            "0x6d",
                            "0x93e01899c10532d76c0e864537a1d26433dbbddb",
                            16890,
                            13769
                        ],
                        [
                            "sload",
                            "0x6d",
                            "0x93e01899c10532d76c0e864537a1d26433dbbddb",
                            16631,
                            13973
                        ],
                        [
                            "sload",
                            "0x6b",
                            "0x7cd5e2d0056a7a7f09cbb86e540ef4f6dccc97dd",
                            16693,
                            13987
                        ],
                        [
                            "sload",
                            "0x73",
                            "0xc02aaa39b223fe8d0a0e5c4f27ead9083c756cc2",
                            18135,
                            14531
                        ],
                        [
                            "sload",
                            "0x6d",
                            "0x93e01899c10532d76c0e864537a1d26433dbbddb",
                            22431,
                            14560
                        ],
                        [
                            "sload",
                            "0x71",
                            "0x7345544800000000000000000000000000000000000000000000000000000000",
                            18258,
                            15220
                        ],
                        [
                            "sload",
                            "0x6d",
                            "0x93e01899c10532d76c0e864537a1d26433dbbddb",
                            22431,
                            15249
                        ],
                        [
                            "sload",
                            "0x69",
                            "0x4e3b31eb0e5cb73641ee1e65e7dcefe520ba3ef2",
                            18275,
                            15908
                        ],
                        [
                            "sload",
                            "0x69",
                            "0x4e3b31eb0e5cb73641ee1e65e7dcefe520ba3ef2",
                            18275,
                            18011
                        ],
                        [
                            "sload",
                            "0x69",
                            "0x4e3b31eb0e5cb73641ee1e65e7dcefe520ba3ef2",
                            14855,
                            20719
                        ],
                        [
                            "sload",
                            "0x6b",
                            "0x7cd5e2d0056a7a7f09cbb86e540ef4f6dccc97dd",
                            15088,
                            20985
                        ],
                        [
                            "sload",
                            "0x69",
                            "0x4e3b31eb0e5cb73641ee1e65e7dcefe520ba3ef2",
                            18275,
                            23591
                        ]
                    ],
                    "0x4e3b31eb0e5cb73641ee1e65e7dcefe520ba3ef2": [
                        [
                            "sload",
                            "0x2",
                            "0x823be81bbf96bec0e25ca13170f5aacb5b79ba83",
                            112,
                            8119
                        ],
                        [
                            "sload",
                            "0x2",
                            "0x823be81bbf96bec0e25ca13170f5aacb5b79ba83",
                            112,
                            10246
                        ],
                        [
                            "sload",
                            "0x2",
                            "0x823be81bbf96bec0e25ca13170f5aacb5b79ba83",
                            112,
                            16018
                        ],
                        [
                            "sload",
                            "0x2",
                            "0x823be81bbf96bec0e25ca13170f5aacb5b79ba83",
                            112,
                            18121
                        ],
                        [
                            "sload",
                            "0x2",
                            "0x823be81bbf96bec0e25ca13170f5aacb5b79ba83",
                            112,
                            20829
                        ],
                        [
                            "sload",
                            "0x2",
                            "0x823be81bbf96bec0e25ca13170f5aacb5b79ba83",
                            112,
                            23701
                        ]
                    ],
                    "0x823be81bbf96bec0e25ca13170f5aacb5b79ba83": [
                        [
                            "sload",
                            "0xe931ecf99842d82a079c6bd06e7d927682e36c6a2e936c3ef8c9f06bc526257c",
                            "0xd69b189020ef614796578afe4d10378c5e7e1138",
                            1114,
                            8190
                        ],
                        [
                            "sload",
                            "0xe931ecf99842d82a079c6bd06e7d927682e36c6a2e936c3ef8c9f06bc526257c",
                            "0xd69b189020ef614796578afe4d10378c5e7e1138",
                            1114,
                            10317
                        ],
                        [
                            "sload",
                            "0xe931ecf99842d82a079c6bd06e7d927682e36c6a2e936c3ef8c9f06bc526257c",
                            "0xd69b189020ef614796578afe4d10378c5e7e1138",
                            1114,
                            16089
                        ],
                        [
                            "sload",
                            "0xe931ecf99842d82a079c6bd06e7d927682e36c6a2e936c3ef8c9f06bc526257c",
                            "0xd69b189020ef614796578afe4d10378c5e7e1138",
                            1114,
                            18192
                        ],
                        [
                            "sload",
                            "0x51f38688f87154c662604be3141634be357ad12d2dc09472c85be2e8f008ad89",
                            "0x6e6a43a8148b5c54a94c044a835476d3f3f4d59a",
                            1114,
                            20900
                        ],
                        [
                            "sload",
                            "0xe931ecf99842d82a079c6bd06e7d927682e36c6a2e936c3ef8c9f06bc526257c",
                            "0xd69b189020ef614796578afe4d10378c5e7e1138",
                            1114,
                            23772
                        ]
                    ],
                    "0xd69b189020ef614796578afe4d10378c5e7e1138": [
                        [
                            "sload",
                            "0xbe38ea8baa83927c08fa0de97a6d7a2ca25e513e0a93e0552a2acec8df14036b",
                            "0xdc3ea94cd0ac27d9a86c180091e7f78c683d3699",
                            11366,
                            8446
                        ],
                        [
                            "sload",
                            "0xe10f30f99bb6ff1c594b8b77079bfa4b9368a05cecbaedb3eff0f71a516a926e",
                            "0x8",
                            15212,
                            9707
                        ],
                        [
                            "sload",
                            "0xe10f30f99bb6ff1c594b8b77079bfa4b9368a05cecbaedb3eff0f71a516a926e",
                            "0x8",
                            15235,
                            9723
                        ],
                        [
                            "sload",
                            "0xaed38ed8c535b37c77d81901c4396980a8c65c930ad46166e3caf3d78e9f9510",
                            "0x0",
                            15318,
                            9871
                        ],
                        [
                            "sload",
                            "0xaed38ed8c535b37c77d81901c4396980a8c65c930ad46166e3caf3d78e9f9511",
                            "0x0",
                            15326,
                            9878
                        ],
                        [
                            "sload",
                            "0xaed38ed8c535b37c77d81901c4396980a8c65c930ad46166e3caf3d78e9f9512",
                            "0x0",
                            15338,
                            9889
                        ],
                        [
                            "sload",
                            "0xaed38ed8c535b37c77d81901c4396980a8c65c930ad46166e3caf3d78e9f9513",
                            "0x0",
                            15349,
                            9899
                        ],
                        [
                            "sload",
                            "0x48b880f8dbf2778f85b61c3bd2d5c3122926068026521f0268b435994e4d8fca",
                            "0x5f4ec3df9cbd43714fe2740f5e3616155c5b8419",
                            11366,
                            10573
                        ],
                        [
                            "sload",
                            "0xed353377a302389784f33d205d83f6a63612569ec74b798e4bee03eb0ac91277",
                            "0x8",
                            15212,
                            11810
                        ],
                        [
                            "sload",
                            "0xed353377a302389784f33d205d83f6a63612569ec74b798e4bee03eb0ac91277",
                            "0x8",
                            15235,
                            11826
                        ],
                        [
                            "sload",
                            "0xe293e4b088f7e9eb5d95d32477b5deccaff9fa87cfabb4656b7836cb9f8d1e0e",
                            "0x0",
                            15318,
                            11974
                        ],
                        [
                            "sload",
                            "0xe293e4b088f7e9eb5d95d32477b5deccaff9fa87cfabb4656b7836cb9f8d1e0f",
                            "0x0",
                            15326,
                            11981
                        ],
                        [
                            "sload",
                            "0xe293e4b088f7e9eb5d95d32477b5deccaff9fa87cfabb4656b7836cb9f8d1e10",
                            "0x0",
                            15338,
                            11992
                        ],
                        [
                            "sload",
                            "0xe293e4b088f7e9eb5d95d32477b5deccaff9fa87cfabb4656b7836cb9f8d1e11",
                            "0x0",
                            15349,
                            12002
                        ],
                        [
                            "sload",
                            "0x48b880f8dbf2778f85b61c3bd2d5c3122926068026521f0268b435994e4d8fca",
                            "0x5f4ec3df9cbd43714fe2740f5e3616155c5b8419",
                            11366,
                            16345
                        ],
                        [
                            "sload",
                            "0xed353377a302389784f33d205d83f6a63612569ec74b798e4bee03eb0ac91277",
                            "0x8",
                            15212,
                            17582
                        ],
                        [
                            "sload",
                            "0xed353377a302389784f33d205d83f6a63612569ec74b798e4bee03eb0ac91277",
                            "0x8",
                            15235,
                            17598
                        ],
                        [
                            "sload",
                            "0xe293e4b088f7e9eb5d95d32477b5deccaff9fa87cfabb4656b7836cb9f8d1e0e",
                            "0x0",
                            15318,
                            17746
                        ],
                        [
                            "sload",
                            "0xe293e4b088f7e9eb5d95d32477b5deccaff9fa87cfabb4656b7836cb9f8d1e0f",
                            "0x0",
                            15326,
                            17753
                        ],
                        [
                            "sload",
                            "0xe293e4b088f7e9eb5d95d32477b5deccaff9fa87cfabb4656b7836cb9f8d1e10",
                            "0x0",
                            15338,
                            17764
                        ],
                        [
                            "sload",
                            "0xe293e4b088f7e9eb5d95d32477b5deccaff9fa87cfabb4656b7836cb9f8d1e11",
                            "0x0",
                            15349,
                            17774
                        ],
                        [
                            "sload",
                            "0x48b880f8dbf2778f85b61c3bd2d5c3122926068026521f0268b435994e4d8fca",
                            "0x5f4ec3df9cbd43714fe2740f5e3616155c5b8419",
                            11366,
                            18448
                        ],
                        [
                            "sload",
                            "0xed353377a302389784f33d205d83f6a63612569ec74b798e4bee03eb0ac91277",
                            "0x8",
                            15212,
                            19685
                        ],
                        [
                            "sload",
                            "0xed353377a302389784f33d205d83f6a63612569ec74b798e4bee03eb0ac91277",
                            "0x8",
                            15235,
                            19701
                        ],
                        [
                            "sload",
                            "0xe293e4b088f7e9eb5d95d32477b5deccaff9fa87cfabb4656b7836cb9f8d1e0e",
                            "0x0",
                            15318,
                            19849
                        ],
                        [
                            "sload",
                            "0xe293e4b088f7e9eb5d95d32477b5deccaff9fa87cfabb4656b7836cb9f8d1e0f",
                            "0x0",
                            15326,
                            19856
                        ],
                        [
                            "sload",
                            "0xe293e4b088f7e9eb5d95d32477b5deccaff9fa87cfabb4656b7836cb9f8d1e10",
                            "0x0",
                            15338,
                            19867
                        ],
                        [
                            "sload",
                            "0xe293e4b088f7e9eb5d95d32477b5deccaff9fa87cfabb4656b7836cb9f8d1e11",
                            "0x0",
                            15349,
                            19877
                        ],
                        [
                            "sload",
                            "0x48b880f8dbf2778f85b61c3bd2d5c3122926068026521f0268b435994e4d8fca",
                            "0x5f4ec3df9cbd43714fe2740f5e3616155c5b8419",
                            11366,
                            24028
                        ],
                        [
                            "sload",
                            "0xed353377a302389784f33d205d83f6a63612569ec74b798e4bee03eb0ac91277",
                            "0x8",
                            15212,
                            25265
                        ],
                        [
                            "sload",
                            "0xed353377a302389784f33d205d83f6a63612569ec74b798e4bee03eb0ac91277",
                            "0x8",
                            15235,
                            25281
                        ],
                        [
                            "sload",
                            "0xe293e4b088f7e9eb5d95d32477b5deccaff9fa87cfabb4656b7836cb9f8d1e0e",
                            "0x0",
                            15318,
                            25429
                        ],
                        [
                            "sload",
                            "0xe293e4b088f7e9eb5d95d32477b5deccaff9fa87cfabb4656b7836cb9f8d1e0f",
                            "0x0",
                            15326,
                            25436
                        ],
                        [
                            "sload",
                            "0xe293e4b088f7e9eb5d95d32477b5deccaff9fa87cfabb4656b7836cb9f8d1e10",
                            "0x0",
                            15338,
                            25447
                        ],
                        [
                            "sload",
                            "0xe293e4b088f7e9eb5d95d32477b5deccaff9fa87cfabb4656b7836cb9f8d1e11",
                            "0x0",
                            15349,
                            25457
                        ]
                    ],
                    "0xdc3ea94cd0ac27d9a86c180091e7f78c683d3699": [
                        [
                            "sload",
                            "0x5",
                            "0x0",
                            4779,
                            8612
                        ],
                        [
                            "sload",
                            "0x2",
                            "0xc8db8d5869510bb1fcd3bd7c7624c1b49c652ef80002",
                            6674,
                            8681
                        ]
                    ],
                    "0xc8db8d5869510bb1fcd3bd7c7624c1b49c652ef8": [
                        [
                            "sload",
                            "0x1acfb7dfa158d048aee7e76326496ced687fa87a4737aaccb3235af371595b48",
                            "0x1",
                            18103,
                            8889
                        ],
                        [
                            "sload",
                            "0x7",
                            "0x1c5c00001c5c",
                            19855,
                            8934
                        ],
                        [
                            "sload",
                            "0x1acfb7dfa158d048aee7e76326496ced687fa87a4737aaccb3235af371595b48",
                            "0x1",
                            18103,
                            9025
                        ],
                        [
                            "sload",
                            "0xdf515a28e9fc06978bc23231ba620848162cf5dfefe33e543f44aa043e6664ce",
                            "0x4a723a40",
                            19396,
                            9132
                        ],
                        [
                            "sload",
                            "0xdf515a28e9fc06978bc23231ba620848162cf5dfefe33e543f44aa043e6664cf",
                            "0x1c5c000000005ff52834000000005ff52827",
                            19404,
                            9139
                        ]
                    ],
                    "0x5f4ec3df9cbd43714fe2740f5e3616155c5b8419": [
                        [
                            "sload",
                            "0x5",
                            "0x0",
                            6661,
                            10729
                        ],
                        [
                            "sload",
                            "0x2",
                            "0xc7a37b03690fb9f41b5c5af8131735c72754460003",
                            9144,
                            10794
                        ],
                        [
                            "sload",
                            "0x5",
                            "0x0",
                            6661,
                            16501
                        ],
                        [
                            "sload",
                            "0x2",
                            "0xc7a37b03690fb9f41b5c5af8131735c72754460003",
                            9144,
                            16566
                        ],
                        [
                            "sload",
                            "0x5",
                            "0x0",
                            6661,
                            18604
                        ],
                        [
                            "sload",
                            "0x2",
                            "0xc7a37b03690fb9f41b5c5af8131735c72754460003",
                            9144,
                            18669
                        ],
                        [
                            "sload",
                            "0x5",
                            "0x0",
                            6661,
                            24184
                        ],
                        [
                            "sload",
                            "0x2",
                            "0xc7a37b03690fb9f41b5c5af8131735c72754460003",
                            9144,
                            24249
                        ]
                    ],
                    "0x00c7a37b03690fb9f41b5c5af8131735c7275446": [
                        [
                            "sload",
                            "0x72f51acc89880944eb5cd2305b535833aca264b11d016d92b62ce0ff7023ab79",
                            "0x1",
                            18103,
                            10996
                        ],
                        [
                            "sload",
                            "0x7",
                            "0x275100002751",
                            19855,
                            11041
                        ],
                        [
                            "sload",
                            "0x72f51acc89880944eb5cd2305b535833aca264b11d016d92b62ce0ff7023ab79",
                            "0x1",
                            18103,
                            11132
                        ],
                        [
                            "sload",
                            "0x3fa56cf9057b8e6c171e475963bb5378432cc2e43dcbafa28749c1ce8aaca7ba",
                            "0x192cd204ff",
                            19396,
                            11239
                        ],
                        [
                            "sload",
                            "0x3fa56cf9057b8e6c171e475963bb5378432cc2e43dcbafa28749c1ce8aaca7bb",
                            "0x2751000000005ff527cb000000005ff527b6",
                            19404,
                            11246
                        ],
                        [
                            "sload",
                            "0x72f51acc89880944eb5cd2305b535833aca264b11d016d92b62ce0ff7023ab79",
                            "0x1",
                            18103,
                            16768
                        ],
                        [
                            "sload",
                            "0x7",
                            "0x275100002751",
                            19855,
                            16813
                        ],
                        [
                            "sload",
                            "0x72f51acc89880944eb5cd2305b535833aca264b11d016d92b62ce0ff7023ab79",
                            "0x1",
                            18103,
                            16904
                        ],
                        [
                            "sload",
                            "0x3fa56cf9057b8e6c171e475963bb5378432cc2e43dcbafa28749c1ce8aaca7ba",
                            "0x192cd204ff",
                            19396,
                            17011
                        ],
                        [
                            "sload",
                            "0x3fa56cf9057b8e6c171e475963bb5378432cc2e43dcbafa28749c1ce8aaca7bb",
                            "0x2751000000005ff527cb000000005ff527b6",
                            19404,
                            17018
                        ],
                        [
                            "sload",
                            "0x72f51acc89880944eb5cd2305b535833aca264b11d016d92b62ce0ff7023ab79",
                            "0x1",
                            18103,
                            18871
                        ],
                        [
                            "sload",
                            "0x7",
                            "0x275100002751",
                            19855,
                            18916
                        ],
                        [
                            "sload",
                            "0x72f51acc89880944eb5cd2305b535833aca264b11d016d92b62ce0ff7023ab79",
                            "0x1",
                            18103,
                            19007
                        ],
                        [
                            "sload",
                            "0x3fa56cf9057b8e6c171e475963bb5378432cc2e43dcbafa28749c1ce8aaca7ba",
                            "0x192cd204ff",
                            19396,
                            19114
                        ],
                        [
                            "sload",
                            "0x3fa56cf9057b8e6c171e475963bb5378432cc2e43dcbafa28749c1ce8aaca7bb",
                            "0x2751000000005ff527cb000000005ff527b6",
                            19404,
                            19121
                        ],
                        [
                            "sload",
                            "0x72f51acc89880944eb5cd2305b535833aca264b11d016d92b62ce0ff7023ab79",
                            "0x1",
                            18103,
                            24451
                        ],
                        [
                            "sload",
                            "0x7",
                            "0x275100002751",
                            19855,
                            24496
                        ],
                        [
                            "sload",
                            "0x72f51acc89880944eb5cd2305b535833aca264b11d016d92b62ce0ff7023ab79",
                            "0x1",
                            18103,
                            24587
                        ],
                        [
                            "sload",
                            "0x3fa56cf9057b8e6c171e475963bb5378432cc2e43dcbafa28749c1ce8aaca7ba",
                            "0x192cd204ff",
                            19396,
                            24694
                        ],
                        [
                            "sload",
                            "0x3fa56cf9057b8e6c171e475963bb5378432cc2e43dcbafa28749c1ce8aaca7bb",
                            "0x2751000000005ff527cb000000005ff527b6",
                            19404,
                            24701
                        ]
                    ],
                    "0x93e01899c10532d76c0e864537a1d26433dbbddb": [
                        [
                            "sload",
                            "0xe",
                            "0xbda30509532732cf390bcc43d841abe9f75ad2ef",
                            1856,
                            12653
                        ],
                        [
                            "sload",
                            "0xe",
                            "0xbda30509532732cf390bcc43d841abe9f75ad2ef",
                            1856,
                            13053
                        ],
                        [
                            "sload",
                            "0xf",
                            "0x25a46",
                            1442,
                            13669
                        ],
                        [
                            "sload",
                            "0xc",
                            "0xf4240",
                            2131,
                            13870
                        ],
                        [
                            "sload",
                            "0xf9a162b9fdff8cea9adfe641c0dc2d4a460cf20b502322a3e58d906986c2215e",
                            "0x1b20f7f17125268700",
                            2775,
                            14179
                        ],
                        [
                            "sload",
                            "0xe",
                            "0xbda30509532732cf390bcc43d841abe9f75ad2ef",
                            1856,
                            14671
                        ],
                        [
                            "sload",
                            "0xe",
                            "0xbda30509532732cf390bcc43d841abe9f75ad2ef",
                            1856,
                            15360
                        ]
                    ],
                    "0xbda30509532732cf390bcc43d841abe9f75ad2ef": [
                        [
                            "sload",
                            "0x6",
                            "0xf4240",
                            1842,
                            12868
                        ],
                        [
                            "sload",
                            "0x8",
                            "0x1",
                            1164,
                            13246
                        ],
                        [
                            "sload",
                            "0x8",
                            "0x1",
                            1193,
                            13270
                        ],
                        [
                            "sload",
                            "0xf3f7a9fe364faab93b216da50a3214154f22a0a2b415b23a84c8169e8b636ee3",
                            "0x400000",
                            1218,
                            13289
                        ],
                        [
                            "sload",
                            "0x7",
                            "0x1",
                            1975,
                            14878
                        ],
                        [
                            "sload",
                            "0x7",
                            "0x1",
                            2004,
                            14902
                        ],
                        [
                            "sload",
                            "0xa66cc928b5edb82af9bd49922954155ab7b0942694bea4ce44661d9a8736c688",
                            "0xc02aaa39b223fe8d0a0e5c4f27ead9083c756cc2",
                            2029,
                            14921
                        ],
                        [
                            "sload",
                            "0x7",
                            "0x1",
                            1975,
                            15567
                        ],
                        [
                            "sload",
                            "0x7",
                            "0x1",
                            2004,
                            15591
                        ],
                        [
                            "sload",
                            "0xa66cc928b5edb82af9bd49922954155ab7b0942694bea4ce44661d9a8736c688",
                            "0xc02aaa39b223fe8d0a0e5c4f27ead9083c756cc2",
                            2029,
                            15610
                        ]
                    ],
                    "0xc02aaa39b223fe8d0a0e5c4f27ead9083c756cc2": [
                        [
                            "sload",
                            "0x2",
                            "0x12",
                            2827,
                            20195
                        ]
                    ],
                    "0x6e6a43a8148b5c54a94c044a835476d3f3f4d59a": [
                        [
                            "sload",
                            "0xd863e1a460888209168588082b36c7fee9664ef5b5ac4083155b46ba788df79c",
                            "0x611abc0e066a01aff63910fc8935d164267ec6cf",
                            17063,
                            21143
                        ]
                    ],
                    "0x611abc0e066a01aff63910fc8935d164267ec6cf": [
                        [
                            "sload",
                            "0x305e0cb22db82f955deaac098b0342395170c438cacaba395dcbcf091ef40273",
                            "0x4b9ca5607f1ff8019c1c6a3c2f0cc8de622d5b82",
                            16350,
                            21374
                        ],
                        [
                            "sload",
                            "0x305e0cb22db82f955deaac098b0342395170c438cacaba395dcbcf091ef40273",
                            "0x4b9ca5607f1ff8019c1c6a3c2f0cc8de622d5b82",
                            16350,
                            21692
                        ],
                        [
                            "sload",
                            "0xcacd88668609f89b202c4b95904142efdbeb1c68a2f82e8f2f930f220c034dce",
                            "0x12c815b0c404d66dd0491f4ec62839904cec25e7",
                            16350,
                            22024
                        ],
                        [
                            "sload",
                            "0x4f6a91f00b98bf359fd33bd3fa85b7f95ed0c066939a15ba46c0abc2656c209c",
                            "0xd69b189020ef614796578afe4d10378c5e7e1138",
                            16350,
                            22634
                        ]
                    ],
                    "0x4b9ca5607f1ff8019c1c6a3c2f0cc8de622d5b82": [
                        [
                            "sload",
                            "0x4a842506e93d09bbb6c24c00696e5cd84329c04907c1a346d918e1195a8ee76b",
                            "0x13321ca8ffe6210e08c54",
                            2669,
                            21598
                        ],
                        [
                            "sload",
                            "0x4a842506e93d09bbb6c24c00696e5cd84329c04907c1a346d918e1195a8ee76c",
                            "0x21704",
                            2675,
                            21603
                        ],
                        [
                            "sload",
                            "0x4a842506e93d09bbb6c24c00696e5cd84329c04907c1a346d918e1195a8ee76b",
                            "0x13321ca8ffe6210e08c54",
                            2669,
                            21924
                        ],
                        [
                            "sload",
                            "0x4a842506e93d09bbb6c24c00696e5cd84329c04907c1a346d918e1195a8ee76c",
                            "0x21704",
                            2675,
                            21929
                        ],
                        [
                            "sload",
                            "0x6",
                            "0x21784",
                            1480,
                            22829
                        ],
                        [
                            "sload",
                            "0xf652222313e28459528d920b65115c16c04f3efc82aaedc97be59f3f377e2443",
                            "0x14844cf9bf9fd2158c9cb",
                            1502,
                            22846
                        ],
                        [
                            "sload",
                            "0x6",
                            "0x21784",
                            1992,
                            23000
                        ],
                        [
                            "sload",
                            "0xf652222313e28459528d920b65115c16c04f3efc82aaedc97be59f3f377e24c2",
                            "0x12d31036993c0600465fa",
                            2021,
                            23021
                        ]
                    ],
                    "0x12c815b0c404d66dd0491f4ec62839904cec25e7": [
                        [
                            "sload",
                            "0x6",
                            "0x5ff505eb",
                            2003,
                            22168
                        ],
                        [
                            "sload",
                            "0x4",
                            "0x1260e05b40bafedf57cc1b0",
                            2006,
                            22170
                        ],
                        [
                            "sload",
                            "0x7",
                            "0x0",
                            2009,
                            22172
                        ],
                        [
                            "sload",
                            "0x563a8a19823933e751ef690567f0351d13ee18500841743a77290b3deeac37d",
                            "0xc757acba3c0506218b3022266a9dc7f3612d85f5",
                            8652,
                            22226
                        ]
                    ],
                    "0xc757acba3c0506218b3022266a9dc7f3612d85f5": [
                        [
                            "sload",
                            "0xad77bf801726b2c83e9e3fa10f319bf2df99397a561126e8c3df0f7596519f75",
                            "0xcb80de1af223445b8073db279f284aebe9f3b71553410fc4edb90823bab36c49",
                            4575,
                            22436
                        ],
                        [
                            "sload",
                            "0xefd817bfb55c8a8dfd5a24fc104be1f1ca6df08999d3a79bb5e058d0f28505b7",
                            "0xab18",
                            4593,
                            22453
                        ]
                    ]
                }
            ]
        ],
        [
            [
                "0xc011a73ee8576fb46f5e1c5751ca3b9fe0af2a6f",
                "0xf67423eabc7d7563a5d3c129088b735a812ae5e8",
                "0x7cd5e2d0056a7a7f09cbb86e540ef4f6dccc97dd",
                94411798000000000000
            ],
            [
                "0x6e6a43a8148b5c54a94c044a835476d3f3f4d59a",
                "0xf67423eabc7d7563a5d3c129088b735a812ae5e8",
                "0x7cd5e2d0056a7a7f09cbb86e540ef4f6dccc97dd",
                94411798000000000000
            ]
        ]
    ]
}