{
    "0x78418e45f3106ddec10c04cf6e182c30bc3d25de2ac50d01536cdbd445947093": [
        [
            [
                "0x6461e964d687e7ca3082becc595d079c6c775ac8",
                "0x89afb5b7",
                "complete",
                405,
                1753,
                "staticcall",
                {
                    "0x6461e964d687e7ca3082becc595d079c6c775ac8": [
                        [
                            "sload",
                            "0x9f43fe7f4c655e385b198003e595b6958d4fa1901d8e425e54e1fda4a402dc52",
                            "0xfecaa02c9c6153695fa8921bc00f7544e3f12d8b",
                            237,
                            480
                        ],
                        [
                            "sload",
                            "0x69",
                            "0x4e3b31eb0e5cb73641ee1e65e7dcefe520ba3ef2",
                            18822,
                            565
                        ],
                        [
                            "sload",
                            "0x6b",
                            "0x7cd5e2d0056a7a7f09cbb86e540ef4f6dccc97dd",
                            19055,
                            831
                        ],
                        [
                            "sload",
                            "0x69",
                            "0x4e3b31eb0e5cb73641ee1e65e7dcefe520ba3ef2",
                            14425,
                            1065
                        ],
                        [
                            "sload",
                            "0x6b",
                            "0x7cd5e2d0056a7a7f09cbb86e540ef4f6dccc97dd",
                            14658,
                            1331
                        ]
                    ],
                    "0x4e3b31eb0e5cb73641ee1e65e7dcefe520ba3ef2": [
                        [
                            "sload",
                            "0x2",
                            "0x823be81bbf96bec0e25ca13170f5aacb5b79ba83",
                            112,
                            675
                        ],
                        [
                            "sload",
                            "0x2",
                            "0x823be81bbf96bec0e25ca13170f5aacb5b79ba83",
                            112,
                            1175
                        ]
                    ],
                    "0x823be81bbf96bec0e25ca13170f5aacb5b79ba83": [
                        [
                            "sload",
                            "0x3a9bbf3e5b8c050f68e0b6554fb2b10cb0cc724edefb516f37f1243e161c445a",
                            "0xb671f2210b1f6621a2607ea63e6b2dc3e2464d1f",
                            1114,
                            746
                        ],
                        [
                            "sload",
                            "0x51f38688f87154c662604be3141634be357ad12d2dc09472c85be2e8f008ad89",
                            "0x6e6a43a8148b5c54a94c044a835476d3f3f4d59a",
                            1114,
                            1246
                        ]
                    ],
                    "0xb671f2210b1f6621a2607ea63e6b2dc3e2464d1f": [
                        [
                            "sload",
                            "0x8320c8f71797a5781ba9147363d2cb7744e0515a95372254e05e49029ef5a06",
                            "0x221883c50a7a38a994f",
                            2685,
                            997
                        ]
                    ],
                    "0x6e6a43a8148b5c54a94c044a835476d3f3f4d59a": [
                        [
                            "sload",
                            "0x5",
                            "0x5b1b5fea1b99d83ad479df0c222f0492385381dd",
                            8754,
                            1457
                        ]
                    ],
                    "0x5b1b5fea1b99d83ad479df0c222f0492385381dd": [
                        [
                            "sload",
                            "0x61a83ba1c9dd1ed7aff0f2e795b1c490864715ea4a493c91292181bc982b04ef",
                            "0x27597710155e08ae278d",
                            788,
                            1578
                        ]
                    ]
                }
            ],
            [
                "0x6461e964d687e7ca3082becc595d079c6c775ac8",
                "0x9d765ea6",
                "complete",
                1862,
                10280,
                "staticcall",
                {
                    "0x6461e964d687e7ca3082becc595d079c6c775ac8": [
                        [
                            "sload",
                            "0x9f43fe7f4c655e385b198003e595b6958d4fa1901d8e425e54e1fda4a402dc52",
                            "0xfecaa02c9c6153695fa8921bc00f7544e3f12d8b",
                            237,
                            1937
                        ],
                        [
                            "sload",
                            "0x6d",
                            "0x93e01899c10532d76c0e864537a1d26433dbbddb",
                            22431,
                            2062
                        ],
                        [
                            "sload",
                            "0x6d",
                            "0x93e01899c10532d76c0e864537a1d26433dbbddb",
                            22431,
                            2462
                        ],
                        [
                            "sload",
                            "0x6d",
                            "0x93e01899c10532d76c0e864537a1d26433dbbddb",
                            17520,
                            3097
                        ],
                        [
                            "sload",
                            "0x6d",
                            "0x93e01899c10532d76c0e864537a1d26433dbbddb",
                            16890,
                            3289
                        ],
                        [
                            "sload",
                            "0x6d",
                            "0x93e01899c10532d76c0e864537a1d26433dbbddb",
                            16631,
                            3493
                        ],
                        [
                            "sload",
                            "0x6b",
                            "0x7cd5e2d0056a7a7f09cbb86e540ef4f6dccc97dd",
                            16693,
                            3507
                        ],
                        [
                            "sload",
                            "0x73",
                            "0xc02aaa39b223fe8d0a0e5c4f27ead9083c756cc2",
                            18135,
                            4051
                        ],
                        [
                            "sload",
                            "0x6d",
                            "0x93e01899c10532d76c0e864537a1d26433dbbddb",
                            22431,
                            4080
                        ],
                        [
                            "sload",
                            "0x71",
                            "0x7345544800000000000000000000000000000000000000000000000000000000",
                            18258,
                            4740
                        ],
                        [
                            "sload",
                            "0x6d",
                            "0x93e01899c10532d76c0e864537a1d26433dbbddb",
                            22431,
                            4769
                        ],
                        [
                            "sload",
                            "0x69",
                            "0x4e3b31eb0e5cb73641ee1e65e7dcefe520ba3ef2",
                            18275,
                            5428
                        ],
                        [
                            "sload",
                            "0x69",
                            "0x4e3b31eb0e5cb73641ee1e65e7dcefe520ba3ef2",
                            18275,
                            7531
                        ],
                        [
                            "sload",
                            "0x6b",
                            "0x7cd5e2d0056a7a7f09cbb86e540ef4f6dccc97dd",
                            8244,
                            10056
                        ]
                    ],
                    "0x93e01899c10532d76c0e864537a1d26433dbbddb": [
                        [
                            "sload",
                            "0xe",
                            "0xbda30509532732cf390bcc43d841abe9f75ad2ef",
                            1856,
                            2173
                        ],
                        [
                            "sload",
                            "0xe",
                            "0xbda30509532732cf390bcc43d841abe9f75ad2ef",
                            1856,
                            2573
                        ],
                        [
                            "sload",
                            "0xf",
                            "0x25a46",
                            1442,
                            3189
                        ],
                        [
                            "sload",
                            "0xc",
                            "0xf4240",
                            2131,
                            3390
                        ],
                        [
                            "sload",
                            "0xf9a162b9fdff8cea9adfe641c0dc2d4a460cf20b502322a3e58d906986c2215e",
                            "0x1b20f7f17125268700",
                            2775,
                            3699
                        ],
                        [
                            "sload",
                            "0xe",
                            "0xbda30509532732cf390bcc43d841abe9f75ad2ef",
                            1856,
                            4191
                        ],
                        [
                            "sload",
                            "0xe",
                            "0xbda30509532732cf390bcc43d841abe9f75ad2ef",
                            1856,
                            4880
                        ]
                    ],
                    "0xbda30509532732cf390bcc43d841abe9f75ad2ef": [
                        [
                            "sload",
                            "0x6",
                            "0xf4240",
                            1842,
                            2388
                        ],
                        [
                            "sload",
                            "0x8",
                            "0x1",
                            1164,
                            2766
                        ],
                        [
                            "sload",
                            "0x8",
                            "0x1",
                            1193,
                            2790
                        ],
                        [
                            "sload",
                            "0xf3f7a9fe364faab93b216da50a3214154f22a0a2b415b23a84c8169e8b636ee3",
                            "0x400000",
                            1218,
                            2809
                        ],
                        [
                            "sload",
                            "0x7",
                            "0x1",
                            1975,
                            4398
                        ],
                        [
                            "sload",
                            "0x7",
                            "0x1",
                            2004,
                            4422
                        ],
                        [
                            "sload",
                            "0xa66cc928b5edb82af9bd49922954155ab7b0942694bea4ce44661d9a8736c688",
                            "0xc02aaa39b223fe8d0a0e5c4f27ead9083c756cc2",
                            2029,
                            4441
                        ],
                        [
                            "sload",
                            "0x7",
                            "0x1",
                            1975,
                            5087
                        ],
                        [
                            "sload",
                            "0x7",
                            "0x1",
                            2004,
                            5111
                        ],
                        [
                            "sload",
                            "0xa66cc928b5edb82af9bd49922954155ab7b0942694bea4ce44661d9a8736c688",
                            "0xc02aaa39b223fe8d0a0e5c4f27ead9083c756cc2",
                            2029,
                            5130
                        ]
                    ],
                    "0x4e3b31eb0e5cb73641ee1e65e7dcefe520ba3ef2": [
                        [
                            "sload",
                            "0x2",
                            "0x823be81bbf96bec0e25ca13170f5aacb5b79ba83",
                            112,
                            5538
                        ],
                        [
                            "sload",
                            "0x2",
                            "0x823be81bbf96bec0e25ca13170f5aacb5b79ba83",
                            112,
                            7641
                        ]
                    ],
                    "0x823be81bbf96bec0e25ca13170f5aacb5b79ba83": [
                        [
                            "sload",
                            "0xe931ecf99842d82a079c6bd06e7d927682e36c6a2e936c3ef8c9f06bc526257c",
                            "0xd69b189020ef614796578afe4d10378c5e7e1138",
                            1114,
                            5609
                        ],
                        [
                            "sload",
                            "0xe931ecf99842d82a079c6bd06e7d927682e36c6a2e936c3ef8c9f06bc526257c",
                            "0xd69b189020ef614796578afe4d10378c5e7e1138",
                            1114,
                            7712
                        ]
                    ],
                    "0xd69b189020ef614796578afe4d10378c5e7e1138": [
                        [
                            "sload",
                            "0x48b880f8dbf2778f85b61c3bd2d5c3122926068026521f0268b435994e4d8fca",
                            "0x5f4ec3df9cbd43714fe2740f5e3616155c5b8419",
                            11366,
                            5865
                        ],
                        [
                            "sload",
                            "0xed353377a302389784f33d205d83f6a63612569ec74b798e4bee03eb0ac91277",
                            "0x8",
                            15212,
                            7102
                        ],
                        [
                            "sload",
                            "0xed353377a302389784f33d205d83f6a63612569ec74b798e4bee03eb0ac91277",
                            "0x8",
                            15235,
                            7118
                        ],
                        [
                            "sload",
                            "0xe293e4b088f7e9eb5d95d32477b5deccaff9fa87cfabb4656b7836cb9f8d1e0e",
                            "0x0",
                            15318,
                            7266
                        ],
                        [
                            "sload",
                            "0xe293e4b088f7e9eb5d95d32477b5deccaff9fa87cfabb4656b7836cb9f8d1e0f",
                            "0x0",
                            15326,
                            7273
                        ],
                        [
                            "sload",
                            "0xe293e4b088f7e9eb5d95d32477b5deccaff9fa87cfabb4656b7836cb9f8d1e10",
                            "0x0",
                            15338,
                            7284
                        ],
                        [
                            "sload",
                            "0xe293e4b088f7e9eb5d95d32477b5deccaff9fa87cfabb4656b7836cb9f8d1e11",
                            "0x0",
                            15349,
                            7294
                        ],
                        [
                            "sload",
                            "0x48b880f8dbf2778f85b61c3bd2d5c3122926068026521f0268b435994e4d8fca",
                            "0x5f4ec3df9cbd43714fe2740f5e3616155c5b8419",
                            11366,
                            7968
                        ],
                        [
                            "sload",
                            "0xed353377a302389784f33d205d83f6a63612569ec74b798e4bee03eb0ac91277",
                            "0x8",
                            15212,
                            9205
                        ],
                        [
                            "sload",
                            "0xed353377a302389784f33d205d83f6a63612569ec74b798e4bee03eb0ac91277",
                            "0x8",
                            15235,
                            9221
                        ],
                        [
                            "sload",
                            "0xe293e4b088f7e9eb5d95d32477b5deccaff9fa87cfabb4656b7836cb9f8d1e0e",
                            "0x0",
                            15318,
                            9369
                        ],
                        [
                            "sload",
                            "0xe293e4b088f7e9eb5d95d32477b5deccaff9fa87cfabb4656b7836cb9f8d1e0f",
                            "0x0",
                            15326,
                            9376
                        ],
                        [
                            "sload",
                            "0xe293e4b088f7e9eb5d95d32477b5deccaff9fa87cfabb4656b7836cb9f8d1e10",
                            "0x0",
                            15338,
                            9387
                        ],
                        [
                            "sload",
                            "0xe293e4b088f7e9eb5d95d32477b5deccaff9fa87cfabb4656b7836cb9f8d1e11",
                            "0x0",
                            15349,
                            9397
                        ]
                    ],
                    "0x5f4ec3df9cbd43714fe2740f5e3616155c5b8419": [
                        [
                            "sload",
                            "0x5",
                            "0x0",
                            6661,
                            6021
                        ],
                        [
                            "sload",
                            "0x2",
                            "0xc7a37b03690fb9f41b5c5af8131735c72754460003",
                            9144,
                            6086
                        ],
                        [
                            "sload",
                            "0x5",
                            "0x0",
                            6661,
                            8124
                        ],
                        [
                            "sload",
                            "0x2",
                            "0xc7a37b03690fb9f41b5c5af8131735c72754460003",
                            9144,
                            8189
                        ]
                    ],
                    "0x00c7a37b03690fb9f41b5c5af8131735c7275446": [
                        [
                            "sload",
                            "0x72f51acc89880944eb5cd2305b535833aca264b11d016d92b62ce0ff7023ab79",
                            "0x1",
                            18103,
                            6288
                        ],
                        [
                            "sload",
                            "0x7",
                            "0x2b8200002b82",
                            19855,
                            6333
                        ],
                        [
                            "sload",
                            "0x72f51acc89880944eb5cd2305b535833aca264b11d016d92b62ce0ff7023ab79",
                            "0x1",
                            18103,
                            6424
                        ],
                        [
                            "sload",
                            "0x3869b23ff34a6967f03f9770bcd759469a3b3e0d56fdad9c4b5e9b8b0ae7624e",
                            "0x1be55a0900",
                            19396,
                            6531
                        ],
                        [
                            "sload",
                            "0x3869b23ff34a6967f03f9770bcd759469a3b3e0d56fdad9c4b5e9b8b0ae7624f",
                            "0x2b82000000005ff9694a000000005ff968ab",
                            19404,
                            6538
                        ],
                        [
                            "sload",
                            "0x72f51acc89880944eb5cd2305b535833aca264b11d016d92b62ce0ff7023ab79",
                            "0x1",
                            18103,
                            8391
                        ],
                        [
                            "sload",
                            "0x7",
                            "0x2b8200002b82",
                            19855,
                            8436
                        ],
                        [
                            "sload",
                            "0x72f51acc89880944eb5cd2305b535833aca264b11d016d92b62ce0ff7023ab79",
                            "0x1",
                            18103,
                            8527
                        ],
                        [
                            "sload",
                            "0x3869b23ff34a6967f03f9770bcd759469a3b3e0d56fdad9c4b5e9b8b0ae7624e",
                            "0x1be55a0900",
                            19396,
                            8634
                        ],
                        [
                            "sload",
                            "0x3869b23ff34a6967f03f9770bcd759469a3b3e0d56fdad9c4b5e9b8b0ae7624f",
                            "0x2b82000000005ff9694a000000005ff968ab",
                            19404,
                            8641
                        ]
                    ],
                    "0xc02aaa39b223fe8d0a0e5c4f27ead9083c756cc2": [
                        [
                            "sload",
                            "0x2",
                            "0x12",
                            2827,
                            9715
                        ]
                    ]
                }
            ],
            [
                "0x6461e964d687e7ca3082becc595d079c6c775ac8",
                "0x47029e4b",
                "complete",
                54263,
                61517,
                "staticcall",
                {
                    "0x6461e964d687e7ca3082becc595d079c6c775ac8": [
                        [
                            "sload",
                            "0x9f43fe7f4c655e385b198003e595b6958d4fa1901d8e425e54e1fda4a402dc52",
                            "0xfecaa02c9c6153695fa8921bc00f7544e3f12d8b",
                            237,
                            54332
                        ],
                        [
                            "sload",
                            "0x69",
                            "0x4e3b31eb0e5cb73641ee1e65e7dcefe520ba3ef2",
                            18822,
                            54502
                        ],
                        [
                            "sload",
                            "0x6b",
                            "0x7cd5e2d0056a7a7f09cbb86e540ef4f6dccc97dd",
                            19055,
                            54768
                        ],
                        [
                            "sload",
                            "0x69",
                            "0x4e3b31eb0e5cb73641ee1e65e7dcefe520ba3ef2",
                            14425,
                            55002
                        ],
                        [
                            "sload",
                            "0x6b",
                            "0x7cd5e2d0056a7a7f09cbb86e540ef4f6dccc97dd",
                            14658,
                            55268
                        ],
                        [
                            "sload",
                            "0x69",
                            "0x4e3b31eb0e5cb73641ee1e65e7dcefe520ba3ef2",
                            14855,
                            56011
                        ],
                        [
                            "sload",
                            "0x6b",
                            "0x7cd5e2d0056a7a7f09cbb86e540ef4f6dccc97dd",
                            15088,
                            56277
                        ],
                        [
                            "sload",
                            "0x69",
                            "0x4e3b31eb0e5cb73641ee1e65e7dcefe520ba3ef2",
                            18275,
                            58879
                        ]
                    ],
                    "0x4e3b31eb0e5cb73641ee1e65e7dcefe520ba3ef2": [
                        [
                            "sload",
                            "0x2",
                            "0x823be81bbf96bec0e25ca13170f5aacb5b79ba83",
                            112,
                            54612
                        ],
                        [
                            "sload",
                            "0x2",
                            "0x823be81bbf96bec0e25ca13170f5aacb5b79ba83",
                            112,
                            55112
                        ],
                        [
                            "sload",
                            "0x2",
                            "0x823be81bbf96bec0e25ca13170f5aacb5b79ba83",
                            112,
                            56121
                        ],
                        [
                            "sload",
                            "0x2",
                            "0x823be81bbf96bec0e25ca13170f5aacb5b79ba83",
                            112,
                            58989
                        ]
                    ],
                    "0x823be81bbf96bec0e25ca13170f5aacb5b79ba83": [
                        [
                            "sload",
                            "0x3a9bbf3e5b8c050f68e0b6554fb2b10cb0cc724edefb516f37f1243e161c445a",
                            "0xb671f2210b1f6621a2607ea63e6b2dc3e2464d1f",
                            1114,
                            54683
                        ],
                        [
                            "sload",
                            "0x51f38688f87154c662604be3141634be357ad12d2dc09472c85be2e8f008ad89",
                            "0x6e6a43a8148b5c54a94c044a835476d3f3f4d59a",
                            1114,
                            55183
                        ],
                        [
                            "sload",
                            "0x51f38688f87154c662604be3141634be357ad12d2dc09472c85be2e8f008ad89",
                            "0x6e6a43a8148b5c54a94c044a835476d3f3f4d59a",
                            1114,
                            56192
                        ],
                        [
                            "sload",
                            "0xe931ecf99842d82a079c6bd06e7d927682e36c6a2e936c3ef8c9f06bc526257c",
                            "0xd69b189020ef614796578afe4d10378c5e7e1138",
                            1114,
                            59060
                        ]
                    ],
                    "0xb671f2210b1f6621a2607ea63e6b2dc3e2464d1f": [
                        [
                            "sload",
                            "0x8320c8f71797a5781ba9147363d2cb7744e0515a95372254e05e49029ef5a06",
                            "0x221883c50a7a38a994f",
                            2685,
                            54934
                        ]
                    ],
                    "0x6e6a43a8148b5c54a94c044a835476d3f3f4d59a": [
                        [
                            "sload",
                            "0x5",
                            "0x5b1b5fea1b99d83ad479df0c222f0492385381dd",
                            8754,
                            55394
                        ],
                        [
                            "sload",
                            "0xd863e1a460888209168588082b36c7fee9664ef5b5ac4083155b46ba788df79c",
                            "0x611abc0e066a01aff63910fc8935d164267ec6cf",
                            17063,
                            56435
                        ]
                    ],
                    "0x5b1b5fea1b99d83ad479df0c222f0492385381dd": [
                        [
                            "sload",
                            "0x61a83ba1c9dd1ed7aff0f2e795b1c490864715ea4a493c91292181bc982b04ef",
                            "0x2772daee7f26878480c6",
                            788,
                            55515
                        ]
                    ],
                    "0x611abc0e066a01aff63910fc8935d164267ec6cf": [
                        [
                            "sload",
                            "0x305e0cb22db82f955deaac098b0342395170c438cacaba395dcbcf091ef40273",
                            "0x4b9ca5607f1ff8019c1c6a3c2f0cc8de622d5b82",
                            16350,
                            56666
                        ],
                        [
                            "sload",
                            "0x305e0cb22db82f955deaac098b0342395170c438cacaba395dcbcf091ef40273",
                            "0x4b9ca5607f1ff8019c1c6a3c2f0cc8de622d5b82",
                            16350,
                            56984
                        ],
                        [
                            "sload",
                            "0xcacd88668609f89b202c4b95904142efdbeb1c68a2f82e8f2f930f220c034dce",
                            "0x12c815b0c404d66dd0491f4ec62839904cec25e7",
                            16350,
                            57316
                        ],
                        [
                            "sload",
                            "0x4f6a91f00b98bf359fd33bd3fa85b7f95ed0c066939a15ba46c0abc2656c209c",
                            "0xd69b189020ef614796578afe4d10378c5e7e1138",
                            16350,
                            57926
                        ]
                    ],
                    "0x4b9ca5607f1ff8019c1c6a3c2f0cc8de622d5b82": [
                        [
                            "sload",
                            "0x4a842506e93d09bbb6c24c00696e5cd84329c04907c1a346d918e1195a8ee76b",
                            "0x13321ca8ffe6210e08c54",
                            2669,
                            56890
                        ],
                        [
                            "sload",
                            "0x4a842506e93d09bbb6c24c00696e5cd84329c04907c1a346d918e1195a8ee76c",
                            "0x21704",
                            2675,
                            56895
                        ],
                        [
                            "sload",
                            "0x4a842506e93d09bbb6c24c00696e5cd84329c04907c1a346d918e1195a8ee76b",
                            "0x13321ca8ffe6210e08c54",
                            2669,
                            57216
                        ],
                        [
                            "sload",
                            "0x4a842506e93d09bbb6c24c00696e5cd84329c04907c1a346d918e1195a8ee76c",
                            "0x21704",
                            2675,
                            57221
                        ],
                        [
                            "sload",
                            "0x6",
                            "0x21c3a",
                            1480,
                            58121
                        ],
                        [
                            "sload",
                            "0xf652222313e28459528d920b65115c16c04f3efc82aaedc97be59f3f377e2443",
                            "0x14844cf9bf9fd2158c9cb",
                            1502,
                            58138
                        ],
                        [
                            "sload",
                            "0x6",
                            "0x21c3a",
                            1992,
                            58292
                        ],
                        [
                            "sload",
                            "0xf652222313e28459528d920b65115c16c04f3efc82aaedc97be59f3f377e2978",
                            "0x121a51ecdc4b9f4fb8374",
                            2021,
                            58313
                        ]
                    ],
                    "0x12c815b0c404d66dd0491f4ec62839904cec25e7": [
                        [
                            "sload",
                            "0x6",
                            "0x5ff8feb7",
                            2003,
                            57460
                        ],
                        [
                            "sload",
                            "0x4",
                            "0x13d08c29de3a625b67a8dd3",
                            2006,
                            57462
                        ],
                        [
                            "sload",
                            "0x7",
                            "0x0",
                            2009,
                            57464
                        ],
                        [
                            "sload",
                            "0x563a8a19823933e751ef690567f0351d13ee18500841743a77290b3deeac37d",
                            "0xc757acba3c0506218b3022266a9dc7f3612d85f5",
                            8652,
                            57518
                        ]
                    ],
                    "0xc757acba3c0506218b3022266a9dc7f3612d85f5": [
                        [
                            "sload",
                            "0xad77bf801726b2c83e9e3fa10f319bf2df99397a561126e8c3df0f7596519f75",
                            "0xcb80de1af223445b8073db279f284aebe9f3b71553410fc4edb90823bab36c49",
                            4575,
                            57728
                        ],
                        [
                            "sload",
                            "0xefd817bfb55c8a8dfd5a24fc104be1f1ca6df08999d3a79bb5e058d0f28505b7",
                            "0xab18",
                            4593,
                            57745
                        ]
                    ],
                    "0xd69b189020ef614796578afe4d10378c5e7e1138": [
                        [
                            "sload",
                            "0x48b880f8dbf2778f85b61c3bd2d5c3122926068026521f0268b435994e4d8fca",
                            "0x5f4ec3df9cbd43714fe2740f5e3616155c5b8419",
                            11366,
                            59316
                        ],
                        [
                            "sload",
                            "0xed353377a302389784f33d205d83f6a63612569ec74b798e4bee03eb0ac91277",
                            "0x8",
                            15212,
                            60553
                        ],
                        [
                            "sload",
                            "0xed353377a302389784f33d205d83f6a63612569ec74b798e4bee03eb0ac91277",
                            "0x8",
                            15235,
                            60569
                        ],
                        [
                            "sload",
                            "0xe293e4b088f7e9eb5d95d32477b5deccaff9fa87cfabb4656b7836cb9f8d1e0e",
                            "0x0",
                            15318,
                            60717
                        ],
                        [
                            "sload",
                            "0xe293e4b088f7e9eb5d95d32477b5deccaff9fa87cfabb4656b7836cb9f8d1e0f",
                            "0x0",
                            15326,
                            60724
                        ],
                        [
                            "sload",
                            "0xe293e4b088f7e9eb5d95d32477b5deccaff9fa87cfabb4656b7836cb9f8d1e10",
                            "0x0",
                            15338,
                            60735
                        ],
                        [
                            "sload",
                            "0xe293e4b088f7e9eb5d95d32477b5deccaff9fa87cfabb4656b7836cb9f8d1e11",
                            "0x0",
                            15349,
                            60745
                        ]
                    ],
                    "0x5f4ec3df9cbd43714fe2740f5e3616155c5b8419": [
                        [
                            "sload",
                            "0x5",
                            "0x0",
                            6661,
                            59472
                        ],
                        [
                            "sload",
                            "0x2",
                            "0xc7a37b03690fb9f41b5c5af8131735c72754460003",
                            9144,
                            59537
                        ]
                    ],
                    "0x00c7a37b03690fb9f41b5c5af8131735c7275446": [
                        [
                            "sload",
                            "0x72f51acc89880944eb5cd2305b535833aca264b11d016d92b62ce0ff7023ab79",
                            "0x1",
                            18103,
                            59739
                        ],
                        [
                            "sload",
                            "0x7",
                            "0x2b8200002b82",
                            19855,
                            59784
                        ],
                        [
                            "sload",
                            "0x72f51acc89880944eb5cd2305b535833aca264b11d016d92b62ce0ff7023ab79",
                            "0x1",
                            18103,
                            59875
                        ],
                        [
                            "sload",
                            "0x3869b23ff34a6967f03f9770bcd759469a3b3e0d56fdad9c4b5e9b8b0ae7624e",
                            "0x1be55a0900",
                            19396,
                            59982
                        ],
                        [
                            "sload",
                            "0x3869b23ff34a6967f03f9770bcd759469a3b3e0d56fdad9c4b5e9b8b0ae7624f",
                            "0x2b82000000005ff9694a000000005ff968ab",
                            19404,
                            59989
                        ]
                    ]
                }
            ]
        ],
        [
            [
                "0xc011a73ee8576fb46f5e1c5751ca3b9fe0af2a6f",
                "0x2367012ab9c3da91290f71590d5ce217721eefe4",
                "0x7cd5e2d0056a7a7f09cbb86e540ef4f6dccc97dd",
                468364907407165774137
            ],
            [
                "0x6e6a43a8148b5c54a94c044a835476d3f3f4d59a",
                "0xc011a73ee8576fb46f5e1c5751ca3b9fe0af2a6f",
                "0x7cd5e2d0056a7a7f09cbb86e540ef4f6dccc97dd",
                468364907407165774137
            ]
        ]
    ]
}