{
    "0xea8aeca0f08e8f8869a19a0bfbe26390b5e76acbebc4eee216fbd6fd414e16ca": [
        [
            [
                "0x6461e964d687e7ca3082becc595d079c6c775ac8",
                "0x89afb5b7",
                "complete",
                230,
                2213,
                "staticcall",
                {
                    "0x6461e964d687e7ca3082becc595d079c6c775ac8": [
                        [
                            "sload",
                            "0x9f43fe7f4c655e385b198003e595b6958d4fa1901d8e425e54e1fda4a402dc52",
                            "0x429d0a028d6a8a6ea50eaacfe1137bb30156e9d",
                            237,
                            305
                        ],
                        [
                            "sload",
                            "0x69",
                            "0x4e3b31eb0e5cb73641ee1e65e7dcefe520ba3ef2",
                            9129,
                            387
                        ],
                        [
                            "sload",
                            "0x6b",
                            "0x7cd5e2d0056a7a7f09cbb86e540ef4f6dccc97dd",
                            6176,
                            745
                        ],
                        [
                            "sload",
                            "0x69",
                            "0x4e3b31eb0e5cb73641ee1e65e7dcefe520ba3ef2",
                            6921,
                            1128
                        ],
                        [
                            "sload",
                            "0x6b",
                            "0x7cd5e2d0056a7a7f09cbb86e540ef4f6dccc97dd",
                            6176,
                            1486
                        ]
                    ],
                    "0x4e3b31eb0e5cb73641ee1e65e7dcefe520ba3ef2": [
                        [
                            "sload",
                            "0x2",
                            "0x823be81bbf96bec0e25ca13170f5aacb5b79ba83",
                            112,
                            524
                        ],
                        [
                            "sload",
                            "0x2",
                            "0x823be81bbf96bec0e25ca13170f5aacb5b79ba83",
                            112,
                            1265
                        ]
                    ],
                    "0x823be81bbf96bec0e25ca13170f5aacb5b79ba83": [
                        [
                            "sload",
                            "0xe65d8376d1030778034840425c47a73127aac9523af8a8f3b210ca3b1acbfb89",
                            "0xda4ef8520b1a57d7d63f1e249606d1a459698876",
                            1114,
                            595
                        ],
                        [
                            "sload",
                            "0x51f38688f87154c662604be3141634be357ad12d2dc09472c85be2e8f008ad89",
                            "0x97767d7d04fd0db0a1a2478dcd4ba85290556b48",
                            1114,
                            1336
                        ]
                    ],
                    "0xda4ef8520b1a57d7d63f1e249606d1a459698876": [
                        [
                            "sload",
                            "0x9fa773b59ce5bd7eda31fac62820523eec1ab751115dba6cdcd471f4a4454a3f",
                            "0x3bb410716c601583880",
                            2902,
                            982
                        ]
                    ],
                    "0x97767d7d04fd0db0a1a2478dcd4ba85290556b48": [
                        [
                            "sload",
                            "0x5",
                            "0x5b1b5fea1b99d83ad479df0c222f0492385381dd",
                            6344,
                            1715
                        ]
                    ],
                    "0x5b1b5fea1b99d83ad479df0c222f0492385381dd": [
                        [
                            "sload",
                            "0x61a83ba1c9dd1ed7aff0f2e795b1c490864715ea4a493c91292181bc982b04ef",
                            "0x359e986e4e4391e4f9d3",
                            788,
                            1871
                        ]
                    ]
                }
            ],
            [
                "0x6461e964d687e7ca3082becc595d079c6c775ac8",
                "0x2bdbe219",
                "complete",
                10993,
                30618,
                "staticcall",
                {
                    "0x6461e964d687e7ca3082becc595d079c6c775ac8": [
                        [
                            "sload",
                            "0x9f43fe7f4c655e385b198003e595b6958d4fa1901d8e425e54e1fda4a402dc52",
                            "0x429d0a028d6a8a6ea50eaacfe1137bb30156e9d",
                            237,
                            11062
                        ],
                        [
                            "sload",
                            "0x69",
                            "0x4e3b31eb0e5cb73641ee1e65e7dcefe520ba3ef2",
                            8785,
                            11289
                        ],
                        [
                            "sload",
                            "0x69",
                            "0x4e3b31eb0e5cb73641ee1e65e7dcefe520ba3ef2",
                            8785,
                            13622
                        ],
                        [
                            "sload",
                            "0x6b",
                            "0x7cd5e2d0056a7a7f09cbb86e540ef4f6dccc97dd",
                            3908,
                            16150
                        ],
                        [
                            "sload",
                            "0x6d",
                            "0x93e01899c10532d76c0e864537a1d26433dbbddb",
                            11010,
                            16189
                        ],
                        [
                            "sload",
                            "0x6d",
                            "0x93e01899c10532d76c0e864537a1d26433dbbddb",
                            11010,
                            16719
                        ],
                        [
                            "sload",
                            "0x6d",
                            "0x93e01899c10532d76c0e864537a1d26433dbbddb",
                            8414,
                            17518
                        ],
                        [
                            "sload",
                            "0x6d",
                            "0x93e01899c10532d76c0e864537a1d26433dbbddb",
                            8128,
                            17766
                        ],
                        [
                            "sload",
                            "0x6d",
                            "0x93e01899c10532d76c0e864537a1d26433dbbddb",
                            8072,
                            18026
                        ],
                        [
                            "sload",
                            "0x6b",
                            "0x7cd5e2d0056a7a7f09cbb86e540ef4f6dccc97dd",
                            8075,
                            18028
                        ],
                        [
                            "sload",
                            "0x73",
                            "0xc02aaa39b223fe8d0a0e5c4f27ead9083c756cc2",
                            8733,
                            18624
                        ],
                        [
                            "sload",
                            "0x6d",
                            "0x93e01899c10532d76c0e864537a1d26433dbbddb",
                            11010,
                            18649
                        ],
                        [
                            "sload",
                            "0x72",
                            "0x7355534400000000000000000000000000000000000000000000000000000000",
                            8770,
                            19489
                        ],
                        [
                            "sload",
                            "0x6d",
                            "0x93e01899c10532d76c0e864537a1d26433dbbddb",
                            11010,
                            19517
                        ],
                        [
                            "sload",
                            "0x69",
                            "0x4e3b31eb0e5cb73641ee1e65e7dcefe520ba3ef2",
                            8785,
                            20356
                        ],
                        [
                            "sload",
                            "0x69",
                            "0x4e3b31eb0e5cb73641ee1e65e7dcefe520ba3ef2",
                            8785,
                            21416
                        ],
                        [
                            "sload",
                            "0x69",
                            "0x4e3b31eb0e5cb73641ee1e65e7dcefe520ba3ef2",
                            7062,
                            24445
                        ],
                        [
                            "sload",
                            "0x6b",
                            "0x7cd5e2d0056a7a7f09cbb86e540ef4f6dccc97dd",
                            7203,
                            24803
                        ],
                        [
                            "sload",
                            "0x69",
                            "0x4e3b31eb0e5cb73641ee1e65e7dcefe520ba3ef2",
                            8785,
                            27821
                        ]
                    ],
                    "0x4e3b31eb0e5cb73641ee1e65e7dcefe520ba3ef2": [
                        [
                            "sload",
                            "0x2",
                            "0x823be81bbf96bec0e25ca13170f5aacb5b79ba83",
                            112,
                            11430
                        ],
                        [
                            "sload",
                            "0x2",
                            "0x823be81bbf96bec0e25ca13170f5aacb5b79ba83",
                            112,
                            13763
                        ],
                        [
                            "sload",
                            "0x2",
                            "0x823be81bbf96bec0e25ca13170f5aacb5b79ba83",
                            112,
                            20497
                        ],
                        [
                            "sload",
                            "0x2",
                            "0x823be81bbf96bec0e25ca13170f5aacb5b79ba83",
                            112,
                            21557
                        ],
                        [
                            "sload",
                            "0x2",
                            "0x823be81bbf96bec0e25ca13170f5aacb5b79ba83",
                            112,
                            24582
                        ],
                        [
                            "sload",
                            "0x2",
                            "0x823be81bbf96bec0e25ca13170f5aacb5b79ba83",
                            112,
                            27962
                        ]
                    ],
                    "0x823be81bbf96bec0e25ca13170f5aacb5b79ba83": [
                        [
                            "sload",
                            "0xe931ecf99842d82a079c6bd06e7d927682e36c6a2e936c3ef8c9f06bc526257c",
                            "0xd69b189020ef614796578afe4d10378c5e7e1138",
                            1114,
                            11501
                        ],
                        [
                            "sload",
                            "0xe931ecf99842d82a079c6bd06e7d927682e36c6a2e936c3ef8c9f06bc526257c",
                            "0xd69b189020ef614796578afe4d10378c5e7e1138",
                            1114,
                            13834
                        ],
                        [
                            "sload",
                            "0xe931ecf99842d82a079c6bd06e7d927682e36c6a2e936c3ef8c9f06bc526257c",
                            "0xd69b189020ef614796578afe4d10378c5e7e1138",
                            1114,
                            20568
                        ],
                        [
                            "sload",
                            "0xe931ecf99842d82a079c6bd06e7d927682e36c6a2e936c3ef8c9f06bc526257c",
                            "0xd69b189020ef614796578afe4d10378c5e7e1138",
                            1114,
                            21628
                        ],
                        [
                            "sload",
                            "0x51f38688f87154c662604be3141634be357ad12d2dc09472c85be2e8f008ad89",
                            "0x97767d7d04fd0db0a1a2478dcd4ba85290556b48",
                            1114,
                            24653
                        ],
                        [
                            "sload",
                            "0xe931ecf99842d82a079c6bd06e7d927682e36c6a2e936c3ef8c9f06bc526257c",
                            "0xd69b189020ef614796578afe4d10378c5e7e1138",
                            1114,
                            28033
                        ]
                    ],
                    "0xd69b189020ef614796578afe4d10378c5e7e1138": [
                        [
                            "sload",
                            "0xbe38ea8baa83927c08fa0de97a6d7a2ca25e513e0a93e0552a2acec8df14036b",
                            "0xdc3ea94cd0ac27d9a86c180091e7f78c683d3699",
                            11366,
                            11857
                        ],
                        [
                            "sload",
                            "0xe10f30f99bb6ff1c594b8b77079bfa4b9368a05cecbaedb3eff0f71a516a926e",
                            "0x8",
                            15212,
                            13118
                        ],
                        [
                            "sload",
                            "0xe10f30f99bb6ff1c594b8b77079bfa4b9368a05cecbaedb3eff0f71a516a926e",
                            "0x8",
                            15235,
                            13134
                        ],
                        [
                            "sload",
                            "0xaed38ed8c535b37c77d81901c4396980a8c65c930ad46166e3caf3d78e9f9510",
                            "0x0",
                            15318,
                            13282
                        ],
                        [
                            "sload",
                            "0xaed38ed8c535b37c77d81901c4396980a8c65c930ad46166e3caf3d78e9f9511",
                            "0x0",
                            15326,
                            13289
                        ],
                        [
                            "sload",
                            "0xaed38ed8c535b37c77d81901c4396980a8c65c930ad46166e3caf3d78e9f9512",
                            "0x0",
                            15338,
                            13300
                        ],
                        [
                            "sload",
                            "0xaed38ed8c535b37c77d81901c4396980a8c65c930ad46166e3caf3d78e9f9513",
                            "0x0",
                            15349,
                            13310
                        ],
                        [
                            "sload",
                            "0x48b880f8dbf2778f85b61c3bd2d5c3122926068026521f0268b435994e4d8fca",
                            "0x5f4ec3df9cbd43714fe2740f5e3616155c5b8419",
                            11366,
                            14190
                        ],
                        [
                            "sload",
                            "0xed353377a302389784f33d205d83f6a63612569ec74b798e4bee03eb0ac91277",
                            "0x8",
                            15212,
                            15427
                        ],
                        [
                            "sload",
                            "0xed353377a302389784f33d205d83f6a63612569ec74b798e4bee03eb0ac91277",
                            "0x8",
                            15235,
                            15443
                        ],
                        [
                            "sload",
                            "0xe293e4b088f7e9eb5d95d32477b5deccaff9fa87cfabb4656b7836cb9f8d1e0e",
                            "0x0",
                            15318,
                            15591
                        ],
                        [
                            "sload",
                            "0xe293e4b088f7e9eb5d95d32477b5deccaff9fa87cfabb4656b7836cb9f8d1e0f",
                            "0x0",
                            15326,
                            15598
                        ],
                        [
                            "sload",
                            "0xe293e4b088f7e9eb5d95d32477b5deccaff9fa87cfabb4656b7836cb9f8d1e10",
                            "0x0",
                            15338,
                            15609
                        ],
                        [
                            "sload",
                            "0xe293e4b088f7e9eb5d95d32477b5deccaff9fa87cfabb4656b7836cb9f8d1e11",
                            "0x0",
                            15349,
                            15619
                        ],
                        [
                            "sload",
                            "0xbf4016b332216e3e757307095a95a36cf38c4c15b334add21cedb2fbed6a3ad2",
                            "0x0",
                            11366,
                            20924
                        ],
                        [
                            "sload",
                            "0x879aab086d0beefdbbcdf59c665b934c0bdc59c3e3b95f2ff91cfe4df4dbbd92",
                            "0x1",
                            11872,
                            20942
                        ],
                        [
                            "sload",
                            "0x7088dccacad63a73003aa4952e101bce5495d298c08b27af20f84d0220926c40",
                            "0x5fe3e288000000000000000000000000000000000000000de0b6b3a7640000",
                            11916,
                            20998
                        ],
                        [
                            "sload",
                            "0x9a03f7b7a54bb303b49ef32efb9dda8d8d8afa029e71e9399366bdec9a82cfdf",
                            "0x0",
                            15318,
                            21109
                        ],
                        [
                            "sload",
                            "0x9a03f7b7a54bb303b49ef32efb9dda8d8d8afa029e71e9399366bdec9a82cfe0",
                            "0x0",
                            15326,
                            21116
                        ],
                        [
                            "sload",
                            "0x9a03f7b7a54bb303b49ef32efb9dda8d8d8afa029e71e9399366bdec9a82cfe1",
                            "0x0",
                            15338,
                            21127
                        ],
                        [
                            "sload",
                            "0x9a03f7b7a54bb303b49ef32efb9dda8d8d8afa029e71e9399366bdec9a82cfe2",
                            "0x0",
                            15349,
                            21137
                        ],
                        [
                            "sload",
                            "0x48b880f8dbf2778f85b61c3bd2d5c3122926068026521f0268b435994e4d8fca",
                            "0x5f4ec3df9cbd43714fe2740f5e3616155c5b8419",
                            11366,
                            21984
                        ],
                        [
                            "sload",
                            "0xed353377a302389784f33d205d83f6a63612569ec74b798e4bee03eb0ac91277",
                            "0x8",
                            15212,
                            23221
                        ],
                        [
                            "sload",
                            "0xed353377a302389784f33d205d83f6a63612569ec74b798e4bee03eb0ac91277",
                            "0x8",
                            15235,
                            23237
                        ],
                        [
                            "sload",
                            "0xe293e4b088f7e9eb5d95d32477b5deccaff9fa87cfabb4656b7836cb9f8d1e0e",
                            "0x0",
                            15318,
                            23385
                        ],
                        [
                            "sload",
                            "0xe293e4b088f7e9eb5d95d32477b5deccaff9fa87cfabb4656b7836cb9f8d1e0f",
                            "0x0",
                            15326,
                            23392
                        ],
                        [
                            "sload",
                            "0xe293e4b088f7e9eb5d95d32477b5deccaff9fa87cfabb4656b7836cb9f8d1e10",
                            "0x0",
                            15338,
                            23403
                        ],
                        [
                            "sload",
                            "0xe293e4b088f7e9eb5d95d32477b5deccaff9fa87cfabb4656b7836cb9f8d1e11",
                            "0x0",
                            15349,
                            23413
                        ],
                        [
                            "sload",
                            "0x48b880f8dbf2778f85b61c3bd2d5c3122926068026521f0268b435994e4d8fca",
                            "0x5f4ec3df9cbd43714fe2740f5e3616155c5b8419",
                            11366,
                            28389
                        ],
                        [
                            "sload",
                            "0xed353377a302389784f33d205d83f6a63612569ec74b798e4bee03eb0ac91277",
                            "0x8",
                            15212,
                            29626
                        ],
                        [
                            "sload",
                            "0xed353377a302389784f33d205d83f6a63612569ec74b798e4bee03eb0ac91277",
                            "0x8",
                            15235,
                            29642
                        ],
                        [
                            "sload",
                            "0xe293e4b088f7e9eb5d95d32477b5deccaff9fa87cfabb4656b7836cb9f8d1e0e",
                            "0x0",
                            15318,
                            29790
                        ],
                        [
                            "sload",
                            "0xe293e4b088f7e9eb5d95d32477b5deccaff9fa87cfabb4656b7836cb9f8d1e0f",
                            "0x0",
                            15326,
                            29797
                        ],
                        [
                            "sload",
                            "0xe293e4b088f7e9eb5d95d32477b5deccaff9fa87cfabb4656b7836cb9f8d1e10",
                            "0x0",
                            15338,
                            29808
                        ],
                        [
                            "sload",
                            "0xe293e4b088f7e9eb5d95d32477b5deccaff9fa87cfabb4656b7836cb9f8d1e11",
                            "0x0",
                            15349,
                            29818
                        ]
                    ],
                    "0xdc3ea94cd0ac27d9a86c180091e7f78c683d3699": [
                        [
                            "sload",
                            "0x5",
                            "0x0",
                            4779,
                            12023
                        ],
                        [
                            "sload",
                            "0x2",
                            "0xc8db8d5869510bb1fcd3bd7c7624c1b49c652ef80002",
                            6674,
                            12092
                        ]
                    ],
                    "0xc8db8d5869510bb1fcd3bd7c7624c1b49c652ef8": [
                        [
                            "sload",
                            "0x1acfb7dfa158d048aee7e76326496ced687fa87a4737aaccb3235af371595b48",
                            "0x1",
                            18103,
                            12300
                        ],
                        [
                            "sload",
                            "0x7",
                            "0x309c0000309c",
                            19855,
                            12345
                        ],
                        [
                            "sload",
                            "0x1acfb7dfa158d048aee7e76326496ced687fa87a4737aaccb3235af371595b48",
                            "0x1",
                            18103,
                            12436
                        ],
                        [
                            "sload",
                            "0x715523736186eba0378737ebdf78b856f91cc8b027edcfc92869a9b416c2d7b0",
                            "0x80c74918",
                            19396,
                            12543
                        ],
                        [
                            "sload",
                            "0x715523736186eba0378737ebdf78b856f91cc8b027edcfc92869a9b416c2d7b1",
                            "0x309c00000000603de65400000000603de649",
                            19404,
                            12550
                        ]
                    ],
                    "0x5f4ec3df9cbd43714fe2740f5e3616155c5b8419": [
                        [
                            "sload",
                            "0x5",
                            "0x0",
                            6661,
                            14346
                        ],
                        [
                            "sload",
                            "0x2",
                            "0xc7a37b03690fb9f41b5c5af8131735c72754460003",
                            9144,
                            14411
                        ],
                        [
                            "sload",
                            "0x5",
                            "0x0",
                            6661,
                            22140
                        ],
                        [
                            "sload",
                            "0x2",
                            "0xc7a37b03690fb9f41b5c5af8131735c72754460003",
                            9144,
                            22205
                        ],
                        [
                            "sload",
                            "0x5",
                            "0x0",
                            6661,
                            28545
                        ],
                        [
                            "sload",
                            "0x2",
                            "0xc7a37b03690fb9f41b5c5af8131735c72754460003",
                            9144,
                            28610
                        ]
                    ],
                    "0x00c7a37b03690fb9f41b5c5af8131735c7275446": [
                        [
                            "sload",
                            "0x72f51acc89880944eb5cd2305b535833aca264b11d016d92b62ce0ff7023ab79",
                            "0x1",
                            18103,
                            14613
                        ],
                        [
                            "sload",
                            "0x7",
                            "0x580100005801",
                            19855,
                            14658
                        ],
                        [
                            "sload",
                            "0x72f51acc89880944eb5cd2305b535833aca264b11d016d92b62ce0ff7023ab79",
                            "0x1",
                            18103,
                            14749
                        ],
                        [
                            "sload",
                            "0x830532111233e9f657276366548e69b58b10612ef0d5f3a2239891275b8da977",
                            "0x23edbfca20",
                            19396,
                            14856
                        ],
                        [
                            "sload",
                            "0x830532111233e9f657276366548e69b58b10612ef0d5f3a2239891275b8da978",
                            "0x580100000000603de81b00000000603de804",
                            19404,
                            14863
                        ],
                        [
                            "sload",
                            "0x72f51acc89880944eb5cd2305b535833aca264b11d016d92b62ce0ff7023ab79",
                            "0x1",
                            18103,
                            22407
                        ],
                        [
                            "sload",
                            "0x7",
                            "0x580100005801",
                            19855,
                            22452
                        ],
                        [
                            "sload",
                            "0x72f51acc89880944eb5cd2305b535833aca264b11d016d92b62ce0ff7023ab79",
                            "0x1",
                            18103,
                            22543
                        ],
                        [
                            "sload",
                            "0x830532111233e9f657276366548e69b58b10612ef0d5f3a2239891275b8da977",
                            "0x23edbfca20",
                            19396,
                            22650
                        ],
                        [
                            "sload",
                            "0x830532111233e9f657276366548e69b58b10612ef0d5f3a2239891275b8da978",
                            "0x580100000000603de81b00000000603de804",
                            19404,
                            22657
                        ],
                        [
                            "sload",
                            "0x72f51acc89880944eb5cd2305b535833aca264b11d016d92b62ce0ff7023ab79",
                            "0x1",
                            18103,
                            28812
                        ],
                        [
                            "sload",
                            "0x7",
                            "0x580100005801",
                            19855,
                            28857
                        ],
                        [
                            "sload",
                            "0x72f51acc89880944eb5cd2305b535833aca264b11d016d92b62ce0ff7023ab79",
                            "0x1",
                            18103,
                            28948
                        ],
                        [
                            "sload",
                            "0x830532111233e9f657276366548e69b58b10612ef0d5f3a2239891275b8da977",
                            "0x23edbfca20",
                            19396,
                            29055
                        ],
                        [
                            "sload",
                            "0x830532111233e9f657276366548e69b58b10612ef0d5f3a2239891275b8da978",
                            "0x580100000000603de81b00000000603de804",
                            19404,
                            29062
                        ]
                    ],
                    "0x93e01899c10532d76c0e864537a1d26433dbbddb": [
                        [
                            "sload",
                            "0xe",
                            "0x6004340cf9a7f12e68b5cf496bb205b9244ad580",
                            1856,
                            16307
                        ],
                        [
                            "sload",
                            "0xe",
                            "0x6004340cf9a7f12e68b5cf496bb205b9244ad580",
                            1856,
                            16837
                        ],
                        [
                            "sload",
                            "0xf",
                            "0x1c2d5",
                            1442,
                            17617
                        ],
                        [
                            "sload",
                            "0xc",
                            "0xf4240",
                            2131,
                            17874
                        ],
                        [
                            "sload",
                            "0xf9a162b9fdff8cea9adfe641c0dc2d4a460cf20b502322a3e58d906986c2215e",
                            "0x67c422eede2793c40",
                            2775,
                            18267
                        ],
                        [
                            "sload",
                            "0xe",
                            "0x6004340cf9a7f12e68b5cf496bb205b9244ad580",
                            1856,
                            18767
                        ],
                        [
                            "sload",
                            "0xe",
                            "0x6004340cf9a7f12e68b5cf496bb205b9244ad580",
                            1856,
                            19635
                        ]
                    ],
                    "0x6004340cf9a7f12e68b5cf496bb205b9244ad580": [
                        [
                            "sload",
                            "0x6",
                            "0xe8d4a51000",
                            1842,
                            16596
                        ],
                        [
                            "sload",
                            "0x8",
                            "0x1",
                            1164,
                            17104
                        ],
                        [
                            "sload",
                            "0x8",
                            "0x1",
                            1193,
                            17128
                        ],
                        [
                            "sload",
                            "0xf3f7a9fe364faab93b216da50a3214154f22a0a2b415b23a84c8169e8b636ee3",
                            "0x2000",
                            1218,
                            17147
                        ],
                        [
                            "sload",
                            "0x7",
                            "0x1",
                            1975,
                            19048
                        ],
                        [
                            "sload",
                            "0x7",
                            "0x1",
                            2004,
                            19072
                        ],
                        [
                            "sload",
                            "0xa66cc928b5edb82af9bd49922954155ab7b0942694bea4ce44661d9a8736c688",
                            "0xa0b86991c6218b36c1d19d4a2e9eb0ce3606eb48",
                            2029,
                            19091
                        ],
                        [
                            "sload",
                            "0x7",
                            "0x1",
                            1975,
                            19916
                        ],
                        [
                            "sload",
                            "0x7",
                            "0x1",
                            2004,
                            19940
                        ],
                        [
                            "sload",
                            "0xa66cc928b5edb82af9bd49922954155ab7b0942694bea4ce44661d9a8736c688",
                            "0xa0b86991c6218b36c1d19d4a2e9eb0ce3606eb48",
                            2029,
                            19959
                        ]
                    ],
                    "0xa0b86991c6218b36c1d19d4a2e9eb0ce3606eb48": [
                        [
                            "sload",
                            "0x10d6a54a4754c8869d6886b5f5d7fbfa5b4522237ea5c60d11bc4e7a1ff9390b",
                            "0x807a96288a1a408dbc13de2b1d087d10356395d2",
                            1747,
                            23816
                        ],
                        [
                            "sload",
                            "0x7050c9e0f4ca769c69bd3a8ef740bc37934f8e2c036e5a723fd8ee048ed3f8c3",
                            "0xb7277a6e95992041568d9391d09d0122023778a2",
                            1660,
                            23856
                        ],
                        [
                            "sload",
                            "0x6",
                            "0x6",
                            6008,
                            23929
                        ]
                    ],
                    "0x97767d7d04fd0db0a1a2478dcd4ba85290556b48": [
                        [
                            "sload",
                            "0xd863e1a460888209168588082b36c7fee9664ef5b5ac4083155b46ba788df79c",
                            "0xdecf74c966438c3b4578b46dcc64c907141f670",
                            12736,
                            25123
                        ]
                    ],
                    "0x0decf74c966438c3b4578b46dcc64c907141f670": [
                        [
                            "sload",
                            "0x305e0cb22db82f955deaac098b0342395170c438cacaba395dcbcf091ef40273",
                            "0x4b9ca5607f1ff8019c1c6a3c2f0cc8de622d5b82",
                            16352,
                            25464
                        ],
                        [
                            "sload",
                            "0x305e0cb22db82f955deaac098b0342395170c438cacaba395dcbcf091ef40273",
                            "0x4b9ca5607f1ff8019c1c6a3c2f0cc8de622d5b82",
                            16352,
                            25782
                        ],
                        [
                            "sload",
                            "0xcacd88668609f89b202c4b95904142efdbeb1c68a2f82e8f2f930f220c034dce",
                            "0x12c815b0c404d66dd0491f4ec62839904cec25e7",
                            16352,
                            26114
                        ],
                        [
                            "sload",
                            "0x4f6a91f00b98bf359fd33bd3fa85b7f95ed0c066939a15ba46c0abc2656c209c",
                            "0xd69b189020ef614796578afe4d10378c5e7e1138",
                            16352,
                            26724
                        ]
                    ],
                    "0x4b9ca5607f1ff8019c1c6a3c2f0cc8de622d5b82": [
                        [
                            "sload",
                            "0x4a842506e93d09bbb6c24c00696e5cd84329c04907c1a346d918e1195a8ee76b",
                            "0xb284f34b0a13c4f98cef",
                            2669,
                            25688
                        ],
                        [
                            "sload",
                            "0x4a842506e93d09bbb6c24c00696e5cd84329c04907c1a346d918e1195a8ee76c",
                            "0x25910",
                            2675,
                            25693
                        ],
                        [
                            "sload",
                            "0x4a842506e93d09bbb6c24c00696e5cd84329c04907c1a346d918e1195a8ee76b",
                            "0xb284f34b0a13c4f98cef",
                            2669,
                            26014
                        ],
                        [
                            "sload",
                            "0x4a842506e93d09bbb6c24c00696e5cd84329c04907c1a346d918e1195a8ee76c",
                            "0x25910",
                            2675,
                            26019
                        ],
                        [
                            "sload",
                            "0x6",
                            "0x25d12",
                            1480,
                            26919
                        ],
                        [
                            "sload",
                            "0xf652222313e28459528d920b65115c16c04f3efc82aaedc97be59f3f377e664f",
                            "0xbccce198aa4663dbb9e2",
                            1502,
                            26936
                        ],
                        [
                            "sload",
                            "0x6",
                            "0x25d12",
                            1992,
                            27090
                        ],
                        [
                            "sload",
                            "0xf652222313e28459528d920b65115c16c04f3efc82aaedc97be59f3f377e6a50",
                            "0xbe79b32b3b98733dc75c",
                            2021,
                            27111
                        ]
                    ],
                    "0x12c815b0c404d66dd0491f4ec62839904cec25e7": [
                        [
                            "sload",
                            "0x6",
                            "0x603d92fc",
                            2003,
                            26258
                        ],
                        [
                            "sload",
                            "0x4",
                            "0x216092520be1a5ec2628a6b",
                            2006,
                            26260
                        ],
                        [
                            "sload",
                            "0x7",
                            "0x0",
                            2009,
                            26262
                        ],
                        [
                            "sload",
                            "0x563a8a19823933e751ef690567f0351d13ee18500841743a77290b3deeac37d",
                            "0xc757acba3c0506218b3022266a9dc7f3612d85f5",
                            8652,
                            26316
                        ]
                    ],
                    "0xc757acba3c0506218b3022266a9dc7f3612d85f5": [
                        [
                            "sload",
                            "0xad77bf801726b2c83e9e3fa10f319bf2df99397a561126e8c3df0f7596519f75",
                            "0xcb80de1af223445b8073db279f284aebe9f3b71553410fc4edb90823bab36c49",
                            4575,
                            26526
                        ],
                        [
                            "sload",
                            "0xefd817bfb55c8a8dfd5a24fc104be1f1ca6df08999d3a79bb5e058d0f28505b7",
                            "0xab18",
                            4593,
                            26543
                        ]
                    ]
                }
            ]
        ],
        [
            [
                "0xc011a73ee8576fb46f5e1c5751ca3b9fe0af2a6f",
                "0x59b10db54537fca5bd7ad6a71edbf5b840842afd",
                "0x7cd5e2d0056a7a7f09cbb86e540ef4f6dccc97dd",
                468461200000000000000
            ],
            [
                "0x97767d7d04fd0db0a1a2478dcd4ba85290556b48",
                "0x59b10db54537fca5bd7ad6a71edbf5b840842afd",
                "0x7cd5e2d0056a7a7f09cbb86e540ef4f6dccc97dd",
                468461200000000000000
            ]
        ]
    ]
}