{
    "0x495bfd70c13b2619dc1bf4aa2da2a694cfe1f5453f990b1929e0a7a313b29c43": [
        [
            [
                "0x6461e964d687e7ca3082becc595d079c6c775ac8",
                "0x89afb5b7",
                "complete",
                405,
                2388,
                "staticcall",
                {
                    "0x6461e964d687e7ca3082becc595d079c6c775ac8": [
                        [
                            "sload",
                            "0x9f43fe7f4c655e385b198003e595b6958d4fa1901d8e425e54e1fda4a402dc52",
                            "0x429d0a028d6a8a6ea50eaacfe1137bb30156e9d",
                            237,
                            480
                        ],
                        [
                            "sload",
                            "0x69",
                            "0x4e3b31eb0e5cb73641ee1e65e7dcefe520ba3ef2",
                            9129,
                            562
                        ],
                        [
                            "sload",
                            "0x6b",
                            "0x7cd5e2d0056a7a7f09cbb86e540ef4f6dccc97dd",
                            6176,
                            920
                        ],
                        [
                            "sload",
                            "0x69",
                            "0x4e3b31eb0e5cb73641ee1e65e7dcefe520ba3ef2",
                            6921,
                            1303
                        ],
                        [
                            "sload",
                            "0x6b",
                            "0x7cd5e2d0056a7a7f09cbb86e540ef4f6dccc97dd",
                            6176,
                            1661
                        ]
                    ],
                    "0x4e3b31eb0e5cb73641ee1e65e7dcefe520ba3ef2": [
                        [
                            "sload",
                            "0x2",
                            "0x823be81bbf96bec0e25ca13170f5aacb5b79ba83",
                            112,
                            699
                        ],
                        [
                            "sload",
                            "0x2",
                            "0x823be81bbf96bec0e25ca13170f5aacb5b79ba83",
                            112,
                            1440
                        ]
                    ],
                    "0x823be81bbf96bec0e25ca13170f5aacb5b79ba83": [
                        [
                            "sload",
                            "0xe65d8376d1030778034840425c47a73127aac9523af8a8f3b210ca3b1acbfb89",
                            "0xda4ef8520b1a57d7d63f1e249606d1a459698876",
                            1114,
                            770
                        ],
                        [
                            "sload",
                            "0x51f38688f87154c662604be3141634be357ad12d2dc09472c85be2e8f008ad89",
                            "0x97767d7d04fd0db0a1a2478dcd4ba85290556b48",
                            1114,
                            1511
                        ]
                    ],
                    "0xda4ef8520b1a57d7d63f1e249606d1a459698876": [
                        [
                            "sload",
                            "0x9fa773b59ce5bd7eda31fac62820523eec1ab751115dba6cdcd471f4a4454a3f",
                            "0x3bb410716c601583880",
                            2902,
                            1157
                        ]
                    ],
                    "0x97767d7d04fd0db0a1a2478dcd4ba85290556b48": [
                        [
                            "sload",
                            "0x5",
                            "0x5b1b5fea1b99d83ad479df0c222f0492385381dd",
                            6344,
                            1890
                        ]
                    ],
                    "0x5b1b5fea1b99d83ad479df0c222f0492385381dd": [
                        [
                            "sload",
                            "0x61a83ba1c9dd1ed7aff0f2e795b1c490864715ea4a493c91292181bc982b04ef",
                            "0x359b8b5ee4600ebaef8f",
                            788,
                            2046
                        ]
                    ]
                }
            ],
            [
                "0x6461e964d687e7ca3082becc595d079c6c775ac8",
                "0x9d765ea6",
                "complete",
                2497,
                11057,
                "staticcall",
                {
                    "0x6461e964d687e7ca3082becc595d079c6c775ac8": [
                        [
                            "sload",
                            "0x9f43fe7f4c655e385b198003e595b6958d4fa1901d8e425e54e1fda4a402dc52",
                            "0x429d0a028d6a8a6ea50eaacfe1137bb30156e9d",
                            237,
                            2572
                        ],
                        [
                            "sload",
                            "0x6d",
                            "0x93e01899c10532d76c0e864537a1d26433dbbddb",
                            11010,
                            2727
                        ],
                        [
                            "sload",
                            "0x6d",
                            "0x93e01899c10532d76c0e864537a1d26433dbbddb",
                            11010,
                            3257
                        ],
                        [
                            "sload",
                            "0x6d",
                            "0x93e01899c10532d76c0e864537a1d26433dbbddb",
                            8414,
                            4056
                        ],
                        [
                            "sload",
                            "0x6d",
                            "0x93e01899c10532d76c0e864537a1d26433dbbddb",
                            8128,
                            4304
                        ],
                        [
                            "sload",
                            "0x6d",
                            "0x93e01899c10532d76c0e864537a1d26433dbbddb",
                            8072,
                            4564
                        ],
                        [
                            "sload",
                            "0x6b",
                            "0x7cd5e2d0056a7a7f09cbb86e540ef4f6dccc97dd",
                            8075,
                            4566
                        ],
                        [
                            "sload",
                            "0x73",
                            "0xc02aaa39b223fe8d0a0e5c4f27ead9083c756cc2",
                            8733,
                            5162
                        ],
                        [
                            "sload",
                            "0x6d",
                            "0x93e01899c10532d76c0e864537a1d26433dbbddb",
                            11010,
                            5187
                        ],
                        [
                            "sload",
                            "0x72",
                            "0x7355534400000000000000000000000000000000000000000000000000000000",
                            8770,
                            6027
                        ],
                        [
                            "sload",
                            "0x6d",
                            "0x93e01899c10532d76c0e864537a1d26433dbbddb",
                            11010,
                            6055
                        ],
                        [
                            "sload",
                            "0x69",
                            "0x4e3b31eb0e5cb73641ee1e65e7dcefe520ba3ef2",
                            8785,
                            6894
                        ],
                        [
                            "sload",
                            "0x69",
                            "0x4e3b31eb0e5cb73641ee1e65e7dcefe520ba3ef2",
                            8785,
                            7954
                        ],
                        [
                            "sload",
                            "0x6b",
                            "0x7cd5e2d0056a7a7f09cbb86e540ef4f6dccc97dd",
                            3908,
                            10825
                        ]
                    ],
                    "0x93e01899c10532d76c0e864537a1d26433dbbddb": [
                        [
                            "sload",
                            "0xe",
                            "0x6004340cf9a7f12e68b5cf496bb205b9244ad580",
                            1856,
                            2845
                        ],
                        [
                            "sload",
                            "0xe",
                            "0x6004340cf9a7f12e68b5cf496bb205b9244ad580",
                            1856,
                            3375
                        ],
                        [
                            "sload",
                            "0xf",
                            "0x1c2d5",
                            1442,
                            4155
                        ],
                        [
                            "sload",
                            "0xc",
                            "0xf4240",
                            2131,
                            4412
                        ],
                        [
                            "sload",
                            "0xf9a162b9fdff8cea9adfe641c0dc2d4a460cf20b502322a3e58d906986c2215e",
                            "0x67c422eede2793c40",
                            2775,
                            4805
                        ],
                        [
                            "sload",
                            "0xe",
                            "0x6004340cf9a7f12e68b5cf496bb205b9244ad580",
                            1856,
                            5305
                        ],
                        [
                            "sload",
                            "0xe",
                            "0x6004340cf9a7f12e68b5cf496bb205b9244ad580",
                            1856,
                            6173
                        ]
                    ],
                    "0x6004340cf9a7f12e68b5cf496bb205b9244ad580": [
                        [
                            "sload",
                            "0x6",
                            "0xe8d4a51000",
                            1842,
                            3134
                        ],
                        [
                            "sload",
                            "0x8",
                            "0x1",
                            1164,
                            3642
                        ],
                        [
                            "sload",
                            "0x8",
                            "0x1",
                            1193,
                            3666
                        ],
                        [
                            "sload",
                            "0xf3f7a9fe364faab93b216da50a3214154f22a0a2b415b23a84c8169e8b636ee3",
                            "0x2000",
                            1218,
                            3685
                        ],
                        [
                            "sload",
                            "0x7",
                            "0x1",
                            1975,
                            5586
                        ],
                        [
                            "sload",
                            "0x7",
                            "0x1",
                            2004,
                            5610
                        ],
                        [
                            "sload",
                            "0xa66cc928b5edb82af9bd49922954155ab7b0942694bea4ce44661d9a8736c688",
                            "0xa0b86991c6218b36c1d19d4a2e9eb0ce3606eb48",
                            2029,
                            5629
                        ],
                        [
                            "sload",
                            "0x7",
                            "0x1",
                            1975,
                            6454
                        ],
                        [
                            "sload",
                            "0x7",
                            "0x1",
                            2004,
                            6478
                        ],
                        [
                            "sload",
                            "0xa66cc928b5edb82af9bd49922954155ab7b0942694bea4ce44661d9a8736c688",
                            "0xa0b86991c6218b36c1d19d4a2e9eb0ce3606eb48",
                            2029,
                            6497
                        ]
                    ],
                    "0x4e3b31eb0e5cb73641ee1e65e7dcefe520ba3ef2": [
                        [
                            "sload",
                            "0x2",
                            "0x823be81bbf96bec0e25ca13170f5aacb5b79ba83",
                            112,
                            7035
                        ],
                        [
                            "sload",
                            "0x2",
                            "0x823be81bbf96bec0e25ca13170f5aacb5b79ba83",
                            112,
                            8095
                        ]
                    ],
                    "0x823be81bbf96bec0e25ca13170f5aacb5b79ba83": [
                        [
                            "sload",
                            "0xe931ecf99842d82a079c6bd06e7d927682e36c6a2e936c3ef8c9f06bc526257c",
                            "0xd69b189020ef614796578afe4d10378c5e7e1138",
                            1114,
                            7106
                        ],
                        [
                            "sload",
                            "0xe931ecf99842d82a079c6bd06e7d927682e36c6a2e936c3ef8c9f06bc526257c",
                            "0xd69b189020ef614796578afe4d10378c5e7e1138",
                            1114,
                            8166
                        ]
                    ],
                    "0xd69b189020ef614796578afe4d10378c5e7e1138": [
                        [
                            "sload",
                            "0xbf4016b332216e3e757307095a95a36cf38c4c15b334add21cedb2fbed6a3ad2",
                            "0x0",
                            11366,
                            7462
                        ],
                        [
                            "sload",
                            "0x879aab086d0beefdbbcdf59c665b934c0bdc59c3e3b95f2ff91cfe4df4dbbd92",
                            "0x1",
                            11872,
                            7480
                        ],
                        [
                            "sload",
                            "0x7088dccacad63a73003aa4952e101bce5495d298c08b27af20f84d0220926c40",
                            "0x5fe3e288000000000000000000000000000000000000000de0b6b3a7640000",
                            11916,
                            7536
                        ],
                        [
                            "sload",
                            "0x9a03f7b7a54bb303b49ef32efb9dda8d8d8afa029e71e9399366bdec9a82cfdf",
                            "0x0",
                            15318,
                            7647
                        ],
                        [
                            "sload",
                            "0x9a03f7b7a54bb303b49ef32efb9dda8d8d8afa029e71e9399366bdec9a82cfe0",
                            "0x0",
                            15326,
                            7654
                        ],
                        [
                            "sload",
                            "0x9a03f7b7a54bb303b49ef32efb9dda8d8d8afa029e71e9399366bdec9a82cfe1",
                            "0x0",
                            15338,
                            7665
                        ],
                        [
                            "sload",
                            "0x9a03f7b7a54bb303b49ef32efb9dda8d8d8afa029e71e9399366bdec9a82cfe2",
                            "0x0",
                            15349,
                            7675
                        ],
                        [
                            "sload",
                            "0x48b880f8dbf2778f85b61c3bd2d5c3122926068026521f0268b435994e4d8fca",
                            "0x5f4ec3df9cbd43714fe2740f5e3616155c5b8419",
                            11366,
                            8522
                        ],
                        [
                            "sload",
                            "0xed353377a302389784f33d205d83f6a63612569ec74b798e4bee03eb0ac91277",
                            "0x8",
                            15212,
                            9759
                        ],
                        [
                            "sload",
                            "0xed353377a302389784f33d205d83f6a63612569ec74b798e4bee03eb0ac91277",
                            "0x8",
                            15235,
                            9775
                        ],
                        [
                            "sload",
                            "0xe293e4b088f7e9eb5d95d32477b5deccaff9fa87cfabb4656b7836cb9f8d1e0e",
                            "0x0",
                            15318,
                            9923
                        ],
                        [
                            "sload",
                            "0xe293e4b088f7e9eb5d95d32477b5deccaff9fa87cfabb4656b7836cb9f8d1e0f",
                            "0x0",
                            15326,
                            9930
                        ],
                        [
                            "sload",
                            "0xe293e4b088f7e9eb5d95d32477b5deccaff9fa87cfabb4656b7836cb9f8d1e10",
                            "0x0",
                            15338,
                            9941
                        ],
                        [
                            "sload",
                            "0xe293e4b088f7e9eb5d95d32477b5deccaff9fa87cfabb4656b7836cb9f8d1e11",
                            "0x0",
                            15349,
                            9951
                        ]
                    ],
                    "0x5f4ec3df9cbd43714fe2740f5e3616155c5b8419": [
                        [
                            "sload",
                            "0x5",
                            "0x0",
                            6661,
                            8678
                        ],
                        [
                            "sload",
                            "0x2",
                            "0xc7a37b03690fb9f41b5c5af8131735c72754460003",
                            9144,
                            8743
                        ]
                    ],
                    "0x00c7a37b03690fb9f41b5c5af8131735c7275446": [
                        [
                            "sload",
                            "0x72f51acc89880944eb5cd2305b535833aca264b11d016d92b62ce0ff7023ab79",
                            "0x1",
                            18103,
                            8945
                        ],
                        [
                            "sload",
                            "0x7",
                            "0x57f6000057f6",
                            19855,
                            8990
                        ],
                        [
                            "sload",
                            "0x72f51acc89880944eb5cd2305b535833aca264b11d016d92b62ce0ff7023ab79",
                            "0x1",
                            18103,
                            9081
                        ],
                        [
                            "sload",
                            "0xf81369605f13778cc5af20950aef3803156cfafc68c8f40584631b8ce0f810ed",
                            "0x2488815540",
                            19396,
                            9188
                        ],
                        [
                            "sload",
                            "0xf81369605f13778cc5af20950aef3803156cfafc68c8f40584631b8ce0f810ee",
                            "0x57f600000000603dcdc600000000603dcdb6",
                            19404,
                            9195
                        ]
                    ],
                    "0xa0b86991c6218b36c1d19d4a2e9eb0ce3606eb48": [
                        [
                            "sload",
                            "0x10d6a54a4754c8869d6886b5f5d7fbfa5b4522237ea5c60d11bc4e7a1ff9390b",
                            "0x807a96288a1a408dbc13de2b1d087d10356395d2",
                            1747,
                            10354
                        ],
                        [
                            "sload",
                            "0x7050c9e0f4ca769c69bd3a8ef740bc37934f8e2c036e5a723fd8ee048ed3f8c3",
                            "0xb7277a6e95992041568d9391d09d0122023778a2",
                            1660,
                            10394
                        ],
                        [
                            "sload",
                            "0x6",
                            "0x6",
                            6008,
                            10467
                        ]
                    ]
                }
            ],
            [
                "0x6461e964d687e7ca3082becc595d079c6c775ac8",
                "0x47029e4b",
                "complete",
                72885,
                81530,
                "staticcall",
                {
                    "0x6461e964d687e7ca3082becc595d079c6c775ac8": [
                        [
                            "sload",
                            "0x9f43fe7f4c655e385b198003e595b6958d4fa1901d8e425e54e1fda4a402dc52",
                            "0x429d0a028d6a8a6ea50eaacfe1137bb30156e9d",
                            237,
                            72954
                        ],
                        [
                            "sload",
                            "0x69",
                            "0x4e3b31eb0e5cb73641ee1e65e7dcefe520ba3ef2",
                            9129,
                            73288
                        ],
                        [
                            "sload",
                            "0x6b",
                            "0x7cd5e2d0056a7a7f09cbb86e540ef4f6dccc97dd",
                            6176,
                            73646
                        ],
                        [
                            "sload",
                            "0x69",
                            "0x4e3b31eb0e5cb73641ee1e65e7dcefe520ba3ef2",
                            6921,
                            74029
                        ],
                        [
                            "sload",
                            "0x6b",
                            "0x7cd5e2d0056a7a7f09cbb86e540ef4f6dccc97dd",
                            6176,
                            74387
                        ],
                        [
                            "sload",
                            "0x69",
                            "0x4e3b31eb0e5cb73641ee1e65e7dcefe520ba3ef2",
                            7062,
                            75355
                        ],
                        [
                            "sload",
                            "0x6b",
                            "0x7cd5e2d0056a7a7f09cbb86e540ef4f6dccc97dd",
                            7203,
                            75713
                        ],
                        [
                            "sload",
                            "0x69",
                            "0x4e3b31eb0e5cb73641ee1e65e7dcefe520ba3ef2",
                            8785,
                            78733
                        ]
                    ],
                    "0x4e3b31eb0e5cb73641ee1e65e7dcefe520ba3ef2": [
                        [
                            "sload",
                            "0x2",
                            "0x823be81bbf96bec0e25ca13170f5aacb5b79ba83",
                            112,
                            73425
                        ],
                        [
                            "sload",
                            "0x2",
                            "0x823be81bbf96bec0e25ca13170f5aacb5b79ba83",
                            112,
                            74166
                        ],
                        [
                            "sload",
                            "0x2",
                            "0x823be81bbf96bec0e25ca13170f5aacb5b79ba83",
                            112,
                            75492
                        ],
                        [
                            "sload",
                            "0x2",
                            "0x823be81bbf96bec0e25ca13170f5aacb5b79ba83",
                            112,
                            78874
                        ]
                    ],
                    "0x823be81bbf96bec0e25ca13170f5aacb5b79ba83": [
                        [
                            "sload",
                            "0xe65d8376d1030778034840425c47a73127aac9523af8a8f3b210ca3b1acbfb89",
                            "0xda4ef8520b1a57d7d63f1e249606d1a459698876",
                            1114,
                            73496
                        ],
                        [
                            "sload",
                            "0x51f38688f87154c662604be3141634be357ad12d2dc09472c85be2e8f008ad89",
                            "0x97767d7d04fd0db0a1a2478dcd4ba85290556b48",
                            1114,
                            74237
                        ],
                        [
                            "sload",
                            "0x51f38688f87154c662604be3141634be357ad12d2dc09472c85be2e8f008ad89",
                            "0x97767d7d04fd0db0a1a2478dcd4ba85290556b48",
                            1114,
                            75563
                        ],
                        [
                            "sload",
                            "0xe931ecf99842d82a079c6bd06e7d927682e36c6a2e936c3ef8c9f06bc526257c",
                            "0xd69b189020ef614796578afe4d10378c5e7e1138",
                            1114,
                            78945
                        ]
                    ],
                    "0xda4ef8520b1a57d7d63f1e249606d1a459698876": [
                        [
                            "sload",
                            "0x9fa773b59ce5bd7eda31fac62820523eec1ab751115dba6cdcd471f4a4454a3f",
                            "0x3bb410716c601583880",
                            2902,
                            73883
                        ]
                    ],
                    "0x97767d7d04fd0db0a1a2478dcd4ba85290556b48": [
                        [
                            "sload",
                            "0x5",
                            "0x5b1b5fea1b99d83ad479df0c222f0492385381dd",
                            6344,
                            74616
                        ],
                        [
                            "sload",
                            "0xd863e1a460888209168588082b36c7fee9664ef5b5ac4083155b46ba788df79c",
                            "0xdecf74c966438c3b4578b46dcc64c907141f670",
                            12736,
                            76033
                        ]
                    ],
                    "0x5b1b5fea1b99d83ad479df0c222f0492385381dd": [
                        [
                            "sload",
                            "0x61a83ba1c9dd1ed7aff0f2e795b1c490864715ea4a493c91292181bc982b04ef",
                            "0x359e986e4e4391e4f9d3",
                            788,
                            74772
                        ]
                    ],
                    "0x0decf74c966438c3b4578b46dcc64c907141f670": [
                        [
                            "sload",
                            "0x305e0cb22db82f955deaac098b0342395170c438cacaba395dcbcf091ef40273",
                            "0x4b9ca5607f1ff8019c1c6a3c2f0cc8de622d5b82",
                            16352,
                            76374
                        ],
                        [
                            "sload",
                            "0x305e0cb22db82f955deaac098b0342395170c438cacaba395dcbcf091ef40273",
                            "0x4b9ca5607f1ff8019c1c6a3c2f0cc8de622d5b82",
                            16352,
                            76692
                        ],
                        [
                            "sload",
                            "0xcacd88668609f89b202c4b95904142efdbeb1c68a2f82e8f2f930f220c034dce",
                            "0x12c815b0c404d66dd0491f4ec62839904cec25e7",
                            16352,
                            77024
                        ],
                        [
                            "sload",
                            "0x4f6a91f00b98bf359fd33bd3fa85b7f95ed0c066939a15ba46c0abc2656c209c",
                            "0xd69b189020ef614796578afe4d10378c5e7e1138",
                            16352,
                            77634
                        ]
                    ],
                    "0x4b9ca5607f1ff8019c1c6a3c2f0cc8de622d5b82": [
                        [
                            "sload",
                            "0x4a842506e93d09bbb6c24c00696e5cd84329c04907c1a346d918e1195a8ee76b",
                            "0xb284f34b0a13c4f98cef",
                            2669,
                            76598
                        ],
                        [
                            "sload",
                            "0x4a842506e93d09bbb6c24c00696e5cd84329c04907c1a346d918e1195a8ee76c",
                            "0x25910",
                            2675,
                            76603
                        ],
                        [
                            "sload",
                            "0x4a842506e93d09bbb6c24c00696e5cd84329c04907c1a346d918e1195a8ee76b",
                            "0xb284f34b0a13c4f98cef",
                            2669,
                            76924
                        ],
                        [
                            "sload",
                            "0x4a842506e93d09bbb6c24c00696e5cd84329c04907c1a346d918e1195a8ee76c",
                            "0x25910",
                            2675,
                            76929
                        ],
                        [
                            "sload",
                            "0x6",
                            "0x25cfb",
                            1480,
                            77829
                        ],
                        [
                            "sload",
                            "0xf652222313e28459528d920b65115c16c04f3efc82aaedc97be59f3f377e664f",
                            "0xbccce198aa4663dbb9e2",
                            1502,
                            77846
                        ],
                        [
                            "sload",
                            "0x6",
                            "0x25cfb",
                            1992,
                            78000
                        ],
                        [
                            "sload",
                            "0xf652222313e28459528d920b65115c16c04f3efc82aaedc97be59f3f377e6a39",
                            "0xbebac99e59972201896c",
                            2021,
                            78021
                        ]
                    ],
                    "0x12c815b0c404d66dd0491f4ec62839904cec25e7": [
                        [
                            "sload",
                            "0x6",
                            "0x603d92fc",
                            2003,
                            77168
                        ],
                        [
                            "sload",
                            "0x4",
                            "0x2156f6c76d209ff6d4dce75",
                            2006,
                            77170
                        ],
                        [
                            "sload",
                            "0x7",
                            "0x0",
                            2009,
                            77172
                        ],
                        [
                            "sload",
                            "0x563a8a19823933e751ef690567f0351d13ee18500841743a77290b3deeac37d",
                            "0xc757acba3c0506218b3022266a9dc7f3612d85f5",
                            8652,
                            77226
                        ]
                    ],
                    "0xc757acba3c0506218b3022266a9dc7f3612d85f5": [
                        [
                            "sload",
                            "0xad77bf801726b2c83e9e3fa10f319bf2df99397a561126e8c3df0f7596519f75",
                            "0xcb80de1af223445b8073db279f284aebe9f3b71553410fc4edb90823bab36c49",
                            4575,
                            77436
                        ],
                        [
                            "sload",
                            "0xefd817bfb55c8a8dfd5a24fc104be1f1ca6df08999d3a79bb5e058d0f28505b7",
                            "0xab18",
                            4593,
                            77453
                        ]
                    ],
                    "0xd69b189020ef614796578afe4d10378c5e7e1138": [
                        [
                            "sload",
                            "0x48b880f8dbf2778f85b61c3bd2d5c3122926068026521f0268b435994e4d8fca",
                            "0x5f4ec3df9cbd43714fe2740f5e3616155c5b8419",
                            11366,
                            79301
                        ],
                        [
                            "sload",
                            "0xed353377a302389784f33d205d83f6a63612569ec74b798e4bee03eb0ac91277",
                            "0x8",
                            15212,
                            80538
                        ],
                        [
                            "sload",
                            "0xed353377a302389784f33d205d83f6a63612569ec74b798e4bee03eb0ac91277",
                            "0x8",
                            15235,
                            80554
                        ],
                        [
                            "sload",
                            "0xe293e4b088f7e9eb5d95d32477b5deccaff9fa87cfabb4656b7836cb9f8d1e0e",
                            "0x0",
                            15318,
                            80702
                        ],
                        [
                            "sload",
                            "0xe293e4b088f7e9eb5d95d32477b5deccaff9fa87cfabb4656b7836cb9f8d1e0f",
                            "0x0",
                            15326,
                            80709
                        ],
                        [
                            "sload",
                            "0xe293e4b088f7e9eb5d95d32477b5deccaff9fa87cfabb4656b7836cb9f8d1e10",
                            "0x0",
                            15338,
                            80720
                        ],
                        [
                            "sload",
                            "0xe293e4b088f7e9eb5d95d32477b5deccaff9fa87cfabb4656b7836cb9f8d1e11",
                            "0x0",
                            15349,
                            80730
                        ]
                    ],
                    "0x5f4ec3df9cbd43714fe2740f5e3616155c5b8419": [
                        [
                            "sload",
                            "0x5",
                            "0x0",
                            6661,
                            79457
                        ],
                        [
                            "sload",
                            "0x2",
                            "0xc7a37b03690fb9f41b5c5af8131735c72754460003",
                            9144,
                            79522
                        ]
                    ],
                    "0x00c7a37b03690fb9f41b5c5af8131735c7275446": [
                        [
                            "sload",
                            "0x72f51acc89880944eb5cd2305b535833aca264b11d016d92b62ce0ff7023ab79",
                            "0x1",
                            18103,
                            79724
                        ],
                        [
                            "sload",
                            "0x7",
                            "0x57f6000057f6",
                            19855,
                            79769
                        ],
                        [
                            "sload",
                            "0x72f51acc89880944eb5cd2305b535833aca264b11d016d92b62ce0ff7023ab79",
                            "0x1",
                            18103,
                            79860
                        ],
                        [
                            "sload",
                            "0xf81369605f13778cc5af20950aef3803156cfafc68c8f40584631b8ce0f810ed",
                            "0x2488815540",
                            19396,
                            79967
                        ],
                        [
                            "sload",
                            "0xf81369605f13778cc5af20950aef3803156cfafc68c8f40584631b8ce0f810ee",
                            "0x57f600000000603dcdc600000000603dcdb6",
                            19404,
                            79974
                        ]
                    ]
                }
            ]
        ],
        [
            [
                "0xc011a73ee8576fb46f5e1c5751ca3b9fe0af2a6f",
                "0x2367012ab9c3da91290f71590d5ce217721eefe4",
                "0x7cd5e2d0056a7a7f09cbb86e540ef4f6dccc97dd",
                56281319494151440964
            ],
            [
                "0x97767d7d04fd0db0a1a2478dcd4ba85290556b48",
                "0xc011a73ee8576fb46f5e1c5751ca3b9fe0af2a6f",
                "0x7cd5e2d0056a7a7f09cbb86e540ef4f6dccc97dd",
                56281319494151440964
            ]
        ]
    ]
}