{
    "0x1c295e734ec5789557445e834e667bb3f184561475bc3e372191f4c9fe4ecaf0": [
        [
            [
                "0x6461e964d687e7ca3082becc595d079c6c775ac8",
                "0x89afb5b7",
                "complete",
                230,
                2213,
                "staticcall",
                {
                    "0x6461e964d687e7ca3082becc595d079c6c775ac8": [
                        [
                            "sload",
                            "0x9f43fe7f4c655e385b198003e595b6958d4fa1901d8e425e54e1fda4a402dc52",
                            "0x429d0a028d6a8a6ea50eaacfe1137bb30156e9d",
                            237,
                            305
                        ],
                        [
                            "sload",
                            "0x69",
                            "0x4e3b31eb0e5cb73641ee1e65e7dcefe520ba3ef2",
                            9129,
                            387
                        ],
                        [
                            "sload",
                            "0x6b",
                            "0x7cd5e2d0056a7a7f09cbb86e540ef4f6dccc97dd",
                            6176,
                            745
                        ],
                        [
                            "sload",
                            "0x69",
                            "0x4e3b31eb0e5cb73641ee1e65e7dcefe520ba3ef2",
                            6921,
                            1128
                        ],
                        [
                            "sload",
                            "0x6b",
                            "0x7cd5e2d0056a7a7f09cbb86e540ef4f6dccc97dd",
                            6176,
                            1486
                        ]
                    ],
                    "0x4e3b31eb0e5cb73641ee1e65e7dcefe520ba3ef2": [
                        [
                            "sload",
                            "0x2",
                            "0x823be81bbf96bec0e25ca13170f5aacb5b79ba83",
                            112,
                            524
                        ],
                        [
                            "sload",
                            "0x2",
                            "0x823be81bbf96bec0e25ca13170f5aacb5b79ba83",
                            112,
                            1265
                        ]
                    ],
                    "0x823be81bbf96bec0e25ca13170f5aacb5b79ba83": [
                        [
                            "sload",
                            "0xe65d8376d1030778034840425c47a73127aac9523af8a8f3b210ca3b1acbfb89",
                            "0xda4ef8520b1a57d7d63f1e249606d1a459698876",
                            1114,
                            595
                        ],
                        [
                            "sload",
                            "0x51f38688f87154c662604be3141634be357ad12d2dc09472c85be2e8f008ad89",
                            "0x97767d7d04fd0db0a1a2478dcd4ba85290556b48",
                            1114,
                            1336
                        ]
                    ],
                    "0xda4ef8520b1a57d7d63f1e249606d1a459698876": [
                        [
                            "sload",
                            "0x9fa773b59ce5bd7eda31fac62820523eec1ab751115dba6cdcd471f4a4454a3f",
                            "0x4ab7d00c56dbb619889",
                            2902,
                            982
                        ]
                    ],
                    "0x97767d7d04fd0db0a1a2478dcd4ba85290556b48": [
                        [
                            "sload",
                            "0x5",
                            "0x5b1b5fea1b99d83ad479df0c222f0492385381dd",
                            6344,
                            1715
                        ]
                    ],
                    "0x5b1b5fea1b99d83ad479df0c222f0492385381dd": [
                        [
                            "sload",
                            "0x61a83ba1c9dd1ed7aff0f2e795b1c490864715ea4a493c91292181bc982b04ef",
                            "0x5169f94d3359e66039d3",
                            788,
                            1871
                        ]
                    ]
                }
            ],
            [
                "0x6461e964d687e7ca3082becc595d079c6c775ac8",
                "0x2bdbe219",
                "complete",
                10993,
                31445,
                "staticcall",
                {
                    "0x6461e964d687e7ca3082becc595d079c6c775ac8": [
                        [
                            "sload",
                            "0x9f43fe7f4c655e385b198003e595b6958d4fa1901d8e425e54e1fda4a402dc52",
                            "0x429d0a028d6a8a6ea50eaacfe1137bb30156e9d",
                            237,
                            11062
                        ],
                        [
                            "sload",
                            "0x69",
                            "0x4e3b31eb0e5cb73641ee1e65e7dcefe520ba3ef2",
                            8785,
                            11289
                        ],
                        [
                            "sload",
                            "0x69",
                            "0x4e3b31eb0e5cb73641ee1e65e7dcefe520ba3ef2",
                            8785,
                            13323
                        ],
                        [
                            "sload",
                            "0x6b",
                            "0x7cd5e2d0056a7a7f09cbb86e540ef4f6dccc97dd",
                            3908,
                            15851
                        ],
                        [
                            "sload",
                            "0x6d",
                            "0x93e01899c10532d76c0e864537a1d26433dbbddb",
                            11010,
                            15890
                        ],
                        [
                            "sload",
                            "0x6d",
                            "0x93e01899c10532d76c0e864537a1d26433dbbddb",
                            11010,
                            16420
                        ],
                        [
                            "sload",
                            "0x6d",
                            "0x93e01899c10532d76c0e864537a1d26433dbbddb",
                            8414,
                            17219
                        ],
                        [
                            "sload",
                            "0x6d",
                            "0x93e01899c10532d76c0e864537a1d26433dbbddb",
                            8128,
                            17467
                        ],
                        [
                            "sload",
                            "0x6d",
                            "0x93e01899c10532d76c0e864537a1d26433dbbddb",
                            8072,
                            17727
                        ],
                        [
                            "sload",
                            "0x6b",
                            "0x7cd5e2d0056a7a7f09cbb86e540ef4f6dccc97dd",
                            8075,
                            17729
                        ],
                        [
                            "sload",
                            "0x73",
                            "0xc02aaa39b223fe8d0a0e5c4f27ead9083c756cc2",
                            8733,
                            18325
                        ],
                        [
                            "sload",
                            "0x6d",
                            "0x93e01899c10532d76c0e864537a1d26433dbbddb",
                            11010,
                            18350
                        ],
                        [
                            "sload",
                            "0x71",
                            "0x7345544800000000000000000000000000000000000000000000000000000000",
                            8779,
                            19192
                        ],
                        [
                            "sload",
                            "0x6d",
                            "0x93e01899c10532d76c0e864537a1d26433dbbddb",
                            11010,
                            19215
                        ],
                        [
                            "sload",
                            "0x69",
                            "0x4e3b31eb0e5cb73641ee1e65e7dcefe520ba3ef2",
                            8785,
                            20054
                        ],
                        [
                            "sload",
                            "0x69",
                            "0x4e3b31eb0e5cb73641ee1e65e7dcefe520ba3ef2",
                            8785,
                            22363
                        ],
                        [
                            "sload",
                            "0x69",
                            "0x4e3b31eb0e5cb73641ee1e65e7dcefe520ba3ef2",
                            7062,
                            25272
                        ],
                        [
                            "sload",
                            "0x6b",
                            "0x7cd5e2d0056a7a7f09cbb86e540ef4f6dccc97dd",
                            7203,
                            25630
                        ],
                        [
                            "sload",
                            "0x69",
                            "0x4e3b31eb0e5cb73641ee1e65e7dcefe520ba3ef2",
                            8785,
                            28648
                        ]
                    ],
                    "0x4e3b31eb0e5cb73641ee1e65e7dcefe520ba3ef2": [
                        [
                            "sload",
                            "0x2",
                            "0x823be81bbf96bec0e25ca13170f5aacb5b79ba83",
                            112,
                            11430
                        ],
                        [
                            "sload",
                            "0x2",
                            "0x823be81bbf96bec0e25ca13170f5aacb5b79ba83",
                            112,
                            13464
                        ],
                        [
                            "sload",
                            "0x2",
                            "0x823be81bbf96bec0e25ca13170f5aacb5b79ba83",
                            112,
                            20195
                        ],
                        [
                            "sload",
                            "0x2",
                            "0x823be81bbf96bec0e25ca13170f5aacb5b79ba83",
                            112,
                            22504
                        ],
                        [
                            "sload",
                            "0x2",
                            "0x823be81bbf96bec0e25ca13170f5aacb5b79ba83",
                            112,
                            25409
                        ],
                        [
                            "sload",
                            "0x2",
                            "0x823be81bbf96bec0e25ca13170f5aacb5b79ba83",
                            112,
                            28789
                        ]
                    ],
                    "0x823be81bbf96bec0e25ca13170f5aacb5b79ba83": [
                        [
                            "sload",
                            "0xe931ecf99842d82a079c6bd06e7d927682e36c6a2e936c3ef8c9f06bc526257c",
                            "0xd69b189020ef614796578afe4d10378c5e7e1138",
                            1114,
                            11501
                        ],
                        [
                            "sload",
                            "0xe931ecf99842d82a079c6bd06e7d927682e36c6a2e936c3ef8c9f06bc526257c",
                            "0xd69b189020ef614796578afe4d10378c5e7e1138",
                            1114,
                            13535
                        ],
                        [
                            "sload",
                            "0xe931ecf99842d82a079c6bd06e7d927682e36c6a2e936c3ef8c9f06bc526257c",
                            "0xd69b189020ef614796578afe4d10378c5e7e1138",
                            1114,
                            20266
                        ],
                        [
                            "sload",
                            "0xe931ecf99842d82a079c6bd06e7d927682e36c6a2e936c3ef8c9f06bc526257c",
                            "0xd69b189020ef614796578afe4d10378c5e7e1138",
                            1114,
                            22575
                        ],
                        [
                            "sload",
                            "0x51f38688f87154c662604be3141634be357ad12d2dc09472c85be2e8f008ad89",
                            "0x97767d7d04fd0db0a1a2478dcd4ba85290556b48",
                            1114,
                            25480
                        ],
                        [
                            "sload",
                            "0xe931ecf99842d82a079c6bd06e7d927682e36c6a2e936c3ef8c9f06bc526257c",
                            "0xd69b189020ef614796578afe4d10378c5e7e1138",
                            1114,
                            28860
                        ]
                    ],
                    "0xd69b189020ef614796578afe4d10378c5e7e1138": [
                        [
                            "sload",
                            "0xbe38ea8baa83927c08fa0de97a6d7a2ca25e513e0a93e0552a2acec8df14036b",
                            "0xdc3ea94cd0ac27d9a86c180091e7f78c683d3699",
                            11366,
                            11857
                        ],
                        [
                            "sload",
                            "0xe10f30f99bb6ff1c594b8b77079bfa4b9368a05cecbaedb3eff0f71a516a926e",
                            "0x8",
                            15212,
                            12819
                        ],
                        [
                            "sload",
                            "0xe10f30f99bb6ff1c594b8b77079bfa4b9368a05cecbaedb3eff0f71a516a926e",
                            "0x8",
                            15235,
                            12835
                        ],
                        [
                            "sload",
                            "0xaed38ed8c535b37c77d81901c4396980a8c65c930ad46166e3caf3d78e9f9510",
                            "0x0",
                            15318,
                            12983
                        ],
                        [
                            "sload",
                            "0xaed38ed8c535b37c77d81901c4396980a8c65c930ad46166e3caf3d78e9f9511",
                            "0x0",
                            15326,
                            12990
                        ],
                        [
                            "sload",
                            "0xaed38ed8c535b37c77d81901c4396980a8c65c930ad46166e3caf3d78e9f9512",
                            "0x0",
                            15338,
                            13001
                        ],
                        [
                            "sload",
                            "0xaed38ed8c535b37c77d81901c4396980a8c65c930ad46166e3caf3d78e9f9513",
                            "0x0",
                            15349,
                            13011
                        ],
                        [
                            "sload",
                            "0x48b880f8dbf2778f85b61c3bd2d5c3122926068026521f0268b435994e4d8fca",
                            "0x5f4ec3df9cbd43714fe2740f5e3616155c5b8419",
                            11366,
                            13891
                        ],
                        [
                            "sload",
                            "0xed353377a302389784f33d205d83f6a63612569ec74b798e4bee03eb0ac91277",
                            "0x8",
                            15212,
                            15128
                        ],
                        [
                            "sload",
                            "0xed353377a302389784f33d205d83f6a63612569ec74b798e4bee03eb0ac91277",
                            "0x8",
                            15235,
                            15144
                        ],
                        [
                            "sload",
                            "0xe293e4b088f7e9eb5d95d32477b5deccaff9fa87cfabb4656b7836cb9f8d1e0e",
                            "0x0",
                            15318,
                            15292
                        ],
                        [
                            "sload",
                            "0xe293e4b088f7e9eb5d95d32477b5deccaff9fa87cfabb4656b7836cb9f8d1e0f",
                            "0x0",
                            15326,
                            15299
                        ],
                        [
                            "sload",
                            "0xe293e4b088f7e9eb5d95d32477b5deccaff9fa87cfabb4656b7836cb9f8d1e10",
                            "0x0",
                            15338,
                            15310
                        ],
                        [
                            "sload",
                            "0xe293e4b088f7e9eb5d95d32477b5deccaff9fa87cfabb4656b7836cb9f8d1e11",
                            "0x0",
                            15349,
                            15320
                        ],
                        [
                            "sload",
                            "0x48b880f8dbf2778f85b61c3bd2d5c3122926068026521f0268b435994e4d8fca",
                            "0x5f4ec3df9cbd43714fe2740f5e3616155c5b8419",
                            11366,
                            20622
                        ],
                        [
                            "sload",
                            "0xed353377a302389784f33d205d83f6a63612569ec74b798e4bee03eb0ac91277",
                            "0x8",
                            15212,
                            21859
                        ],
                        [
                            "sload",
                            "0xed353377a302389784f33d205d83f6a63612569ec74b798e4bee03eb0ac91277",
                            "0x8",
                            15235,
                            21875
                        ],
                        [
                            "sload",
                            "0xe293e4b088f7e9eb5d95d32477b5deccaff9fa87cfabb4656b7836cb9f8d1e0e",
                            "0x0",
                            15318,
                            22023
                        ],
                        [
                            "sload",
                            "0xe293e4b088f7e9eb5d95d32477b5deccaff9fa87cfabb4656b7836cb9f8d1e0f",
                            "0x0",
                            15326,
                            22030
                        ],
                        [
                            "sload",
                            "0xe293e4b088f7e9eb5d95d32477b5deccaff9fa87cfabb4656b7836cb9f8d1e10",
                            "0x0",
                            15338,
                            22041
                        ],
                        [
                            "sload",
                            "0xe293e4b088f7e9eb5d95d32477b5deccaff9fa87cfabb4656b7836cb9f8d1e11",
                            "0x0",
                            15349,
                            22051
                        ],
                        [
                            "sload",
                            "0x48b880f8dbf2778f85b61c3bd2d5c3122926068026521f0268b435994e4d8fca",
                            "0x5f4ec3df9cbd43714fe2740f5e3616155c5b8419",
                            11366,
                            22931
                        ],
                        [
                            "sload",
                            "0xed353377a302389784f33d205d83f6a63612569ec74b798e4bee03eb0ac91277",
                            "0x8",
                            15212,
                            24168
                        ],
                        [
                            "sload",
                            "0xed353377a302389784f33d205d83f6a63612569ec74b798e4bee03eb0ac91277",
                            "0x8",
                            15235,
                            24184
                        ],
                        [
                            "sload",
                            "0xe293e4b088f7e9eb5d95d32477b5deccaff9fa87cfabb4656b7836cb9f8d1e0e",
                            "0x0",
                            15318,
                            24332
                        ],
                        [
                            "sload",
                            "0xe293e4b088f7e9eb5d95d32477b5deccaff9fa87cfabb4656b7836cb9f8d1e0f",
                            "0x0",
                            15326,
                            24339
                        ],
                        [
                            "sload",
                            "0xe293e4b088f7e9eb5d95d32477b5deccaff9fa87cfabb4656b7836cb9f8d1e10",
                            "0x0",
                            15338,
                            24350
                        ],
                        [
                            "sload",
                            "0xe293e4b088f7e9eb5d95d32477b5deccaff9fa87cfabb4656b7836cb9f8d1e11",
                            "0x0",
                            15349,
                            24360
                        ],
                        [
                            "sload",
                            "0x48b880f8dbf2778f85b61c3bd2d5c3122926068026521f0268b435994e4d8fca",
                            "0x5f4ec3df9cbd43714fe2740f5e3616155c5b8419",
                            11366,
                            29216
                        ],
                        [
                            "sload",
                            "0xed353377a302389784f33d205d83f6a63612569ec74b798e4bee03eb0ac91277",
                            "0x8",
                            15212,
                            30453
                        ],
                        [
                            "sload",
                            "0xed353377a302389784f33d205d83f6a63612569ec74b798e4bee03eb0ac91277",
                            "0x8",
                            15235,
                            30469
                        ],
                        [
                            "sload",
                            "0xe293e4b088f7e9eb5d95d32477b5deccaff9fa87cfabb4656b7836cb9f8d1e0e",
                            "0x0",
                            15318,
                            30617
                        ],
                        [
                            "sload",
                            "0xe293e4b088f7e9eb5d95d32477b5deccaff9fa87cfabb4656b7836cb9f8d1e0f",
                            "0x0",
                            15326,
                            30624
                        ],
                        [
                            "sload",
                            "0xe293e4b088f7e9eb5d95d32477b5deccaff9fa87cfabb4656b7836cb9f8d1e10",
                            "0x0",
                            15338,
                            30635
                        ],
                        [
                            "sload",
                            "0xe293e4b088f7e9eb5d95d32477b5deccaff9fa87cfabb4656b7836cb9f8d1e11",
                            "0x0",
                            15349,
                            30645
                        ]
                    ],
                    "0xdc3ea94cd0ac27d9a86c180091e7f78c683d3699": [
                        [
                            "sload",
                            "0x5",
                            "0x0",
                            4779,
                            12023
                        ],
                        [
                            "sload",
                            "0x2",
                            "0x6ce8be8729b6ba18dd3416e3c223a5d4db5e7550003",
                            6674,
                            12092
                        ]
                    ],
                    "0x06ce8be8729b6ba18dd3416e3c223a5d4db5e755": [
                        [
                            "sload",
                            "0x326e9f95a37b07a0a23bed3682b523ed47cadd2e733a5e0dbe68cba20da9f85f",
                            "0x1",
                            18141,
                            12304
                        ],
                        [
                            "sload",
                            "0x2a",
                            "0x111050000197a03cbfda3f8b0a881536b1cc0c70afbedb1",
                            21911,
                            12341
                        ],
                        [
                            "sload",
                            "0x5488adf159f4aac0354e932b33706196e35fab1a0b7e6b39a0a89654e4103cb1",
                            "0x6050985700000000000000000000000000000000000000006ebe3e3d",
                            21970,
                            12369
                        ]
                    ],
                    "0x5f4ec3df9cbd43714fe2740f5e3616155c5b8419": [
                        [
                            "sload",
                            "0x5",
                            "0x0",
                            6661,
                            14047
                        ],
                        [
                            "sload",
                            "0x2",
                            "0xc7a37b03690fb9f41b5c5af8131735c72754460003",
                            9144,
                            14112
                        ],
                        [
                            "sload",
                            "0x5",
                            "0x0",
                            6661,
                            20778
                        ],
                        [
                            "sload",
                            "0x2",
                            "0xc7a37b03690fb9f41b5c5af8131735c72754460003",
                            9144,
                            20843
                        ],
                        [
                            "sload",
                            "0x5",
                            "0x0",
                            6661,
                            23087
                        ],
                        [
                            "sload",
                            "0x2",
                            "0xc7a37b03690fb9f41b5c5af8131735c72754460003",
                            9144,
                            23152
                        ],
                        [
                            "sload",
                            "0x5",
                            "0x0",
                            6661,
                            29372
                        ],
                        [
                            "sload",
                            "0x2",
                            "0xc7a37b03690fb9f41b5c5af8131735c72754460003",
                            9144,
                            29437
                        ]
                    ],
                    "0x00c7a37b03690fb9f41b5c5af8131735c7275446": [
                        [
                            "sload",
                            "0x72f51acc89880944eb5cd2305b535833aca264b11d016d92b62ce0ff7023ab79",
                            "0x1",
                            18103,
                            14314
                        ],
                        [
                            "sload",
                            "0x7",
                            "0x5f3400005f34",
                            19855,
                            14359
                        ],
                        [
                            "sload",
                            "0x72f51acc89880944eb5cd2305b535833aca264b11d016d92b62ce0ff7023ab79",
                            "0x1",
                            18103,
                            14450
                        ],
                        [
                            "sload",
                            "0xa11c30505e1aa39c6c6795686d4a8d2933defb8d1f9a6636e2fd069146f685e9",
                            "0x299af35b67",
                            19396,
                            14557
                        ],
                        [
                            "sload",
                            "0xa11c30505e1aa39c6c6795686d4a8d2933defb8d1f9a6636e2fd069146f685ea",
                            "0x5f34000000006050a1b6000000006050a19a",
                            19404,
                            14564
                        ],
                        [
                            "sload",
                            "0x72f51acc89880944eb5cd2305b535833aca264b11d016d92b62ce0ff7023ab79",
                            "0x1",
                            18103,
                            21045
                        ],
                        [
                            "sload",
                            "0x7",
                            "0x5f3400005f34",
                            19855,
                            21090
                        ],
                        [
                            "sload",
                            "0x72f51acc89880944eb5cd2305b535833aca264b11d016d92b62ce0ff7023ab79",
                            "0x1",
                            18103,
                            21181
                        ],
                        [
                            "sload",
                            "0xa11c30505e1aa39c6c6795686d4a8d2933defb8d1f9a6636e2fd069146f685e9",
                            "0x299af35b67",
                            19396,
                            21288
                        ],
                        [
                            "sload",
                            "0xa11c30505e1aa39c6c6795686d4a8d2933defb8d1f9a6636e2fd069146f685ea",
                            "0x5f34000000006050a1b6000000006050a19a",
                            19404,
                            21295
                        ],
                        [
                            "sload",
                            "0x72f51acc89880944eb5cd2305b535833aca264b11d016d92b62ce0ff7023ab79",
                            "0x1",
                            18103,
                            23354
                        ],
                        [
                            "sload",
                            "0x7",
                            "0x5f3400005f34",
                            19855,
                            23399
                        ],
                        [
                            "sload",
                            "0x72f51acc89880944eb5cd2305b535833aca264b11d016d92b62ce0ff7023ab79",
                            "0x1",
                            18103,
                            23490
                        ],
                        [
                            "sload",
                            "0xa11c30505e1aa39c6c6795686d4a8d2933defb8d1f9a6636e2fd069146f685e9",
                            "0x299af35b67",
                            19396,
                            23597
                        ],
                        [
                            "sload",
                            "0xa11c30505e1aa39c6c6795686d4a8d2933defb8d1f9a6636e2fd069146f685ea",
                            "0x5f34000000006050a1b6000000006050a19a",
                            19404,
                            23604
                        ],
                        [
                            "sload",
                            "0x72f51acc89880944eb5cd2305b535833aca264b11d016d92b62ce0ff7023ab79",
                            "0x1",
                            18103,
                            29639
                        ],
                        [
                            "sload",
                            "0x7",
                            "0x5f3400005f34",
                            19855,
                            29684
                        ],
                        [
                            "sload",
                            "0x72f51acc89880944eb5cd2305b535833aca264b11d016d92b62ce0ff7023ab79",
                            "0x1",
                            18103,
                            29775
                        ],
                        [
                            "sload",
                            "0xa11c30505e1aa39c6c6795686d4a8d2933defb8d1f9a6636e2fd069146f685e9",
                            "0x299af35b67",
                            19396,
                            29882
                        ],
                        [
                            "sload",
                            "0xa11c30505e1aa39c6c6795686d4a8d2933defb8d1f9a6636e2fd069146f685ea",
                            "0x5f34000000006050a1b6000000006050a19a",
                            19404,
                            29889
                        ]
                    ],
                    "0x93e01899c10532d76c0e864537a1d26433dbbddb": [
                        [
                            "sload",
                            "0xe",
                            "0xbda30509532732cf390bcc43d841abe9f75ad2ef",
                            1856,
                            16008
                        ],
                        [
                            "sload",
                            "0xe",
                            "0xbda30509532732cf390bcc43d841abe9f75ad2ef",
                            1856,
                            16538
                        ],
                        [
                            "sload",
                            "0xf",
                            "0x1e2b1",
                            1442,
                            17318
                        ],
                        [
                            "sload",
                            "0xc",
                            "0xf4240",
                            2131,
                            17575
                        ],
                        [
                            "sload",
                            "0xf9a162b9fdff8cea9adfe641c0dc2d4a460cf20b502322a3e58d906986c2215e",
                            "0x40e89d0106a5d83880",
                            2775,
                            17968
                        ],
                        [
                            "sload",
                            "0xe",
                            "0xbda30509532732cf390bcc43d841abe9f75ad2ef",
                            1856,
                            18468
                        ],
                        [
                            "sload",
                            "0xe",
                            "0xbda30509532732cf390bcc43d841abe9f75ad2ef",
                            1856,
                            19333
                        ]
                    ],
                    "0xbda30509532732cf390bcc43d841abe9f75ad2ef": [
                        [
                            "sload",
                            "0x6",
                            "0xf4240",
                            1842,
                            16297
                        ],
                        [
                            "sload",
                            "0x8",
                            "0x1",
                            1164,
                            16805
                        ],
                        [
                            "sload",
                            "0x8",
                            "0x1",
                            1193,
                            16829
                        ],
                        [
                            "sload",
                            "0xf3f7a9fe364faab93b216da50a3214154f22a0a2b415b23a84c8169e8b636ee3",
                            "0x400000",
                            1218,
                            16848
                        ],
                        [
                            "sload",
                            "0x7",
                            "0x1",
                            1975,
                            18749
                        ],
                        [
                            "sload",
                            "0x7",
                            "0x1",
                            2004,
                            18773
                        ],
                        [
                            "sload",
                            "0xa66cc928b5edb82af9bd49922954155ab7b0942694bea4ce44661d9a8736c688",
                            "0xc02aaa39b223fe8d0a0e5c4f27ead9083c756cc2",
                            2029,
                            18792
                        ],
                        [
                            "sload",
                            "0x7",
                            "0x1",
                            1975,
                            19614
                        ],
                        [
                            "sload",
                            "0x7",
                            "0x1",
                            2004,
                            19638
                        ],
                        [
                            "sload",
                            "0xa66cc928b5edb82af9bd49922954155ab7b0942694bea4ce44661d9a8736c688",
                            "0xc02aaa39b223fe8d0a0e5c4f27ead9083c756cc2",
                            2029,
                            19657
                        ]
                    ],
                    "0xc02aaa39b223fe8d0a0e5c4f27ead9083c756cc2": [
                        [
                            "sload",
                            "0x2",
                            "0x12",
                            2827,
                            24760
                        ]
                    ],
                    "0x97767d7d04fd0db0a1a2478dcd4ba85290556b48": [
                        [
                            "sload",
                            "0xd863e1a460888209168588082b36c7fee9664ef5b5ac4083155b46ba788df79c",
                            "0xdecf74c966438c3b4578b46dcc64c907141f670",
                            12736,
                            25950
                        ]
                    ],
                    "0x0decf74c966438c3b4578b46dcc64c907141f670": [
                        [
                            "sload",
                            "0x305e0cb22db82f955deaac098b0342395170c438cacaba395dcbcf091ef40273",
                            "0x4b9ca5607f1ff8019c1c6a3c2f0cc8de622d5b82",
                            16352,
                            26291
                        ],
                        [
                            "sload",
                            "0x305e0cb22db82f955deaac098b0342395170c438cacaba395dcbcf091ef40273",
                            "0x4b9ca5607f1ff8019c1c6a3c2f0cc8de622d5b82",
                            16352,
                            26609
                        ],
                        [
                            "sload",
                            "0xcacd88668609f89b202c4b95904142efdbeb1c68a2f82e8f2f930f220c034dce",
                            "0x12c815b0c404d66dd0491f4ec62839904cec25e7",
                            16352,
                            26941
                        ],
                        [
                            "sload",
                            "0x4f6a91f00b98bf359fd33bd3fa85b7f95ed0c066939a15ba46c0abc2656c209c",
                            "0xd69b189020ef614796578afe4d10378c5e7e1138",
                            16352,
                            27551
                        ]
                    ],
                    "0x4b9ca5607f1ff8019c1c6a3c2f0cc8de622d5b82": [
                        [
                            "sload",
                            "0x4a842506e93d09bbb6c24c00696e5cd84329c04907c1a346d918e1195a8ee76b",
                            "0x2070690ae6abd8f580917",
                            2669,
                            26515
                        ],
                        [
                            "sload",
                            "0x4a842506e93d09bbb6c24c00696e5cd84329c04907c1a346d918e1195a8ee76c",
                            "0x2619c",
                            2675,
                            26520
                        ],
                        [
                            "sload",
                            "0x4a842506e93d09bbb6c24c00696e5cd84329c04907c1a346d918e1195a8ee76b",
                            "0x2070690ae6abd8f580917",
                            2669,
                            26841
                        ],
                        [
                            "sload",
                            "0x4a842506e93d09bbb6c24c00696e5cd84329c04907c1a346d918e1195a8ee76c",
                            "0x2619c",
                            2675,
                            26846
                        ],
                        [
                            "sload",
                            "0x6",
                            "0x26417",
                            1480,
                            27746
                        ],
                        [
                            "sload",
                            "0xf652222313e28459528d920b65115c16c04f3efc82aaedc97be59f3f377e6edb",
                            "0xb80f10f1dab7c8f6dbf8",
                            1502,
                            27763
                        ],
                        [
                            "sload",
                            "0x6",
                            "0x26417",
                            1992,
                            27917
                        ],
                        [
                            "sload",
                            "0xf652222313e28459528d920b65115c16c04f3efc82aaedc97be59f3f377e7155",
                            "0xbde0a58c06e06670a894",
                            2021,
                            27938
                        ]
                    ],
                    "0x12c815b0c404d66dd0491f4ec62839904cec25e7": [
                        [
                            "sload",
                            "0x6",
                            "0x60509769",
                            2003,
                            27085
                        ],
                        [
                            "sload",
                            "0x4",
                            "0x2306125c8f41f5f0a68d5be",
                            2006,
                            27087
                        ],
                        [
                            "sload",
                            "0x7",
                            "0x0",
                            2009,
                            27089
                        ],
                        [
                            "sload",
                            "0x563a8a19823933e751ef690567f0351d13ee18500841743a77290b3deeac37d",
                            "0xc757acba3c0506218b3022266a9dc7f3612d85f5",
                            8652,
                            27143
                        ]
                    ],
                    "0xc757acba3c0506218b3022266a9dc7f3612d85f5": [
                        [
                            "sload",
                            "0xad77bf801726b2c83e9e3fa10f319bf2df99397a561126e8c3df0f7596519f75",
                            "0xcb80de1af223445b8073db279f284aebe9f3b71553410fc4edb90823bab36c49",
                            4575,
                            27353
                        ],
                        [
                            "sload",
                            "0xefd817bfb55c8a8dfd5a24fc104be1f1ca6df08999d3a79bb5e058d0f28505b7",
                            "0xab18",
                            4593,
                            27370
                        ]
                    ]
                }
            ]
        ],
        [
            [
                "0xc011a73ee8576fb46f5e1c5751ca3b9fe0af2a6f",
                "0x3e868c4c49edc6a14f8f581e20aad5c4ed6bfe62",
                "0x7cd5e2d0056a7a7f09cbb86e540ef4f6dccc97dd",
                5301646446024000000000
            ],
            [
                "0x97767d7d04fd0db0a1a2478dcd4ba85290556b48",
                "0x3e868c4c49edc6a14f8f581e20aad5c4ed6bfe62",
                "0x7cd5e2d0056a7a7f09cbb86e540ef4f6dccc97dd",
                5301646446024000000000
            ]
        ]
    ]
}