{
    "0x86a85fca100eeac5194beba078483393837018837e725638b32354043481a239": [
        [
            [
                "0x6461e964d687e7ca3082becc595d079c6c775ac8",
                "0x89afb5b7",
                "complete",
                230,
                2316,
                "staticcall",
                {
                    "0x6461e964d687e7ca3082becc595d079c6c775ac8": [
                        [
                            "sload",
                            "0x9f43fe7f4c655e385b198003e595b6958d4fa1901d8e425e54e1fda4a402dc52",
                            "0xd3a761497aa3d12cd16af744aae49b61f5f7b31d",
                            237,
                            305
                        ],
                        [
                            "sload",
                            "0x69",
                            "0x4e3b31eb0e5cb73641ee1e65e7dcefe520ba3ef2",
                            15508,
                            390
                        ],
                        [
                            "sload",
                            "0x6b",
                            "0x7cd5e2d0056a7a7f09cbb86e540ef4f6dccc97dd",
                            15738,
                            772
                        ],
                        [
                            "sload",
                            "0x69",
                            "0x4e3b31eb0e5cb73641ee1e65e7dcefe520ba3ef2",
                            11673,
                            1174
                        ],
                        [
                            "sload",
                            "0x6b",
                            "0x7cd5e2d0056a7a7f09cbb86e540ef4f6dccc97dd",
                            11903,
                            1556
                        ]
                    ],
                    "0x4e3b31eb0e5cb73641ee1e65e7dcefe520ba3ef2": [
                        [
                            "sload",
                            "0x2",
                            "0x823be81bbf96bec0e25ca13170f5aacb5b79ba83",
                            112,
                            537
                        ],
                        [
                            "sload",
                            "0x2",
                            "0x823be81bbf96bec0e25ca13170f5aacb5b79ba83",
                            112,
                            1321
                        ]
                    ],
                    "0x823be81bbf96bec0e25ca13170f5aacb5b79ba83": [
                        [
                            "sload",
                            "0xe65d8376d1030778034840425c47a73127aac9523af8a8f3b210ca3b1acbfb89",
                            "0xda4ef8520b1a57d7d63f1e249606d1a459698876",
                            1114,
                            608
                        ],
                        [
                            "sload",
                            "0x51f38688f87154c662604be3141634be357ad12d2dc09472c85be2e8f008ad89",
                            "0x97767d7d04fd0db0a1a2478dcd4ba85290556b48",
                            1114,
                            1392
                        ]
                    ],
                    "0xda4ef8520b1a57d7d63f1e249606d1a459698876": [
                        [
                            "sload",
                            "0x9fa773b59ce5bd7eda31fac62820523eec1ab751115dba6cdcd471f4a4454a3f",
                            "0x5af389cc30732e4977b",
                            2902,
                            1013
                        ]
                    ],
                    "0x97767d7d04fd0db0a1a2478dcd4ba85290556b48": [
                        [
                            "sload",
                            "0x5",
                            "0x5b1b5fea1b99d83ad479df0c222f0492385381dd",
                            6344,
                            1789
                        ]
                    ],
                    "0x5b1b5fea1b99d83ad479df0c222f0492385381dd": [
                        [
                            "sload",
                            "0x61a83ba1c9dd1ed7aff0f2e795b1c490864715ea4a493c91292181bc982b04ef",
                            "0x53fd9646455bb2c77c2f",
                            788,
                            1945
                        ]
                    ]
                }
            ],
            [
                "0x6461e964d687e7ca3082becc595d079c6c775ac8",
                "0x2bdbe219",
                "complete",
                11096,
                31164,
                "staticcall",
                {
                    "0x6461e964d687e7ca3082becc595d079c6c775ac8": [
                        [
                            "sload",
                            "0x9f43fe7f4c655e385b198003e595b6958d4fa1901d8e425e54e1fda4a402dc52",
                            "0xd3a761497aa3d12cd16af744aae49b61f5f7b31d",
                            237,
                            11165
                        ],
                        [
                            "sload",
                            "0x69",
                            "0x4e3b31eb0e5cb73641ee1e65e7dcefe520ba3ef2",
                            15027,
                            11434
                        ],
                        [
                            "sload",
                            "0x69",
                            "0x4e3b31eb0e5cb73641ee1e65e7dcefe520ba3ef2",
                            15027,
                            13522
                        ],
                        [
                            "sload",
                            "0x6b",
                            "0x7cd5e2d0056a7a7f09cbb86e540ef4f6dccc97dd",
                            6231,
                            16142
                        ],
                        [
                            "sload",
                            "0x6d",
                            "0x93e01899c10532d76c0e864537a1d26433dbbddb",
                            18765,
                            16188
                        ],
                        [
                            "sload",
                            "0x6d",
                            "0x93e01899c10532d76c0e864537a1d26433dbbddb",
                            18765,
                            16731
                        ],
                        [
                            "sload",
                            "0x6d",
                            "0x93e01899c10532d76c0e864537a1d26433dbbddb",
                            14334,
                            17558
                        ],
                        [
                            "sload",
                            "0x6d",
                            "0x93e01899c10532d76c0e864537a1d26433dbbddb",
                            13862,
                            17814
                        ],
                        [
                            "sload",
                            "0x6d",
                            "0x93e01899c10532d76c0e864537a1d26433dbbddb",
                            13650,
                            18082
                        ],
                        [
                            "sload",
                            "0x6b",
                            "0x7cd5e2d0056a7a7f09cbb86e540ef4f6dccc97dd",
                            13712,
                            18096
                        ],
                        [
                            "sload",
                            "0x73",
                            "0xc02aaa39b223fe8d0a0e5c4f27ead9083c756cc2",
                            14887,
                            18752
                        ],
                        [
                            "sload",
                            "0x6d",
                            "0x93e01899c10532d76c0e864537a1d26433dbbddb",
                            18765,
                            18781
                        ],
                        [
                            "sload",
                            "0x72",
                            "0x7355534400000000000000000000000000000000000000000000000000000000",
                            14989,
                            19647
                        ],
                        [
                            "sload",
                            "0x6d",
                            "0x93e01899c10532d76c0e864537a1d26433dbbddb",
                            18765,
                            19678
                        ],
                        [
                            "sload",
                            "0x69",
                            "0x4e3b31eb0e5cb73641ee1e65e7dcefe520ba3ef2",
                            15027,
                            20544
                        ],
                        [
                            "sload",
                            "0x69",
                            "0x4e3b31eb0e5cb73641ee1e65e7dcefe520ba3ef2",
                            15027,
                            21650
                        ],
                        [
                            "sload",
                            "0x69",
                            "0x4e3b31eb0e5cb73641ee1e65e7dcefe520ba3ef2",
                            12053,
                            24804
                        ],
                        [
                            "sload",
                            "0x6b",
                            "0x7cd5e2d0056a7a7f09cbb86e540ef4f6dccc97dd",
                            12283,
                            25186
                        ],
                        [
                            "sload",
                            "0x69",
                            "0x4e3b31eb0e5cb73641ee1e65e7dcefe520ba3ef2",
                            15027,
                            28229
                        ]
                    ],
                    "0x4e3b31eb0e5cb73641ee1e65e7dcefe520ba3ef2": [
                        [
                            "sload",
                            "0x2",
                            "0x823be81bbf96bec0e25ca13170f5aacb5b79ba83",
                            112,
                            11581
                        ],
                        [
                            "sload",
                            "0x2",
                            "0x823be81bbf96bec0e25ca13170f5aacb5b79ba83",
                            112,
                            13669
                        ],
                        [
                            "sload",
                            "0x2",
                            "0x823be81bbf96bec0e25ca13170f5aacb5b79ba83",
                            112,
                            20691
                        ],
                        [
                            "sload",
                            "0x2",
                            "0x823be81bbf96bec0e25ca13170f5aacb5b79ba83",
                            112,
                            21797
                        ],
                        [
                            "sload",
                            "0x2",
                            "0x823be81bbf96bec0e25ca13170f5aacb5b79ba83",
                            112,
                            24951
                        ],
                        [
                            "sload",
                            "0x2",
                            "0x823be81bbf96bec0e25ca13170f5aacb5b79ba83",
                            112,
                            28376
                        ]
                    ],
                    "0x823be81bbf96bec0e25ca13170f5aacb5b79ba83": [
                        [
                            "sload",
                            "0xe931ecf99842d82a079c6bd06e7d927682e36c6a2e936c3ef8c9f06bc526257c",
                            "0xd69b189020ef614796578afe4d10378c5e7e1138",
                            1114,
                            11652
                        ],
                        [
                            "sload",
                            "0xe931ecf99842d82a079c6bd06e7d927682e36c6a2e936c3ef8c9f06bc526257c",
                            "0xd69b189020ef614796578afe4d10378c5e7e1138",
                            1114,
                            13740
                        ],
                        [
                            "sload",
                            "0xe931ecf99842d82a079c6bd06e7d927682e36c6a2e936c3ef8c9f06bc526257c",
                            "0xd69b189020ef614796578afe4d10378c5e7e1138",
                            1114,
                            20762
                        ],
                        [
                            "sload",
                            "0xe931ecf99842d82a079c6bd06e7d927682e36c6a2e936c3ef8c9f06bc526257c",
                            "0xd69b189020ef614796578afe4d10378c5e7e1138",
                            1114,
                            21868
                        ],
                        [
                            "sload",
                            "0x51f38688f87154c662604be3141634be357ad12d2dc09472c85be2e8f008ad89",
                            "0x97767d7d04fd0db0a1a2478dcd4ba85290556b48",
                            1114,
                            25022
                        ],
                        [
                            "sload",
                            "0xe931ecf99842d82a079c6bd06e7d927682e36c6a2e936c3ef8c9f06bc526257c",
                            "0xd69b189020ef614796578afe4d10378c5e7e1138",
                            1114,
                            28447
                        ]
                    ],
                    "0xd69b189020ef614796578afe4d10378c5e7e1138": [
                        [
                            "sload",
                            "0xbe38ea8baa83927c08fa0de97a6d7a2ca25e513e0a93e0552a2acec8df14036b",
                            "0xdc3ea94cd0ac27d9a86c180091e7f78c683d3699",
                            11366,
                            12024
                        ],
                        [
                            "sload",
                            "0xe10f30f99bb6ff1c594b8b77079bfa4b9368a05cecbaedb3eff0f71a516a926e",
                            "0x8",
                            15212,
                            12986
                        ],
                        [
                            "sload",
                            "0xe10f30f99bb6ff1c594b8b77079bfa4b9368a05cecbaedb3eff0f71a516a926e",
                            "0x8",
                            15235,
                            13002
                        ],
                        [
                            "sload",
                            "0xaed38ed8c535b37c77d81901c4396980a8c65c930ad46166e3caf3d78e9f9510",
                            "0x0",
                            15318,
                            13150
                        ],
                        [
                            "sload",
                            "0xaed38ed8c535b37c77d81901c4396980a8c65c930ad46166e3caf3d78e9f9511",
                            "0x0",
                            15326,
                            13157
                        ],
                        [
                            "sload",
                            "0xaed38ed8c535b37c77d81901c4396980a8c65c930ad46166e3caf3d78e9f9512",
                            "0x0",
                            15338,
                            13168
                        ],
                        [
                            "sload",
                            "0xaed38ed8c535b37c77d81901c4396980a8c65c930ad46166e3caf3d78e9f9513",
                            "0x0",
                            15349,
                            13178
                        ],
                        [
                            "sload",
                            "0x48b880f8dbf2778f85b61c3bd2d5c3122926068026521f0268b435994e4d8fca",
                            "0x5f4ec3df9cbd43714fe2740f5e3616155c5b8419",
                            11366,
                            14112
                        ],
                        [
                            "sload",
                            "0xed353377a302389784f33d205d83f6a63612569ec74b798e4bee03eb0ac91277",
                            "0x8",
                            15212,
                            15349
                        ],
                        [
                            "sload",
                            "0xed353377a302389784f33d205d83f6a63612569ec74b798e4bee03eb0ac91277",
                            "0x8",
                            15235,
                            15365
                        ],
                        [
                            "sload",
                            "0xe293e4b088f7e9eb5d95d32477b5deccaff9fa87cfabb4656b7836cb9f8d1e0e",
                            "0x0",
                            15318,
                            15513
                        ],
                        [
                            "sload",
                            "0xe293e4b088f7e9eb5d95d32477b5deccaff9fa87cfabb4656b7836cb9f8d1e0f",
                            "0x0",
                            15326,
                            15520
                        ],
                        [
                            "sload",
                            "0xe293e4b088f7e9eb5d95d32477b5deccaff9fa87cfabb4656b7836cb9f8d1e10",
                            "0x0",
                            15338,
                            15531
                        ],
                        [
                            "sload",
                            "0xe293e4b088f7e9eb5d95d32477b5deccaff9fa87cfabb4656b7836cb9f8d1e11",
                            "0x0",
                            15349,
                            15541
                        ],
                        [
                            "sload",
                            "0xbf4016b332216e3e757307095a95a36cf38c4c15b334add21cedb2fbed6a3ad2",
                            "0x0",
                            11366,
                            21134
                        ],
                        [
                            "sload",
                            "0x879aab086d0beefdbbcdf59c665b934c0bdc59c3e3b95f2ff91cfe4df4dbbd92",
                            "0x1",
                            11872,
                            21152
                        ],
                        [
                            "sload",
                            "0x7088dccacad63a73003aa4952e101bce5495d298c08b27af20f84d0220926c40",
                            "0x5fe3e288000000000000000000000000000000000000000de0b6b3a7640000",
                            11916,
                            21208
                        ],
                        [
                            "sload",
                            "0x9a03f7b7a54bb303b49ef32efb9dda8d8d8afa029e71e9399366bdec9a82cfdf",
                            "0x0",
                            15318,
                            21319
                        ],
                        [
                            "sload",
                            "0x9a03f7b7a54bb303b49ef32efb9dda8d8d8afa029e71e9399366bdec9a82cfe0",
                            "0x0",
                            15326,
                            21326
                        ],
                        [
                            "sload",
                            "0x9a03f7b7a54bb303b49ef32efb9dda8d8d8afa029e71e9399366bdec9a82cfe1",
                            "0x0",
                            15338,
                            21337
                        ],
                        [
                            "sload",
                            "0x9a03f7b7a54bb303b49ef32efb9dda8d8d8afa029e71e9399366bdec9a82cfe2",
                            "0x0",
                            15349,
                            21347
                        ],
                        [
                            "sload",
                            "0x48b880f8dbf2778f85b61c3bd2d5c3122926068026521f0268b435994e4d8fca",
                            "0x5f4ec3df9cbd43714fe2740f5e3616155c5b8419",
                            11366,
                            22240
                        ],
                        [
                            "sload",
                            "0xed353377a302389784f33d205d83f6a63612569ec74b798e4bee03eb0ac91277",
                            "0x8",
                            15212,
                            23477
                        ],
                        [
                            "sload",
                            "0xed353377a302389784f33d205d83f6a63612569ec74b798e4bee03eb0ac91277",
                            "0x8",
                            15235,
                            23493
                        ],
                        [
                            "sload",
                            "0xe293e4b088f7e9eb5d95d32477b5deccaff9fa87cfabb4656b7836cb9f8d1e0e",
                            "0x0",
                            15318,
                            23641
                        ],
                        [
                            "sload",
                            "0xe293e4b088f7e9eb5d95d32477b5deccaff9fa87cfabb4656b7836cb9f8d1e0f",
                            "0x0",
                            15326,
                            23648
                        ],
                        [
                            "sload",
                            "0xe293e4b088f7e9eb5d95d32477b5deccaff9fa87cfabb4656b7836cb9f8d1e10",
                            "0x0",
                            15338,
                            23659
                        ],
                        [
                            "sload",
                            "0xe293e4b088f7e9eb5d95d32477b5deccaff9fa87cfabb4656b7836cb9f8d1e11",
                            "0x0",
                            15349,
                            23669
                        ],
                        [
                            "sload",
                            "0x48b880f8dbf2778f85b61c3bd2d5c3122926068026521f0268b435994e4d8fca",
                            "0x5f4ec3df9cbd43714fe2740f5e3616155c5b8419",
                            11366,
                            28819
                        ],
                        [
                            "sload",
                            "0xed353377a302389784f33d205d83f6a63612569ec74b798e4bee03eb0ac91277",
                            "0x8",
                            15212,
                            30056
                        ],
                        [
                            "sload",
                            "0xed353377a302389784f33d205d83f6a63612569ec74b798e4bee03eb0ac91277",
                            "0x8",
                            15235,
                            30072
                        ],
                        [
                            "sload",
                            "0xe293e4b088f7e9eb5d95d32477b5deccaff9fa87cfabb4656b7836cb9f8d1e0e",
                            "0x0",
                            15318,
                            30220
                        ],
                        [
                            "sload",
                            "0xe293e4b088f7e9eb5d95d32477b5deccaff9fa87cfabb4656b7836cb9f8d1e0f",
                            "0x0",
                            15326,
                            30227
                        ],
                        [
                            "sload",
                            "0xe293e4b088f7e9eb5d95d32477b5deccaff9fa87cfabb4656b7836cb9f8d1e10",
                            "0x0",
                            15338,
                            30238
                        ],
                        [
                            "sload",
                            "0xe293e4b088f7e9eb5d95d32477b5deccaff9fa87cfabb4656b7836cb9f8d1e11",
                            "0x0",
                            15349,
                            30248
                        ]
                    ],
                    "0xdc3ea94cd0ac27d9a86c180091e7f78c683d3699": [
                        [
                            "sload",
                            "0x5",
                            "0x0",
                            4779,
                            12190
                        ],
                        [
                            "sload",
                            "0x2",
                            "0x6ce8be8729b6ba18dd3416e3c223a5d4db5e7550003",
                            6674,
                            12259
                        ]
                    ],
                    "0x06ce8be8729b6ba18dd3416e3c223a5d4db5e755": [
                        [
                            "sload",
                            "0x326e9f95a37b07a0a23bed3682b523ed47cadd2e733a5e0dbe68cba20da9f85f",
                            "0x1",
                            18141,
                            12471
                        ],
                        [
                            "sload",
                            "0x2a",
                            "0x1e1050000306004cbfda3f8b0a881536b1cc0c70afbedb1",
                            21911,
                            12508
                        ],
                        [
                            "sload",
                            "0x45d1ce193b31441d970c37677bfd644bfd2efc29bdce34cc0f76c2d869e29b6f",
                            "0x6060567a000000000000000000000000000000000000000064933b32",
                            21970,
                            12536
                        ]
                    ],
                    "0x5f4ec3df9cbd43714fe2740f5e3616155c5b8419": [
                        [
                            "sload",
                            "0x5",
                            "0x0",
                            6661,
                            14268
                        ],
                        [
                            "sload",
                            "0x2",
                            "0xc7a37b03690fb9f41b5c5af8131735c72754460003",
                            9144,
                            14333
                        ],
                        [
                            "sload",
                            "0x5",
                            "0x0",
                            6661,
                            22396
                        ],
                        [
                            "sload",
                            "0x2",
                            "0xc7a37b03690fb9f41b5c5af8131735c72754460003",
                            9144,
                            22461
                        ],
                        [
                            "sload",
                            "0x5",
                            "0x0",
                            6661,
                            28975
                        ],
                        [
                            "sload",
                            "0x2",
                            "0xc7a37b03690fb9f41b5c5af8131735c72754460003",
                            9144,
                            29040
                        ]
                    ],
                    "0x00c7a37b03690fb9f41b5c5af8131735c7275446": [
                        [
                            "sload",
                            "0x72f51acc89880944eb5cd2305b535833aca264b11d016d92b62ce0ff7023ab79",
                            "0x1",
                            18103,
                            14535
                        ],
                        [
                            "sload",
                            "0x7",
                            "0x635700006357",
                            19855,
                            14580
                        ],
                        [
                            "sload",
                            "0x72f51acc89880944eb5cd2305b535833aca264b11d016d92b62ce0ff7023ab79",
                            "0x1",
                            18103,
                            14671
                        ],
                        [
                            "sload",
                            "0x3aa542fcf6d9a0a35fe08f77d768d715248ecc8ab920deb87bdffd5f3172eae6",
                            "0x277179d9a4",
                            19396,
                            14778
                        ],
                        [
                            "sload",
                            "0x3aa542fcf6d9a0a35fe08f77d768d715248ecc8ab920deb87bdffd5f3172eae7",
                            "0x63570000000060607cae0000000060607ca0",
                            19404,
                            14785
                        ],
                        [
                            "sload",
                            "0x72f51acc89880944eb5cd2305b535833aca264b11d016d92b62ce0ff7023ab79",
                            "0x1",
                            18103,
                            22663
                        ],
                        [
                            "sload",
                            "0x7",
                            "0x635700006357",
                            19855,
                            22708
                        ],
                        [
                            "sload",
                            "0x72f51acc89880944eb5cd2305b535833aca264b11d016d92b62ce0ff7023ab79",
                            "0x1",
                            18103,
                            22799
                        ],
                        [
                            "sload",
                            "0x3aa542fcf6d9a0a35fe08f77d768d715248ecc8ab920deb87bdffd5f3172eae6",
                            "0x277179d9a4",
                            19396,
                            22906
                        ],
                        [
                            "sload",
                            "0x3aa542fcf6d9a0a35fe08f77d768d715248ecc8ab920deb87bdffd5f3172eae7",
                            "0x63570000000060607cae0000000060607ca0",
                            19404,
                            22913
                        ],
                        [
                            "sload",
                            "0x72f51acc89880944eb5cd2305b535833aca264b11d016d92b62ce0ff7023ab79",
                            "0x1",
                            18103,
                            29242
                        ],
                        [
                            "sload",
                            "0x7",
                            "0x635700006357",
                            19855,
                            29287
                        ],
                        [
                            "sload",
                            "0x72f51acc89880944eb5cd2305b535833aca264b11d016d92b62ce0ff7023ab79",
                            "0x1",
                            18103,
                            29378
                        ],
                        [
                            "sload",
                            "0x3aa542fcf6d9a0a35fe08f77d768d715248ecc8ab920deb87bdffd5f3172eae6",
                            "0x277179d9a4",
                            19396,
                            29485
                        ],
                        [
                            "sload",
                            "0x3aa542fcf6d9a0a35fe08f77d768d715248ecc8ab920deb87bdffd5f3172eae7",
                            "0x63570000000060607cae0000000060607ca0",
                            19404,
                            29492
                        ]
                    ],
                    "0x93e01899c10532d76c0e864537a1d26433dbbddb": [
                        [
                            "sload",
                            "0xe",
                            "0x6004340cf9a7f12e68b5cf496bb205b9244ad580",
                            1856,
                            16299
                        ],
                        [
                            "sload",
                            "0xe",
                            "0x6004340cf9a7f12e68b5cf496bb205b9244ad580",
                            1856,
                            16842
                        ],
                        [
                            "sload",
                            "0xf",
                            "0x18eeb",
                            1442,
                            17650
                        ],
                        [
                            "sload",
                            "0xc",
                            "0xf4240",
                            2131,
                            17915
                        ],
                        [
                            "sload",
                            "0xf9a162b9fdff8cea9adfe641c0dc2d4a460cf20b502322a3e58d906986c2215e",
                            "0x34d7e33c5f644f7dc0",
                            2775,
                            18336
                        ],
                        [
                            "sload",
                            "0xe",
                            "0x6004340cf9a7f12e68b5cf496bb205b9244ad580",
                            1856,
                            18892
                        ],
                        [
                            "sload",
                            "0xe",
                            "0x6004340cf9a7f12e68b5cf496bb205b9244ad580",
                            1856,
                            19789
                        ]
                    ],
                    "0x6004340cf9a7f12e68b5cf496bb205b9244ad580": [
                        [
                            "sload",
                            "0x6",
                            "0xe8d4a51000",
                            1842,
                            16593
                        ],
                        [
                            "sload",
                            "0x8",
                            "0x1",
                            1164,
                            17114
                        ],
                        [
                            "sload",
                            "0x8",
                            "0x1",
                            1193,
                            17138
                        ],
                        [
                            "sload",
                            "0xf3f7a9fe364faab93b216da50a3214154f22a0a2b415b23a84c8169e8b636ee3",
                            "0x2000",
                            1218,
                            17157
                        ],
                        [
                            "sload",
                            "0x7",
                            "0x1",
                            1975,
                            19178
                        ],
                        [
                            "sload",
                            "0x7",
                            "0x1",
                            2004,
                            19202
                        ],
                        [
                            "sload",
                            "0xa66cc928b5edb82af9bd49922954155ab7b0942694bea4ce44661d9a8736c688",
                            "0xa0b86991c6218b36c1d19d4a2e9eb0ce3606eb48",
                            2029,
                            19221
                        ],
                        [
                            "sload",
                            "0x7",
                            "0x1",
                            1975,
                            20075
                        ],
                        [
                            "sload",
                            "0x7",
                            "0x1",
                            2004,
                            20099
                        ],
                        [
                            "sload",
                            "0xa66cc928b5edb82af9bd49922954155ab7b0942694bea4ce44661d9a8736c688",
                            "0xa0b86991c6218b36c1d19d4a2e9eb0ce3606eb48",
                            2029,
                            20118
                        ]
                    ],
                    "0xa0b86991c6218b36c1d19d4a2e9eb0ce3606eb48": [
                        [
                            "sload",
                            "0x10d6a54a4754c8869d6886b5f5d7fbfa5b4522237ea5c60d11bc4e7a1ff9390b",
                            "0x807a96288a1a408dbc13de2b1d087d10356395d2",
                            1747,
                            24097
                        ],
                        [
                            "sload",
                            "0x7050c9e0f4ca769c69bd3a8ef740bc37934f8e2c036e5a723fd8ee048ed3f8c3",
                            "0xb7277a6e95992041568d9391d09d0122023778a2",
                            1660,
                            24137
                        ],
                        [
                            "sload",
                            "0x6",
                            "0x6",
                            6008,
                            24210
                        ]
                    ],
                    "0x97767d7d04fd0db0a1a2478dcd4ba85290556b48": [
                        [
                            "sload",
                            "0xd863e1a460888209168588082b36c7fee9664ef5b5ac4083155b46ba788df79c",
                            "0xdecf74c966438c3b4578b46dcc64c907141f670",
                            12736,
                            25514
                        ]
                    ],
                    "0x0decf74c966438c3b4578b46dcc64c907141f670": [
                        [
                            "sload",
                            "0x305e0cb22db82f955deaac098b0342395170c438cacaba395dcbcf091ef40273",
                            "0x4b9ca5607f1ff8019c1c6a3c2f0cc8de622d5b82",
                            16352,
                            25855
                        ],
                        [
                            "sload",
                            "0x305e0cb22db82f955deaac098b0342395170c438cacaba395dcbcf091ef40273",
                            "0x4b9ca5607f1ff8019c1c6a3c2f0cc8de622d5b82",
                            16352,
                            26173
                        ],
                        [
                            "sload",
                            "0xcacd88668609f89b202c4b95904142efdbeb1c68a2f82e8f2f930f220c034dce",
                            "0x12c815b0c404d66dd0491f4ec62839904cec25e7",
                            16352,
                            26505
                        ],
                        [
                            "sload",
                            "0x4f6a91f00b98bf359fd33bd3fa85b7f95ed0c066939a15ba46c0abc2656c209c",
                            "0xd69b189020ef614796578afe4d10378c5e7e1138",
                            16352,
                            27115
                        ]
                    ],
                    "0x4b9ca5607f1ff8019c1c6a3c2f0cc8de622d5b82": [
                        [
                            "sload",
                            "0x4a842506e93d09bbb6c24c00696e5cd84329c04907c1a346d918e1195a8ee76b",
                            "0x1f81042336146121fea43",
                            2669,
                            26079
                        ],
                        [
                            "sload",
                            "0x4a842506e93d09bbb6c24c00696e5cd84329c04907c1a346d918e1195a8ee76c",
                            "0x2652b",
                            2675,
                            26084
                        ],
                        [
                            "sload",
                            "0x4a842506e93d09bbb6c24c00696e5cd84329c04907c1a346d918e1195a8ee76b",
                            "0x1f81042336146121fea43",
                            2669,
                            26405
                        ],
                        [
                            "sload",
                            "0x4a842506e93d09bbb6c24c00696e5cd84329c04907c1a346d918e1195a8ee76c",
                            "0x2652b",
                            2675,
                            26410
                        ],
                        [
                            "sload",
                            "0x6",
                            "0x2695f",
                            1480,
                            27310
                        ],
                        [
                            "sload",
                            "0xf652222313e28459528d920b65115c16c04f3efc82aaedc97be59f3f377e726a",
                            "0xcb4707b6bb8fea6017df",
                            1502,
                            27327
                        ],
                        [
                            "sload",
                            "0x6",
                            "0x2695f",
                            1992,
                            27481
                        ],
                        [
                            "sload",
                            "0xf652222313e28459528d920b65115c16c04f3efc82aaedc97be59f3f377e769d",
                            "0xd2837add76ba2511886d",
                            2021,
                            27502
                        ]
                    ],
                    "0x12c815b0c404d66dd0491f4ec62839904cec25e7": [
                        [
                            "sload",
                            "0x6",
                            "0x60603c64",
                            2003,
                            26649
                        ],
                        [
                            "sload",
                            "0x4",
                            "0x1f2c0f4b414b44558d066cb",
                            2006,
                            26651
                        ],
                        [
                            "sload",
                            "0x7",
                            "0x0",
                            2009,
                            26653
                        ],
                        [
                            "sload",
                            "0x563a8a19823933e751ef690567f0351d13ee18500841743a77290b3deeac37d",
                            "0xc757acba3c0506218b3022266a9dc7f3612d85f5",
                            8652,
                            26707
                        ]
                    ],
                    "0xc757acba3c0506218b3022266a9dc7f3612d85f5": [
                        [
                            "sload",
                            "0xad77bf801726b2c83e9e3fa10f319bf2df99397a561126e8c3df0f7596519f75",
                            "0xcb80de1af223445b8073db279f284aebe9f3b71553410fc4edb90823bab36c49",
                            4575,
                            26917
                        ],
                        [
                            "sload",
                            "0xefd817bfb55c8a8dfd5a24fc104be1f1ca6df08999d3a79bb5e058d0f28505b7",
                            "0xab18",
                            4593,
                            26934
                        ]
                    ]
                }
            ]
        ],
        [
            [
                "0xc011a73ee8576fb46f5e1c5751ca3b9fe0af2a6f",
                "0x768e04c8e53c1de41b5c68380d7b332b48e9c72a",
                "0x7cd5e2d0056a7a7f09cbb86e540ef4f6dccc97dd",
                157213143600000000000
            ],
            [
                "0x97767d7d04fd0db0a1a2478dcd4ba85290556b48",
                "0x768e04c8e53c1de41b5c68380d7b332b48e9c72a",
                "0x7cd5e2d0056a7a7f09cbb86e540ef4f6dccc97dd",
                157213143600000000000
            ]
        ]
    ]
}