{
    "0xb0725864ea42438673e725906d69cc7e1a0bc531f376af095b71f8ffdcc7e614": [
        [
            [
                "0x6461e964d687e7ca3082becc595d079c6c775ac8",
                "0x89afb5b7",
                "complete",
                405,
                2491,
                "staticcall",
                {
                    "0x6461e964d687e7ca3082becc595d079c6c775ac8": [
                        [
                            "sload",
                            "0x9f43fe7f4c655e385b198003e595b6958d4fa1901d8e425e54e1fda4a402dc52",
                            "0xd3a761497aa3d12cd16af744aae49b61f5f7b31d",
                            237,
                            480
                        ],
                        [
                            "sload",
                            "0x69",
                            "0x4e3b31eb0e5cb73641ee1e65e7dcefe520ba3ef2",
                            15508,
                            565
                        ],
                        [
                            "sload",
                            "0x6b",
                            "0x7cd5e2d0056a7a7f09cbb86e540ef4f6dccc97dd",
                            15738,
                            947
                        ],
                        [
                            "sload",
                            "0x69",
                            "0x4e3b31eb0e5cb73641ee1e65e7dcefe520ba3ef2",
                            11673,
                            1349
                        ],
                        [
                            "sload",
                            "0x6b",
                            "0x7cd5e2d0056a7a7f09cbb86e540ef4f6dccc97dd",
                            11903,
                            1731
                        ]
                    ],
                    "0x4e3b31eb0e5cb73641ee1e65e7dcefe520ba3ef2": [
                        [
                            "sload",
                            "0x2",
                            "0x823be81bbf96bec0e25ca13170f5aacb5b79ba83",
                            112,
                            712
                        ],
                        [
                            "sload",
                            "0x2",
                            "0x823be81bbf96bec0e25ca13170f5aacb5b79ba83",
                            112,
                            1496
                        ]
                    ],
                    "0x823be81bbf96bec0e25ca13170f5aacb5b79ba83": [
                        [
                            "sload",
                            "0xe65d8376d1030778034840425c47a73127aac9523af8a8f3b210ca3b1acbfb89",
                            "0xda4ef8520b1a57d7d63f1e249606d1a459698876",
                            1114,
                            783
                        ],
                        [
                            "sload",
                            "0x51f38688f87154c662604be3141634be357ad12d2dc09472c85be2e8f008ad89",
                            "0x97767d7d04fd0db0a1a2478dcd4ba85290556b48",
                            1114,
                            1567
                        ]
                    ],
                    "0xda4ef8520b1a57d7d63f1e249606d1a459698876": [
                        [
                            "sload",
                            "0x9fa773b59ce5bd7eda31fac62820523eec1ab751115dba6cdcd471f4a4454a3f",
                            "0x8656bbbe9c9d019a911",
                            2902,
                            1188
                        ]
                    ],
                    "0x97767d7d04fd0db0a1a2478dcd4ba85290556b48": [
                        [
                            "sload",
                            "0x5",
                            "0x5b1b5fea1b99d83ad479df0c222f0492385381dd",
                            6344,
                            1964
                        ]
                    ],
                    "0x5b1b5fea1b99d83ad479df0c222f0492385381dd": [
                        [
                            "sload",
                            "0x61a83ba1c9dd1ed7aff0f2e795b1c490864715ea4a493c91292181bc982b04ef",
                            "0xd56a7afbdd1ebadf8e34",
                            788,
                            2120
                        ]
                    ]
                }
            ],
            [
                "0x6461e964d687e7ca3082becc595d079c6c775ac8",
                "0x9d765ea6",
                "complete",
                2600,
                12106,
                "staticcall",
                {
                    "0x6461e964d687e7ca3082becc595d079c6c775ac8": [
                        [
                            "sload",
                            "0x9f43fe7f4c655e385b198003e595b6958d4fa1901d8e425e54e1fda4a402dc52",
                            "0xd3a761497aa3d12cd16af744aae49b61f5f7b31d",
                            237,
                            2675
                        ],
                        [
                            "sload",
                            "0x6d",
                            "0x93e01899c10532d76c0e864537a1d26433dbbddb",
                            18765,
                            2852
                        ],
                        [
                            "sload",
                            "0x6d",
                            "0x93e01899c10532d76c0e864537a1d26433dbbddb",
                            18765,
                            3395
                        ],
                        [
                            "sload",
                            "0x6d",
                            "0x93e01899c10532d76c0e864537a1d26433dbbddb",
                            14334,
                            4222
                        ],
                        [
                            "sload",
                            "0x6d",
                            "0x93e01899c10532d76c0e864537a1d26433dbbddb",
                            13862,
                            4478
                        ],
                        [
                            "sload",
                            "0x6d",
                            "0x93e01899c10532d76c0e864537a1d26433dbbddb",
                            13650,
                            4746
                        ],
                        [
                            "sload",
                            "0x6b",
                            "0x7cd5e2d0056a7a7f09cbb86e540ef4f6dccc97dd",
                            13712,
                            4760
                        ],
                        [
                            "sload",
                            "0x73",
                            "0xc02aaa39b223fe8d0a0e5c4f27ead9083c756cc2",
                            14887,
                            5416
                        ],
                        [
                            "sload",
                            "0x6d",
                            "0x93e01899c10532d76c0e864537a1d26433dbbddb",
                            18765,
                            5445
                        ],
                        [
                            "sload",
                            "0x71",
                            "0x7345544800000000000000000000000000000000000000000000000000000000",
                            15010,
                            6312
                        ],
                        [
                            "sload",
                            "0x6d",
                            "0x93e01899c10532d76c0e864537a1d26433dbbddb",
                            18765,
                            6341
                        ],
                        [
                            "sload",
                            "0x69",
                            "0x4e3b31eb0e5cb73641ee1e65e7dcefe520ba3ef2",
                            15027,
                            7207
                        ],
                        [
                            "sload",
                            "0x69",
                            "0x4e3b31eb0e5cb73641ee1e65e7dcefe520ba3ef2",
                            15027,
                            9271
                        ],
                        [
                            "sload",
                            "0x6b",
                            "0x7cd5e2d0056a7a7f09cbb86e540ef4f6dccc97dd",
                            6231,
                            11823
                        ]
                    ],
                    "0x93e01899c10532d76c0e864537a1d26433dbbddb": [
                        [
                            "sload",
                            "0xe",
                            "0xbda30509532732cf390bcc43d841abe9f75ad2ef",
                            1856,
                            2963
                        ],
                        [
                            "sload",
                            "0xe",
                            "0xbda30509532732cf390bcc43d841abe9f75ad2ef",
                            1856,
                            3506
                        ],
                        [
                            "sload",
                            "0xf",
                            "0x18af3",
                            1442,
                            4314
                        ],
                        [
                            "sload",
                            "0xc",
                            "0xf4240",
                            2131,
                            4579
                        ],
                        [
                            "sload",
                            "0xf9a162b9fdff8cea9adfe641c0dc2d4a460cf20b502322a3e58d906986c2215e",
                            "0x4d2ba5b9a4914aafc0",
                            2775,
                            5000
                        ],
                        [
                            "sload",
                            "0xe",
                            "0xbda30509532732cf390bcc43d841abe9f75ad2ef",
                            1856,
                            5556
                        ],
                        [
                            "sload",
                            "0xe",
                            "0xbda30509532732cf390bcc43d841abe9f75ad2ef",
                            1856,
                            6452
                        ]
                    ],
                    "0xbda30509532732cf390bcc43d841abe9f75ad2ef": [
                        [
                            "sload",
                            "0x6",
                            "0xf4240",
                            1842,
                            3257
                        ],
                        [
                            "sload",
                            "0x8",
                            "0x1",
                            1164,
                            3778
                        ],
                        [
                            "sload",
                            "0x8",
                            "0x1",
                            1193,
                            3802
                        ],
                        [
                            "sload",
                            "0xf3f7a9fe364faab93b216da50a3214154f22a0a2b415b23a84c8169e8b636ee3",
                            "0x400000",
                            1218,
                            3821
                        ],
                        [
                            "sload",
                            "0x7",
                            "0x1",
                            1975,
                            5842
                        ],
                        [
                            "sload",
                            "0x7",
                            "0x1",
                            2004,
                            5866
                        ],
                        [
                            "sload",
                            "0xa66cc928b5edb82af9bd49922954155ab7b0942694bea4ce44661d9a8736c688",
                            "0xc02aaa39b223fe8d0a0e5c4f27ead9083c756cc2",
                            2029,
                            5885
                        ],
                        [
                            "sload",
                            "0x7",
                            "0x1",
                            1975,
                            6738
                        ],
                        [
                            "sload",
                            "0x7",
                            "0x1",
                            2004,
                            6762
                        ],
                        [
                            "sload",
                            "0xa66cc928b5edb82af9bd49922954155ab7b0942694bea4ce44661d9a8736c688",
                            "0xc02aaa39b223fe8d0a0e5c4f27ead9083c756cc2",
                            2029,
                            6781
                        ]
                    ],
                    "0x4e3b31eb0e5cb73641ee1e65e7dcefe520ba3ef2": [
                        [
                            "sload",
                            "0x2",
                            "0x823be81bbf96bec0e25ca13170f5aacb5b79ba83",
                            112,
                            7354
                        ],
                        [
                            "sload",
                            "0x2",
                            "0x823be81bbf96bec0e25ca13170f5aacb5b79ba83",
                            112,
                            9418
                        ]
                    ],
                    "0x823be81bbf96bec0e25ca13170f5aacb5b79ba83": [
                        [
                            "sload",
                            "0xe931ecf99842d82a079c6bd06e7d927682e36c6a2e936c3ef8c9f06bc526257c",
                            "0xd69b189020ef614796578afe4d10378c5e7e1138",
                            1114,
                            7425
                        ],
                        [
                            "sload",
                            "0xe931ecf99842d82a079c6bd06e7d927682e36c6a2e936c3ef8c9f06bc526257c",
                            "0xd69b189020ef614796578afe4d10378c5e7e1138",
                            1114,
                            9489
                        ]
                    ],
                    "0xd69b189020ef614796578afe4d10378c5e7e1138": [
                        [
                            "sload",
                            "0x48b880f8dbf2778f85b61c3bd2d5c3122926068026521f0268b435994e4d8fca",
                            "0x5f4ec3df9cbd43714fe2740f5e3616155c5b8419",
                            11366,
                            7797
                        ],
                        [
                            "sload",
                            "0xed353377a302389784f33d205d83f6a63612569ec74b798e4bee03eb0ac91277",
                            "0x8",
                            15212,
                            8735
                        ],
                        [
                            "sload",
                            "0xed353377a302389784f33d205d83f6a63612569ec74b798e4bee03eb0ac91277",
                            "0x8",
                            15235,
                            8751
                        ],
                        [
                            "sload",
                            "0xe293e4b088f7e9eb5d95d32477b5deccaff9fa87cfabb4656b7836cb9f8d1e0e",
                            "0x0",
                            15318,
                            8899
                        ],
                        [
                            "sload",
                            "0xe293e4b088f7e9eb5d95d32477b5deccaff9fa87cfabb4656b7836cb9f8d1e0f",
                            "0x0",
                            15326,
                            8906
                        ],
                        [
                            "sload",
                            "0xe293e4b088f7e9eb5d95d32477b5deccaff9fa87cfabb4656b7836cb9f8d1e10",
                            "0x0",
                            15338,
                            8917
                        ],
                        [
                            "sload",
                            "0xe293e4b088f7e9eb5d95d32477b5deccaff9fa87cfabb4656b7836cb9f8d1e11",
                            "0x0",
                            15349,
                            8927
                        ],
                        [
                            "sload",
                            "0x48b880f8dbf2778f85b61c3bd2d5c3122926068026521f0268b435994e4d8fca",
                            "0x5f4ec3df9cbd43714fe2740f5e3616155c5b8419",
                            11366,
                            9861
                        ],
                        [
                            "sload",
                            "0xed353377a302389784f33d205d83f6a63612569ec74b798e4bee03eb0ac91277",
                            "0x8",
                            15212,
                            10799
                        ],
                        [
                            "sload",
                            "0xed353377a302389784f33d205d83f6a63612569ec74b798e4bee03eb0ac91277",
                            "0x8",
                            15235,
                            10815
                        ],
                        [
                            "sload",
                            "0xe293e4b088f7e9eb5d95d32477b5deccaff9fa87cfabb4656b7836cb9f8d1e0e",
                            "0x0",
                            15318,
                            10963
                        ],
                        [
                            "sload",
                            "0xe293e4b088f7e9eb5d95d32477b5deccaff9fa87cfabb4656b7836cb9f8d1e0f",
                            "0x0",
                            15326,
                            10970
                        ],
                        [
                            "sload",
                            "0xe293e4b088f7e9eb5d95d32477b5deccaff9fa87cfabb4656b7836cb9f8d1e10",
                            "0x0",
                            15338,
                            10981
                        ],
                        [
                            "sload",
                            "0xe293e4b088f7e9eb5d95d32477b5deccaff9fa87cfabb4656b7836cb9f8d1e11",
                            "0x0",
                            15349,
                            10991
                        ]
                    ],
                    "0x5f4ec3df9cbd43714fe2740f5e3616155c5b8419": [
                        [
                            "sload",
                            "0x5",
                            "0x0",
                            6661,
                            7953
                        ],
                        [
                            "sload",
                            "0x2",
                            "0xd3fcd40153e56110e6eeae13e12530e26c9cb4fd0004",
                            9144,
                            8018
                        ],
                        [
                            "sload",
                            "0x5",
                            "0x0",
                            6661,
                            10017
                        ],
                        [
                            "sload",
                            "0x2",
                            "0xd3fcd40153e56110e6eeae13e12530e26c9cb4fd0004",
                            9144,
                            10082
                        ]
                    ],
                    "0xd3fcd40153e56110e6eeae13e12530e26c9cb4fd": [
                        [
                            "sload",
                            "0x58d8e48b3054cd3c6fcc7dd5d0bfc930d94a22f68310907382256e29b943b8e2",
                            "0x1",
                            18141,
                            8224
                        ],
                        [
                            "sload",
                            "0x2a",
                            "0x93f0a000056a1023a7927917b02b89a12d8d4cfdab21262",
                            21911,
                            8261
                        ],
                        [
                            "sload",
                            "0x39db0d1ddb1794e74d4d2bcf355b7b284f5e1c9a7efc01ef0e9eb55d2d82e49a",
                            "0x6085bfba0000000000000000000000000000000000000035c9ce30c0",
                            21970,
                            8289
                        ],
                        [
                            "sload",
                            "0x58d8e48b3054cd3c6fcc7dd5d0bfc930d94a22f68310907382256e29b943b8e2",
                            "0x1",
                            18141,
                            10288
                        ],
                        [
                            "sload",
                            "0x2a",
                            "0x93f0a000056a1023a7927917b02b89a12d8d4cfdab21262",
                            21911,
                            10325
                        ],
                        [
                            "sload",
                            "0x39db0d1ddb1794e74d4d2bcf355b7b284f5e1c9a7efc01ef0e9eb55d2d82e49a",
                            "0x6085bfba0000000000000000000000000000000000000035c9ce30c0",
                            21970,
                            10353
                        ]
                    ],
                    "0xc02aaa39b223fe8d0a0e5c4f27ead9083c756cc2": [
                        [
                            "sload",
                            "0x2",
                            "0x12",
                            2827,
                            11416
                        ]
                    ]
                }
            ],
            [
                "0x6461e964d687e7ca3082becc595d079c6c775ac8",
                "0x47029e4b",
                "complete",
                61555,
                70289,
                "staticcall",
                {
                    "0x6461e964d687e7ca3082becc595d079c6c775ac8": [
                        [
                            "sload",
                            "0x9f43fe7f4c655e385b198003e595b6958d4fa1901d8e425e54e1fda4a402dc52",
                            "0xd3a761497aa3d12cd16af744aae49b61f5f7b31d",
                            237,
                            61624
                        ],
                        [
                            "sload",
                            "0x69",
                            "0x4e3b31eb0e5cb73641ee1e65e7dcefe520ba3ef2",
                            15508,
                            62018
                        ],
                        [
                            "sload",
                            "0x6b",
                            "0x7cd5e2d0056a7a7f09cbb86e540ef4f6dccc97dd",
                            15738,
                            62400
                        ],
                        [
                            "sload",
                            "0x69",
                            "0x4e3b31eb0e5cb73641ee1e65e7dcefe520ba3ef2",
                            11673,
                            62802
                        ],
                        [
                            "sload",
                            "0x6b",
                            "0x7cd5e2d0056a7a7f09cbb86e540ef4f6dccc97dd",
                            11903,
                            63184
                        ],
                        [
                            "sload",
                            "0x69",
                            "0x4e3b31eb0e5cb73641ee1e65e7dcefe520ba3ef2",
                            12053,
                            64228
                        ],
                        [
                            "sload",
                            "0x6b",
                            "0x7cd5e2d0056a7a7f09cbb86e540ef4f6dccc97dd",
                            12283,
                            64610
                        ],
                        [
                            "sload",
                            "0x69",
                            "0x4e3b31eb0e5cb73641ee1e65e7dcefe520ba3ef2",
                            15027,
                            67653
                        ]
                    ],
                    "0x4e3b31eb0e5cb73641ee1e65e7dcefe520ba3ef2": [
                        [
                            "sload",
                            "0x2",
                            "0x823be81bbf96bec0e25ca13170f5aacb5b79ba83",
                            112,
                            62165
                        ],
                        [
                            "sload",
                            "0x2",
                            "0x823be81bbf96bec0e25ca13170f5aacb5b79ba83",
                            112,
                            62949
                        ],
                        [
                            "sload",
                            "0x2",
                            "0x823be81bbf96bec0e25ca13170f5aacb5b79ba83",
                            112,
                            64375
                        ],
                        [
                            "sload",
                            "0x2",
                            "0x823be81bbf96bec0e25ca13170f5aacb5b79ba83",
                            112,
                            67800
                        ]
                    ],
                    "0x823be81bbf96bec0e25ca13170f5aacb5b79ba83": [
                        [
                            "sload",
                            "0xe65d8376d1030778034840425c47a73127aac9523af8a8f3b210ca3b1acbfb89",
                            "0xda4ef8520b1a57d7d63f1e249606d1a459698876",
                            1114,
                            62236
                        ],
                        [
                            "sload",
                            "0x51f38688f87154c662604be3141634be357ad12d2dc09472c85be2e8f008ad89",
                            "0x97767d7d04fd0db0a1a2478dcd4ba85290556b48",
                            1114,
                            63020
                        ],
                        [
                            "sload",
                            "0x51f38688f87154c662604be3141634be357ad12d2dc09472c85be2e8f008ad89",
                            "0x97767d7d04fd0db0a1a2478dcd4ba85290556b48",
                            1114,
                            64446
                        ],
                        [
                            "sload",
                            "0xe931ecf99842d82a079c6bd06e7d927682e36c6a2e936c3ef8c9f06bc526257c",
                            "0xd69b189020ef614796578afe4d10378c5e7e1138",
                            1114,
                            67871
                        ]
                    ],
                    "0xda4ef8520b1a57d7d63f1e249606d1a459698876": [
                        [
                            "sload",
                            "0x9fa773b59ce5bd7eda31fac62820523eec1ab751115dba6cdcd471f4a4454a3f",
                            "0x8656bbbe9c9d019a911",
                            2902,
                            62641
                        ]
                    ],
                    "0x97767d7d04fd0db0a1a2478dcd4ba85290556b48": [
                        [
                            "sload",
                            "0x5",
                            "0x5b1b5fea1b99d83ad479df0c222f0492385381dd",
                            6344,
                            63417
                        ],
                        [
                            "sload",
                            "0xd863e1a460888209168588082b36c7fee9664ef5b5ac4083155b46ba788df79c",
                            "0xdecf74c966438c3b4578b46dcc64c907141f670",
                            12736,
                            64938
                        ]
                    ],
                    "0x5b1b5fea1b99d83ad479df0c222f0492385381dd": [
                        [
                            "sload",
                            "0x61a83ba1c9dd1ed7aff0f2e795b1c490864715ea4a493c91292181bc982b04ef",
                            "0xd581354db93587a4f02d",
                            788,
                            63573
                        ]
                    ],
                    "0x0decf74c966438c3b4578b46dcc64c907141f670": [
                        [
                            "sload",
                            "0x305e0cb22db82f955deaac098b0342395170c438cacaba395dcbcf091ef40273",
                            "0x4b9ca5607f1ff8019c1c6a3c2f0cc8de622d5b82",
                            16352,
                            65279
                        ],
                        [
                            "sload",
                            "0x305e0cb22db82f955deaac098b0342395170c438cacaba395dcbcf091ef40273",
                            "0x4b9ca5607f1ff8019c1c6a3c2f0cc8de622d5b82",
                            16352,
                            65597
                        ],
                        [
                            "sload",
                            "0xcacd88668609f89b202c4b95904142efdbeb1c68a2f82e8f2f930f220c034dce",
                            "0x12c815b0c404d66dd0491f4ec62839904cec25e7",
                            16352,
                            65929
                        ],
                        [
                            "sload",
                            "0x4f6a91f00b98bf359fd33bd3fa85b7f95ed0c066939a15ba46c0abc2656c209c",
                            "0xd69b189020ef614796578afe4d10378c5e7e1138",
                            16352,
                            66539
                        ]
                    ],
                    "0x4b9ca5607f1ff8019c1c6a3c2f0cc8de622d5b82": [
                        [
                            "sload",
                            "0x4a842506e93d09bbb6c24c00696e5cd84329c04907c1a346d918e1195a8ee76b",
                            "0x2f297a094c5043a699f6b",
                            2669,
                            65503
                        ],
                        [
                            "sload",
                            "0x4a842506e93d09bbb6c24c00696e5cd84329c04907c1a346d918e1195a8ee76c",
                            "0x270c1",
                            2675,
                            65508
                        ],
                        [
                            "sload",
                            "0x4a842506e93d09bbb6c24c00696e5cd84329c04907c1a346d918e1195a8ee76b",
                            "0x2f297a094c5043a699f6b",
                            2669,
                            65829
                        ],
                        [
                            "sload",
                            "0x4a842506e93d09bbb6c24c00696e5cd84329c04907c1a346d918e1195a8ee76c",
                            "0x270c1",
                            2675,
                            65834
                        ],
                        [
                            "sload",
                            "0x6",
                            "0x274cc",
                            1480,
                            66734
                        ],
                        [
                            "sload",
                            "0xf652222313e28459528d920b65115c16c04f3efc82aaedc97be59f3f377e7e00",
                            "0xdedfd8613a6688ea5db6",
                            1502,
                            66751
                        ],
                        [
                            "sload",
                            "0x6",
                            "0x274cc",
                            1992,
                            66905
                        ],
                        [
                            "sload",
                            "0xf652222313e28459528d920b65115c16c04f3efc82aaedc97be59f3f377e820a",
                            "0xe2fc86d4049bec290201",
                            2021,
                            66926
                        ]
                    ],
                    "0x12c815b0c404d66dd0491f4ec62839904cec25e7": [
                        [
                            "sload",
                            "0x6",
                            "0x60858685",
                            2003,
                            66073
                        ],
                        [
                            "sload",
                            "0x4",
                            "0x1fd831d0961af1efae1f193",
                            2006,
                            66075
                        ],
                        [
                            "sload",
                            "0x7",
                            "0x0",
                            2009,
                            66077
                        ],
                        [
                            "sload",
                            "0x563a8a19823933e751ef690567f0351d13ee18500841743a77290b3deeac37d",
                            "0xc757acba3c0506218b3022266a9dc7f3612d85f5",
                            8652,
                            66131
                        ]
                    ],
                    "0xc757acba3c0506218b3022266a9dc7f3612d85f5": [
                        [
                            "sload",
                            "0xad77bf801726b2c83e9e3fa10f319bf2df99397a561126e8c3df0f7596519f75",
                            "0xcb80de1af223445b8073db279f284aebe9f3b71553410fc4edb90823bab36c49",
                            4575,
                            66341
                        ],
                        [
                            "sload",
                            "0xefd817bfb55c8a8dfd5a24fc104be1f1ca6df08999d3a79bb5e058d0f28505b7",
                            "0xab18",
                            4593,
                            66358
                        ]
                    ],
                    "0xd69b189020ef614796578afe4d10378c5e7e1138": [
                        [
                            "sload",
                            "0x48b880f8dbf2778f85b61c3bd2d5c3122926068026521f0268b435994e4d8fca",
                            "0x5f4ec3df9cbd43714fe2740f5e3616155c5b8419",
                            11366,
                            68243
                        ],
                        [
                            "sload",
                            "0xed353377a302389784f33d205d83f6a63612569ec74b798e4bee03eb0ac91277",
                            "0x8",
                            15212,
                            69181
                        ],
                        [
                            "sload",
                            "0xed353377a302389784f33d205d83f6a63612569ec74b798e4bee03eb0ac91277",
                            "0x8",
                            15235,
                            69197
                        ],
                        [
                            "sload",
                            "0xe293e4b088f7e9eb5d95d32477b5deccaff9fa87cfabb4656b7836cb9f8d1e0e",
                            "0x0",
                            15318,
                            69345
                        ],
                        [
                            "sload",
                            "0xe293e4b088f7e9eb5d95d32477b5deccaff9fa87cfabb4656b7836cb9f8d1e0f",
                            "0x0",
                            15326,
                            69352
                        ],
                        [
                            "sload",
                            "0xe293e4b088f7e9eb5d95d32477b5deccaff9fa87cfabb4656b7836cb9f8d1e10",
                            "0x0",
                            15338,
                            69363
                        ],
                        [
                            "sload",
                            "0xe293e4b088f7e9eb5d95d32477b5deccaff9fa87cfabb4656b7836cb9f8d1e11",
                            "0x0",
                            15349,
                            69373
                        ]
                    ],
                    "0x5f4ec3df9cbd43714fe2740f5e3616155c5b8419": [
                        [
                            "sload",
                            "0x5",
                            "0x0",
                            6661,
                            68399
                        ],
                        [
                            "sload",
                            "0x2",
                            "0xd3fcd40153e56110e6eeae13e12530e26c9cb4fd0004",
                            9144,
                            68464
                        ]
                    ],
                    "0xd3fcd40153e56110e6eeae13e12530e26c9cb4fd": [
                        [
                            "sload",
                            "0x58d8e48b3054cd3c6fcc7dd5d0bfc930d94a22f68310907382256e29b943b8e2",
                            "0x1",
                            18141,
                            68670
                        ],
                        [
                            "sload",
                            "0x2a",
                            "0x93f0a000056a1023a7927917b02b89a12d8d4cfdab21262",
                            21911,
                            68707
                        ],
                        [
                            "sload",
                            "0x39db0d1ddb1794e74d4d2bcf355b7b284f5e1c9a7efc01ef0e9eb55d2d82e49a",
                            "0x6085bfba0000000000000000000000000000000000000035c9ce30c0",
                            21970,
                            68735
                        ]
                    ]
                }
            ]
        ],
        [
            [
                "0xc011a73ee8576fb46f5e1c5751ca3b9fe0af2a6f",
                "0x2367012ab9c3da91290f71590d5ce217721eefe4",
                "0x7cd5e2d0056a7a7f09cbb86e540ef4f6dccc97dd",
                419254123576261173753
            ],
            [
                "0x97767d7d04fd0db0a1a2478dcd4ba85290556b48",
                "0xc011a73ee8576fb46f5e1c5751ca3b9fe0af2a6f",
                "0x7cd5e2d0056a7a7f09cbb86e540ef4f6dccc97dd",
                419254123576261173753
            ]
        ]
    ]
}