{
    "0x878ab051094714b7b38b490cf0628f331b430084e22ea9735d072c09acf29237": [
        [
            [
                "0x6461e964d687e7ca3082becc595d079c6c775ac8",
                "0x89afb5b7",
                "complete",
                322,
                2305,
                "staticcall",
                {
                    "0x6461e964d687e7ca3082becc595d079c6c775ac8": [
                        [
                            "sload",
                            "0x9f43fe7f4c655e385b198003e595b6958d4fa1901d8e425e54e1fda4a402dc52",
                            "0x3cc3ea9b5133432a0a20bc6eac6098b584de021a",
                            237,
                            397
                        ],
                        [
                            "sload",
                            "0x69",
                            "0x4e3b31eb0e5cb73641ee1e65e7dcefe520ba3ef2",
                            9056,
                            479
                        ],
                        [
                            "sload",
                            "0x6b",
                            "0x7cd5e2d0056a7a7f09cbb86e540ef4f6dccc97dd",
                            6102,
                            837
                        ],
                        [
                            "sload",
                            "0x69",
                            "0x4e3b31eb0e5cb73641ee1e65e7dcefe520ba3ef2",
                            6847,
                            1220
                        ],
                        [
                            "sload",
                            "0x6b",
                            "0x7cd5e2d0056a7a7f09cbb86e540ef4f6dccc97dd",
                            6102,
                            1578
                        ]
                    ],
                    "0x4e3b31eb0e5cb73641ee1e65e7dcefe520ba3ef2": [
                        [
                            "sload",
                            "0x2",
                            "0x823be81bbf96bec0e25ca13170f5aacb5b79ba83",
                            112,
                            616
                        ],
                        [
                            "sload",
                            "0x2",
                            "0x823be81bbf96bec0e25ca13170f5aacb5b79ba83",
                            112,
                            1357
                        ]
                    ],
                    "0x823be81bbf96bec0e25ca13170f5aacb5b79ba83": [
                        [
                            "sload",
                            "0xe65d8376d1030778034840425c47a73127aac9523af8a8f3b210ca3b1acbfb89",
                            "0xda4ef8520b1a57d7d63f1e249606d1a459698876",
                            1114,
                            687
                        ],
                        [
                            "sload",
                            "0x51f38688f87154c662604be3141634be357ad12d2dc09472c85be2e8f008ad89",
                            "0x97767d7d04fd0db0a1a2478dcd4ba85290556b48",
                            1114,
                            1428
                        ]
                    ],
                    "0xda4ef8520b1a57d7d63f1e249606d1a459698876": [
                        [
                            "sload",
                            "0x9fa773b59ce5bd7eda31fac62820523eec1ab751115dba6cdcd471f4a4454a3f",
                            "0xdd42ea717cb07c00947",
                            2902,
                            1074
                        ]
                    ],
                    "0x97767d7d04fd0db0a1a2478dcd4ba85290556b48": [
                        [
                            "sload",
                            "0x5",
                            "0x5b1b5fea1b99d83ad479df0c222f0492385381dd",
                            6344,
                            1807
                        ]
                    ],
                    "0x5b1b5fea1b99d83ad479df0c222f0492385381dd": [
                        [
                            "sload",
                            "0x61a83ba1c9dd1ed7aff0f2e795b1c490864715ea4a493c91292181bc982b04ef",
                            "0xcc7fe9929b98ef0c40d8",
                            788,
                            1963
                        ]
                    ]
                }
            ],
            [
                "0x6461e964d687e7ca3082becc595d079c6c775ac8",
                "0x2bdbe219",
                "complete",
                22802,
                42065,
                "staticcall",
                {
                    "0x6461e964d687e7ca3082becc595d079c6c775ac8": [
                        [
                            "sload",
                            "0x9f43fe7f4c655e385b198003e595b6958d4fa1901d8e425e54e1fda4a402dc52",
                            "0x3cc3ea9b5133432a0a20bc6eac6098b584de021a",
                            237,
                            22871
                        ],
                        [
                            "sload",
                            "0x69",
                            "0x4e3b31eb0e5cb73641ee1e65e7dcefe520ba3ef2",
                            8711,
                            23098
                        ],
                        [
                            "sload",
                            "0x69",
                            "0x4e3b31eb0e5cb73641ee1e65e7dcefe520ba3ef2",
                            8711,
                            25132
                        ],
                        [
                            "sload",
                            "0x6b",
                            "0x7cd5e2d0056a7a7f09cbb86e540ef4f6dccc97dd",
                            3749,
                            27361
                        ],
                        [
                            "sload",
                            "0x6d",
                            "0x93e01899c10532d76c0e864537a1d26433dbbddb",
                            10938,
                            27400
                        ],
                        [
                            "sload",
                            "0x6d",
                            "0x93e01899c10532d76c0e864537a1d26433dbbddb",
                            10938,
                            27930
                        ],
                        [
                            "sload",
                            "0x6d",
                            "0x93e01899c10532d76c0e864537a1d26433dbbddb",
                            8340,
                            28729
                        ],
                        [
                            "sload",
                            "0x6d",
                            "0x93e01899c10532d76c0e864537a1d26433dbbddb",
                            8054,
                            28977
                        ],
                        [
                            "sload",
                            "0x6d",
                            "0x93e01899c10532d76c0e864537a1d26433dbbddb",
                            7998,
                            29237
                        ],
                        [
                            "sload",
                            "0x6b",
                            "0x7cd5e2d0056a7a7f09cbb86e540ef4f6dccc97dd",
                            8001,
                            29239
                        ],
                        [
                            "sload",
                            "0x73",
                            "0xc02aaa39b223fe8d0a0e5c4f27ead9083c756cc2",
                            8659,
                            29835
                        ],
                        [
                            "sload",
                            "0x6d",
                            "0x93e01899c10532d76c0e864537a1d26433dbbddb",
                            10938,
                            29860
                        ],
                        [
                            "sload",
                            "0x71",
                            "0x7345544800000000000000000000000000000000000000000000000000000000",
                            8705,
                            30702
                        ],
                        [
                            "sload",
                            "0x6d",
                            "0x93e01899c10532d76c0e864537a1d26433dbbddb",
                            10938,
                            30725
                        ],
                        [
                            "sload",
                            "0x69",
                            "0x4e3b31eb0e5cb73641ee1e65e7dcefe520ba3ef2",
                            8711,
                            31564
                        ],
                        [
                            "sload",
                            "0x69",
                            "0x4e3b31eb0e5cb73641ee1e65e7dcefe520ba3ef2",
                            8711,
                            33574
                        ],
                        [
                            "sload",
                            "0x69",
                            "0x4e3b31eb0e5cb73641ee1e65e7dcefe520ba3ef2",
                            6988,
                            36184
                        ],
                        [
                            "sload",
                            "0x6b",
                            "0x7cd5e2d0056a7a7f09cbb86e540ef4f6dccc97dd",
                            7129,
                            36542
                        ],
                        [
                            "sload",
                            "0x69",
                            "0x4e3b31eb0e5cb73641ee1e65e7dcefe520ba3ef2",
                            8711,
                            39567
                        ]
                    ],
                    "0x4e3b31eb0e5cb73641ee1e65e7dcefe520ba3ef2": [
                        [
                            "sload",
                            "0x2",
                            "0x823be81bbf96bec0e25ca13170f5aacb5b79ba83",
                            112,
                            23239
                        ],
                        [
                            "sload",
                            "0x2",
                            "0x823be81bbf96bec0e25ca13170f5aacb5b79ba83",
                            112,
                            25273
                        ],
                        [
                            "sload",
                            "0x2",
                            "0x823be81bbf96bec0e25ca13170f5aacb5b79ba83",
                            112,
                            31705
                        ],
                        [
                            "sload",
                            "0x2",
                            "0x823be81bbf96bec0e25ca13170f5aacb5b79ba83",
                            112,
                            33715
                        ],
                        [
                            "sload",
                            "0x2",
                            "0x823be81bbf96bec0e25ca13170f5aacb5b79ba83",
                            112,
                            36321
                        ],
                        [
                            "sload",
                            "0x2",
                            "0x823be81bbf96bec0e25ca13170f5aacb5b79ba83",
                            112,
                            39708
                        ]
                    ],
                    "0x823be81bbf96bec0e25ca13170f5aacb5b79ba83": [
                        [
                            "sload",
                            "0xe931ecf99842d82a079c6bd06e7d927682e36c6a2e936c3ef8c9f06bc526257c",
                            "0xd69b189020ef614796578afe4d10378c5e7e1138",
                            1114,
                            23310
                        ],
                        [
                            "sload",
                            "0xe931ecf99842d82a079c6bd06e7d927682e36c6a2e936c3ef8c9f06bc526257c",
                            "0xd69b189020ef614796578afe4d10378c5e7e1138",
                            1114,
                            25344
                        ],
                        [
                            "sload",
                            "0xe931ecf99842d82a079c6bd06e7d927682e36c6a2e936c3ef8c9f06bc526257c",
                            "0xd69b189020ef614796578afe4d10378c5e7e1138",
                            1114,
                            31776
                        ],
                        [
                            "sload",
                            "0xe931ecf99842d82a079c6bd06e7d927682e36c6a2e936c3ef8c9f06bc526257c",
                            "0xd69b189020ef614796578afe4d10378c5e7e1138",
                            1114,
                            33786
                        ],
                        [
                            "sload",
                            "0x51f38688f87154c662604be3141634be357ad12d2dc09472c85be2e8f008ad89",
                            "0x97767d7d04fd0db0a1a2478dcd4ba85290556b48",
                            1114,
                            36392
                        ],
                        [
                            "sload",
                            "0xe931ecf99842d82a079c6bd06e7d927682e36c6a2e936c3ef8c9f06bc526257c",
                            "0xd69b189020ef614796578afe4d10378c5e7e1138",
                            1114,
                            39779
                        ]
                    ],
                    "0xd69b189020ef614796578afe4d10378c5e7e1138": [
                        [
                            "sload",
                            "0xbe38ea8baa83927c08fa0de97a6d7a2ca25e513e0a93e0552a2acec8df14036b",
                            "0xdc3ea94cd0ac27d9a86c180091e7f78c683d3699",
                            11366,
                            23666
                        ],
                        [
                            "sload",
                            "0xe10f30f99bb6ff1c594b8b77079bfa4b9368a05cecbaedb3eff0f71a516a926e",
                            "0x8",
                            15212,
                            24628
                        ],
                        [
                            "sload",
                            "0xe10f30f99bb6ff1c594b8b77079bfa4b9368a05cecbaedb3eff0f71a516a926e",
                            "0x8",
                            15235,
                            24644
                        ],
                        [
                            "sload",
                            "0xaed38ed8c535b37c77d81901c4396980a8c65c930ad46166e3caf3d78e9f9510",
                            "0x0",
                            15318,
                            24792
                        ],
                        [
                            "sload",
                            "0xaed38ed8c535b37c77d81901c4396980a8c65c930ad46166e3caf3d78e9f9511",
                            "0x0",
                            15326,
                            24799
                        ],
                        [
                            "sload",
                            "0xaed38ed8c535b37c77d81901c4396980a8c65c930ad46166e3caf3d78e9f9512",
                            "0x0",
                            15338,
                            24810
                        ],
                        [
                            "sload",
                            "0xaed38ed8c535b37c77d81901c4396980a8c65c930ad46166e3caf3d78e9f9513",
                            "0x0",
                            15349,
                            24820
                        ],
                        [
                            "sload",
                            "0x48b880f8dbf2778f85b61c3bd2d5c3122926068026521f0268b435994e4d8fca",
                            "0x5f4ec3df9cbd43714fe2740f5e3616155c5b8419",
                            11366,
                            25700
                        ],
                        [
                            "sload",
                            "0xed353377a302389784f33d205d83f6a63612569ec74b798e4bee03eb0ac91277",
                            "0x8",
                            15212,
                            26638
                        ],
                        [
                            "sload",
                            "0xed353377a302389784f33d205d83f6a63612569ec74b798e4bee03eb0ac91277",
                            "0x8",
                            15235,
                            26654
                        ],
                        [
                            "sload",
                            "0xe293e4b088f7e9eb5d95d32477b5deccaff9fa87cfabb4656b7836cb9f8d1e0e",
                            "0x0",
                            15318,
                            26802
                        ],
                        [
                            "sload",
                            "0xe293e4b088f7e9eb5d95d32477b5deccaff9fa87cfabb4656b7836cb9f8d1e0f",
                            "0x0",
                            15326,
                            26809
                        ],
                        [
                            "sload",
                            "0xe293e4b088f7e9eb5d95d32477b5deccaff9fa87cfabb4656b7836cb9f8d1e10",
                            "0x0",
                            15338,
                            26820
                        ],
                        [
                            "sload",
                            "0xe293e4b088f7e9eb5d95d32477b5deccaff9fa87cfabb4656b7836cb9f8d1e11",
                            "0x0",
                            15349,
                            26830
                        ],
                        [
                            "sload",
                            "0x48b880f8dbf2778f85b61c3bd2d5c3122926068026521f0268b435994e4d8fca",
                            "0x5f4ec3df9cbd43714fe2740f5e3616155c5b8419",
                            11366,
                            32132
                        ],
                        [
                            "sload",
                            "0xed353377a302389784f33d205d83f6a63612569ec74b798e4bee03eb0ac91277",
                            "0x8",
                            15212,
                            33070
                        ],
                        [
                            "sload",
                            "0xed353377a302389784f33d205d83f6a63612569ec74b798e4bee03eb0ac91277",
                            "0x8",
                            15235,
                            33086
                        ],
                        [
                            "sload",
                            "0xe293e4b088f7e9eb5d95d32477b5deccaff9fa87cfabb4656b7836cb9f8d1e0e",
                            "0x0",
                            15318,
                            33234
                        ],
                        [
                            "sload",
                            "0xe293e4b088f7e9eb5d95d32477b5deccaff9fa87cfabb4656b7836cb9f8d1e0f",
                            "0x0",
                            15326,
                            33241
                        ],
                        [
                            "sload",
                            "0xe293e4b088f7e9eb5d95d32477b5deccaff9fa87cfabb4656b7836cb9f8d1e10",
                            "0x0",
                            15338,
                            33252
                        ],
                        [
                            "sload",
                            "0xe293e4b088f7e9eb5d95d32477b5deccaff9fa87cfabb4656b7836cb9f8d1e11",
                            "0x0",
                            15349,
                            33262
                        ],
                        [
                            "sload",
                            "0x48b880f8dbf2778f85b61c3bd2d5c3122926068026521f0268b435994e4d8fca",
                            "0x5f4ec3df9cbd43714fe2740f5e3616155c5b8419",
                            11366,
                            34142
                        ],
                        [
                            "sload",
                            "0xed353377a302389784f33d205d83f6a63612569ec74b798e4bee03eb0ac91277",
                            "0x8",
                            15212,
                            35080
                        ],
                        [
                            "sload",
                            "0xed353377a302389784f33d205d83f6a63612569ec74b798e4bee03eb0ac91277",
                            "0x8",
                            15235,
                            35096
                        ],
                        [
                            "sload",
                            "0xe293e4b088f7e9eb5d95d32477b5deccaff9fa87cfabb4656b7836cb9f8d1e0e",
                            "0x0",
                            15318,
                            35244
                        ],
                        [
                            "sload",
                            "0xe293e4b088f7e9eb5d95d32477b5deccaff9fa87cfabb4656b7836cb9f8d1e0f",
                            "0x0",
                            15326,
                            35251
                        ],
                        [
                            "sload",
                            "0xe293e4b088f7e9eb5d95d32477b5deccaff9fa87cfabb4656b7836cb9f8d1e10",
                            "0x0",
                            15338,
                            35262
                        ],
                        [
                            "sload",
                            "0xe293e4b088f7e9eb5d95d32477b5deccaff9fa87cfabb4656b7836cb9f8d1e11",
                            "0x0",
                            15349,
                            35272
                        ],
                        [
                            "sload",
                            "0x48b880f8dbf2778f85b61c3bd2d5c3122926068026521f0268b435994e4d8fca",
                            "0x5f4ec3df9cbd43714fe2740f5e3616155c5b8419",
                            11366,
                            40135
                        ],
                        [
                            "sload",
                            "0xed353377a302389784f33d205d83f6a63612569ec74b798e4bee03eb0ac91277",
                            "0x8",
                            15212,
                            41073
                        ],
                        [
                            "sload",
                            "0xed353377a302389784f33d205d83f6a63612569ec74b798e4bee03eb0ac91277",
                            "0x8",
                            15235,
                            41089
                        ],
                        [
                            "sload",
                            "0xe293e4b088f7e9eb5d95d32477b5deccaff9fa87cfabb4656b7836cb9f8d1e0e",
                            "0x0",
                            15318,
                            41237
                        ],
                        [
                            "sload",
                            "0xe293e4b088f7e9eb5d95d32477b5deccaff9fa87cfabb4656b7836cb9f8d1e0f",
                            "0x0",
                            15326,
                            41244
                        ],
                        [
                            "sload",
                            "0xe293e4b088f7e9eb5d95d32477b5deccaff9fa87cfabb4656b7836cb9f8d1e10",
                            "0x0",
                            15338,
                            41255
                        ],
                        [
                            "sload",
                            "0xe293e4b088f7e9eb5d95d32477b5deccaff9fa87cfabb4656b7836cb9f8d1e11",
                            "0x0",
                            15349,
                            41265
                        ]
                    ],
                    "0xdc3ea94cd0ac27d9a86c180091e7f78c683d3699": [
                        [
                            "sload",
                            "0x5",
                            "0x0",
                            4779,
                            23832
                        ],
                        [
                            "sload",
                            "0x2",
                            "0x6ce8be8729b6ba18dd3416e3c223a5d4db5e7550003",
                            6674,
                            23901
                        ]
                    ],
                    "0x06ce8be8729b6ba18dd3416e3c223a5d4db5e755": [
                        [
                            "sload",
                            "0x326e9f95a37b07a0a23bed3682b523ed47cadd2e733a5e0dbe68cba20da9f85f",
                            "0x1",
                            18141,
                            24113
                        ],
                        [
                            "sload",
                            "0x2a",
                            "0xe5f0500003dd704139591730689b597c5b7deb88707b694",
                            21911,
                            24150
                        ],
                        [
                            "sload",
                            "0xf888bc4aac57e048182b2fa5176399ab2d3ebf05b301627776c35066d873cf24",
                            "0x60bce41c000000000000000000000000000000000000000047023756",
                            21970,
                            24178
                        ]
                    ],
                    "0x5f4ec3df9cbd43714fe2740f5e3616155c5b8419": [
                        [
                            "sload",
                            "0x5",
                            "0x0",
                            6661,
                            25856
                        ],
                        [
                            "sload",
                            "0x2",
                            "0x37bc7498f4ff12c19678ee8fe19d713b87f6a9e60005",
                            9144,
                            25921
                        ],
                        [
                            "sload",
                            "0x5",
                            "0x0",
                            6661,
                            32288
                        ],
                        [
                            "sload",
                            "0x2",
                            "0x37bc7498f4ff12c19678ee8fe19d713b87f6a9e60005",
                            9144,
                            32353
                        ],
                        [
                            "sload",
                            "0x5",
                            "0x0",
                            6661,
                            34298
                        ],
                        [
                            "sload",
                            "0x2",
                            "0x37bc7498f4ff12c19678ee8fe19d713b87f6a9e60005",
                            9144,
                            34363
                        ],
                        [
                            "sload",
                            "0x5",
                            "0x0",
                            6661,
                            40291
                        ],
                        [
                            "sload",
                            "0x2",
                            "0x37bc7498f4ff12c19678ee8fe19d713b87f6a9e60005",
                            9144,
                            40356
                        ]
                    ],
                    "0x37bc7498f4ff12c19678ee8fe19d713b87f6a9e6": [
                        [
                            "sload",
                            "0x1cb6ba260542636e5791e368c71bbdcd65364a62d31221b9c8714192f190edc3",
                            "0x1",
                            18441,
                            26127
                        ],
                        [
                            "sload",
                            "0x2a",
                            "0xf740a0000219d013fb821a27fcd8c306252e6f92e7a7fcb",
                            22258,
                            26164
                        ],
                        [
                            "sload",
                            "0x9dd1866ee1f78f4a75bd355bdd30f7ad7e2c8755447688a79eb4ab66388805a6",
                            "0x60bd1a1e000000000000000000000000000000000000003eab5d70c0",
                            22317,
                            26192
                        ],
                        [
                            "sload",
                            "0x1cb6ba260542636e5791e368c71bbdcd65364a62d31221b9c8714192f190edc3",
                            "0x1",
                            18441,
                            32559
                        ],
                        [
                            "sload",
                            "0x2a",
                            "0xf740a0000219d013fb821a27fcd8c306252e6f92e7a7fcb",
                            22258,
                            32596
                        ],
                        [
                            "sload",
                            "0x9dd1866ee1f78f4a75bd355bdd30f7ad7e2c8755447688a79eb4ab66388805a6",
                            "0x60bd1a1e000000000000000000000000000000000000003eab5d70c0",
                            22317,
                            32624
                        ],
                        [
                            "sload",
                            "0x1cb6ba260542636e5791e368c71bbdcd65364a62d31221b9c8714192f190edc3",
                            "0x1",
                            18441,
                            34569
                        ],
                        [
                            "sload",
                            "0x2a",
                            "0xf740a0000219d013fb821a27fcd8c306252e6f92e7a7fcb",
                            22258,
                            34606
                        ],
                        [
                            "sload",
                            "0x9dd1866ee1f78f4a75bd355bdd30f7ad7e2c8755447688a79eb4ab66388805a6",
                            "0x60bd1a1e000000000000000000000000000000000000003eab5d70c0",
                            22317,
                            34634
                        ],
                        [
                            "sload",
                            "0x1cb6ba260542636e5791e368c71bbdcd65364a62d31221b9c8714192f190edc3",
                            "0x1",
                            18441,
                            40562
                        ],
                        [
                            "sload",
                            "0x2a",
                            "0xf740a0000219d013fb821a27fcd8c306252e6f92e7a7fcb",
                            22258,
                            40599
                        ],
                        [
                            "sload",
                            "0x9dd1866ee1f78f4a75bd355bdd30f7ad7e2c8755447688a79eb4ab66388805a6",
                            "0x60bd1a1e000000000000000000000000000000000000003eab5d70c0",
                            22317,
                            40627
                        ]
                    ],
                    "0x93e01899c10532d76c0e864537a1d26433dbbddb": [
                        [
                            "sload",
                            "0xe",
                            "0xbda30509532732cf390bcc43d841abe9f75ad2ef",
                            1856,
                            27518
                        ],
                        [
                            "sload",
                            "0xe",
                            "0xbda30509532732cf390bcc43d841abe9f75ad2ef",
                            1856,
                            28048
                        ],
                        [
                            "sload",
                            "0xf",
                            "0x18af3",
                            1442,
                            28828
                        ],
                        [
                            "sload",
                            "0xc",
                            "0xf4240",
                            2131,
                            29085
                        ],
                        [
                            "sload",
                            "0xf9a162b9fdff8cea9adfe641c0dc2d4a460cf20b502322a3e58d906986c2215e",
                            "0x133894289f2c31e240",
                            2775,
                            29478
                        ],
                        [
                            "sload",
                            "0xe",
                            "0xbda30509532732cf390bcc43d841abe9f75ad2ef",
                            1856,
                            29978
                        ],
                        [
                            "sload",
                            "0xe",
                            "0xbda30509532732cf390bcc43d841abe9f75ad2ef",
                            1856,
                            30843
                        ]
                    ],
                    "0xbda30509532732cf390bcc43d841abe9f75ad2ef": [
                        [
                            "sload",
                            "0x6",
                            "0xf4240",
                            1842,
                            27807
                        ],
                        [
                            "sload",
                            "0x8",
                            "0x1",
                            1164,
                            28315
                        ],
                        [
                            "sload",
                            "0x8",
                            "0x1",
                            1193,
                            28339
                        ],
                        [
                            "sload",
                            "0xf3f7a9fe364faab93b216da50a3214154f22a0a2b415b23a84c8169e8b636ee3",
                            "0x400000",
                            1218,
                            28358
                        ],
                        [
                            "sload",
                            "0x7",
                            "0x1",
                            1975,
                            30259
                        ],
                        [
                            "sload",
                            "0x7",
                            "0x1",
                            2004,
                            30283
                        ],
                        [
                            "sload",
                            "0xa66cc928b5edb82af9bd49922954155ab7b0942694bea4ce44661d9a8736c688",
                            "0xc02aaa39b223fe8d0a0e5c4f27ead9083c756cc2",
                            2029,
                            30302
                        ],
                        [
                            "sload",
                            "0x7",
                            "0x1",
                            1975,
                            31124
                        ],
                        [
                            "sload",
                            "0x7",
                            "0x1",
                            2004,
                            31148
                        ],
                        [
                            "sload",
                            "0xa66cc928b5edb82af9bd49922954155ab7b0942694bea4ce44661d9a8736c688",
                            "0xc02aaa39b223fe8d0a0e5c4f27ead9083c756cc2",
                            2029,
                            31167
                        ]
                    ],
                    "0xc02aaa39b223fe8d0a0e5c4f27ead9083c756cc2": [
                        [
                            "sload",
                            "0x2",
                            "0x12",
                            2827,
                            35672
                        ]
                    ],
                    "0x97767d7d04fd0db0a1a2478dcd4ba85290556b48": [
                        [
                            "sload",
                            "0xd863e1a460888209168588082b36c7fee9664ef5b5ac4083155b46ba788df79c",
                            "0xb774711f0bc1306ce892ef8c02d0476dcccb46b7",
                            12736,
                            36862
                        ]
                    ],
                    "0xb774711f0bc1306ce892ef8c02d0476dcccb46b7": [
                        [
                            "sload",
                            "0x305e0cb22db82f955deaac098b0342395170c438cacaba395dcbcf091ef40273",
                            "0x4b9ca5607f1ff8019c1c6a3c2f0cc8de622d5b82",
                            15933,
                            37203
                        ],
                        [
                            "sload",
                            "0x305e0cb22db82f955deaac098b0342395170c438cacaba395dcbcf091ef40273",
                            "0x4b9ca5607f1ff8019c1c6a3c2f0cc8de622d5b82",
                            15933,
                            37521
                        ],
                        [
                            "sload",
                            "0xcacd88668609f89b202c4b95904142efdbeb1c68a2f82e8f2f930f220c034dce",
                            "0x9bb05ef2ca7dbaaffc3da1939d1492e6b00f39b8",
                            15933,
                            37853
                        ],
                        [
                            "sload",
                            "0x4f6a91f00b98bf359fd33bd3fa85b7f95ed0c066939a15ba46c0abc2656c209c",
                            "0xd69b189020ef614796578afe4d10378c5e7e1138",
                            15933,
                            38468
                        ]
                    ],
                    "0x4b9ca5607f1ff8019c1c6a3c2f0cc8de622d5b82": [
                        [
                            "sload",
                            "0x4a842506e93d09bbb6c24c00696e5cd84329c04907c1a346d918e1195a8ee76b",
                            "0x3b53d7f9a8b817ef8b253",
                            2669,
                            37427
                        ],
                        [
                            "sload",
                            "0x4a842506e93d09bbb6c24c00696e5cd84329c04907c1a346d918e1195a8ee76c",
                            "0x28480",
                            2675,
                            37432
                        ],
                        [
                            "sload",
                            "0x4a842506e93d09bbb6c24c00696e5cd84329c04907c1a346d918e1195a8ee76b",
                            "0x3b53d7f9a8b817ef8b253",
                            2669,
                            37753
                        ],
                        [
                            "sload",
                            "0x4a842506e93d09bbb6c24c00696e5cd84329c04907c1a346d918e1195a8ee76c",
                            "0x28480",
                            2675,
                            37758
                        ],
                        [
                            "sload",
                            "0x6",
                            "0x286e4",
                            1480,
                            38663
                        ],
                        [
                            "sload",
                            "0xf652222313e28459528d920b65115c16c04f3efc82aaedc97be59f3f377e91bf",
                            "0x108b87f03c009d27f98d8",
                            1502,
                            38680
                        ],
                        [
                            "sload",
                            "0x6",
                            "0x286e4",
                            1992,
                            38834
                        ],
                        [
                            "sload",
                            "0xf652222313e28459528d920b65115c16c04f3efc82aaedc97be59f3f377e9422",
                            "0x10cc137a4222cb556f9b8",
                            2021,
                            38855
                        ]
                    ],
                    "0x9bb05ef2ca7dbaaffc3da1939d1492e6b00f39b8": [
                        [
                            "sload",
                            "0x6",
                            "0x60bcfc47",
                            2066,
                            38002
                        ],
                        [
                            "sload",
                            "0x4",
                            "0x1bb062868c4aadab0eb2a20",
                            2069,
                            38004
                        ],
                        [
                            "sload",
                            "0x7",
                            "0x0",
                            2072,
                            38006
                        ],
                        [
                            "sload",
                            "0x563a8a19823933e751ef690567f0351d13ee18500841743a77290b3deeac37d",
                            "0xc757acba3c0506218b3022266a9dc7f3612d85f5",
                            9677,
                            38060
                        ]
                    ],
                    "0xc757acba3c0506218b3022266a9dc7f3612d85f5": [
                        [
                            "sload",
                            "0xad77bf801726b2c83e9e3fa10f319bf2df99397a561126e8c3df0f7596519f75",
                            "0xcb80de1af223445b8073db279f284aebe9f3b71553410fc4edb90823bab36c49",
                            4575,
                            38270
                        ],
                        [
                            "sload",
                            "0xefd817bfb55c8a8dfd5a24fc104be1f1ca6df08999d3a79bb5e058d0f28505b7",
                            "0xab18",
                            4593,
                            38287
                        ]
                    ]
                }
            ]
        ],
        [
            [
                "0xc011a73ee8576fb46f5e1c5751ca3b9fe0af2a6f",
                "0x6e4c282cc4e21526ce0ddc5f636a14211ff58ac2",
                "0x7cd5e2d0056a7a7f09cbb86e540ef4f6dccc97dd",
                73723058400000000000
            ],
            [
                "0x97767d7d04fd0db0a1a2478dcd4ba85290556b48",
                "0x6e4c282cc4e21526ce0ddc5f636a14211ff58ac2",
                "0x7cd5e2d0056a7a7f09cbb86e540ef4f6dccc97dd",
                73723058400000000000
            ]
        ]
    ]
}